Transport|Total,1.3956083,1.6163619,3.5490963,3.447099,3.8401458,4.5210986,3.530607,2.245065,1.3956083,1.6163619,3.5490963,3.447099,3.8401458,4.5210986,3.530607,2.245065,1.3957785,1.6238418,3.6205742,3.5151994,3.921261,4.624762,3.6014721,2.2733629,1.3957785,1.6238418,3.6205742,3.5151994,3.921261,4.624762,3.6014721,2.2733629,1.3967136,1.6649511,4.013416,3.8894784,4.3670692,5.1944947,3.9909484,2.428888,1.3967136,1.6649511,4.013416,3.8894784,4.3670692,5.1944947,3.9909484,2.428888,1.3964754,1.6544793,3.913347,3.7941382,4.2535086,5.0493665,3.8917367,2.389271,1.3964754,1.6544793,3.913347,3.7941382,4.2535086,5.0493665,3.8917367,2.389271,1.396711,1.6648314,4.0122724,3.8883889,4.365772,5.1928363,3.989815,2.428435,1.396711,1.6648314,4.0122724,3.8883889,4.365772,5.1928363,3.989815,2.428435,1.3967301,1.6656691,4.020278,3.8960164,4.3748565,5.2044463,3.9977515,2.4316046,1.3967301,1.6656691,4.020278,3.8960164,4.3748565,5.2044463,3.9977515,2.4316046,1.3969573,1.6756622,4.115772,3.9869983,4.483226,5.342941,4.092428,2.4694107,1.3969573,1.6756622,4.115772,3.9869983,4.483226,5.342941,4.092428,2.4694107,1.3964564,1.6536415,3.9053414,3.7865107,4.2444234,5.0377564,3.8838003,2.3861015,1.3964564,1.6536415,3.9053414,3.7865107,4.2444234,5.0377564,3.8838003,2.3861015,1.396696,1.6641731,4.005982,3.882396,4.3586335,5.1837144,3.9835784,2.425945,1.396696,1.6641731,4.005982,3.882396,4.3586335,5.1837144,3.9835784,2.425945,1.3968579,1.671294,4.074029,3.9472277,4.435855,5.282401,4.0510426,2.452885,1.3968579,1.671294,4.074029,3.9472277,4.435855,5.282401,4.0510426,2.452885,1.3965122,1.6560949,3.9287865,3.8088477,4.2710295,5.071758,3.9070437,2.3953831,1.3965122,1.6560949,3.9287865,3.8088477,4.2710295,5.071758,3.9070437,2.3953831,1.3964483,1.6532825,3.9019105,3.783242,4.2405295,5.03278,3.8803985,2.3847432,1.3964483,1.6532825,3.9019105,3.783242,4.2405295,5.03278,3.8803985,2.3847432
Transport|Hydrogen,0.001133067,0.001133067,0.001133067,0.001133067,0.001133067,0.001133067,0.001133067,0.001133067,0.001133067,0.001133067,0.001133067,0.001133067,0.001133067,0.001133067,0.001133067,0.001133067,0.001133067,0.001133067,0.001133067,0.001133067,0.001133067,0.001133067,0.001133067,0.001133067,0.001133067,0.001133067,0.001133067,0.001133067,0.001133067,0.001133067,0.001133067,0.001133067,0.001133067,0.001133067,0.001133067,0.001133067,0.001133067,0.001133067,0.001133067,0.001133067,0.001133067,0.001133067,0.001133067,0.001133067,0.001133067,0.001133067,0.001133067,0.001133067,0.001133067,0.001133067,0.001133067,0.001133067,0.001133067,0.001133067,0.001133067,0.001133067,0.001133067,0.001133067,0.001133067,0.001133067,0.001133067,0.001133067,0.001133067,0.001133067,0.001133067,0.001133067,0.001133067,0.001133067,0.001133067,0.001133067,0.001133067,0.001133067,0.001133067,0.001133067,0.001133067,0.001133067,0.001133067,0.001133067,0.001133067,0.001133067,0.001133067,0.001133067,0.001133067,0.001133067,0.001133067,0.001133067,0.001133067,0.001133067,0.001133067,0.001133067,0.001133067,0.001133067,0.001133067,0.001133067,0.001133067,0.001133067,0.001133067,0.001133067,0.001133067,0.001133067,0.001133067,0.001133067,0.001133067,0.001133067,0.001133067,0.001133067,0.001133067,0.001133067,0.001133067,0.001133067,0.001133067,0.001133067,0.001133067,0.001133067,0.001133067,0.001133067,0.001133067,0.001133067,0.001133067,0.001133067,0.001133067,0.001133067,0.001133067,0.001133067,0.001133067,0.001133067,0.001133067,0.001133067,0.001133067,0.001133067,0.001133067,0.001133067,0.001133067,0.001133067,0.001133067,0.001133067,0.001133067,0.001133067,0.001133067,0.001133067,0.001133067,0.001133067,0.001133067,0.001133067,0.001133067,0.001133067,0.001133067,0.001133067,0.001133067,0.001133067,0.001133067,0.001133067,0.001133067,0.001133067,0.001133067,0.001133067,0.001133067,0.001133067,0.001133067,0.001133067,0.001133067,0.001133067,0.001133067,0.001133067,0.001133067,0.001133067,0.001133067,0.001133067,0.001133067,0.001133067,0.001133067,0.001133067,0.001133067,0.001133067,0.001133067,0.001133067,0.001133067,0.001133067,0.001133067,0.001133067,0.001133067,0.001133067,0.001133067,0.001133067,0.001133067,0.001133067,0.001133067,0.001133067,0.001133067,0.001133067,0.001133067,0.001133067
Transport|Gas,0.6467557,0.6467557,0.6467557,0.6467557,0.6467557,0.6467557,0.6467557,0.6467557,0.6467557,0.6467557,0.6467557,0.6467557,0.6467557,0.6467557,0.6467557,0.6467557,0.6467557,0.6467557,0.6467557,0.6467557,0.6467557,0.6467557,0.6467557,0.6467557,0.6467557,0.6467557,0.6467557,0.6467557,0.6467557,0.6467557,0.6467557,0.6467557,0.6467557,0.6467557,0.6467557,0.6467557,0.6467557,0.6467557,0.6467557,0.6467557,0.6467557,0.6467557,0.6467557,0.6467557,0.6467557,0.6467557,0.6467557,0.6467557,0.6467557,0.6467557,0.6467557,0.6467557,0.6467557,0.6467557,0.6467557,0.6467557,0.6467557,0.6467557,0.6467557,0.6467557,0.6467557,0.6467557,0.6467557,0.6467557,0.6467557,0.6467557,0.6467557,0.6467557,0.6467557,0.6467557,0.6467557,0.6467557,0.6467557,0.6467557,0.6467557,0.6467557,0.6467557,0.6467557,0.6467557,0.6467557,0.6467557,0.6467557,0.6467557,0.6467557,0.6467557,0.6467557,0.6467557,0.6467557,0.6467557,0.6467557,0.6467557,0.6467557,0.6467557,0.6467557,0.6467557,0.6467557,0.6467557,0.6467557,0.6467557,0.6467557,0.6467557,0.6467557,0.6467557,0.6467557,0.6467557,0.6467557,0.6467557,0.6467557,0.6467557,0.6467557,0.6467557,0.6467557,0.6467557,0.6467557,0.6467557,0.6467557,0.6467557,0.6467557,0.6467557,0.6467557,0.6467557,0.6467557,0.6467557,0.6467557,0.6467557,0.6467557,0.6467557,0.6467557,0.6467557,0.6467557,0.6467557,0.6467557,0.6467557,0.6467557,0.6467557,0.6467557,0.6467557,0.6467557,0.6467557,0.6467557,0.6467557,0.6467557,0.6467557,0.6467557,0.6467557,0.6467557,0.6467557,0.6467557,0.6467557,0.6467557,0.6467557,0.6467557,0.6467557,0.6467557,0.6467557,0.6467557,0.6467557,0.6467557,0.6467557,0.6467557,0.6467557,0.6467557,0.6467557,0.6467557,0.6467557,0.6467557,0.6467557,0.6467557,0.6467557,0.6467557,0.6467557,0.6467557,0.6467557,0.6467557,0.6467557,0.6467557,0.6467557,0.6467557,0.6467557,0.6467557,0.6467557,0.6467557,0.6467557,0.6467557,0.6467557,0.6467557,0.6467557,0.6467557,0.6467557,0.6467557,0.6467557,0.6467557
Transport|Liquid petroleum products,0.0,0.0,0.0,0.0,0.0,0.0,0.0,0.0,0.0,0.0,0.0,0.0,0.0,0.0,0.0,0.0,0.0,0.0,0.0,0.0,0.0,0.0,0.0,0.0,0.0,0.0,0.0,0.0,0.0,0.0,0.0,0.0,0.0,0.0,0.0,0.0,0.0,0.0,0.0,0.0,0.0,0.0,0.0,0.0,0.0,0.0,0.0,0.0,0.0,0.0,0.0,0.0,0.0,0.0,0.0,0.0,0.0,0.0,0.0,0.0,0.0,0.0,0.0,0.0,0.0,0.0,0.0,0.0,0.0,0.0,0.0,0.0,0.0,0.0,0.0,0.0,0.0,0.0,0.0,0.0,0.0,0.0,0.0,0.0,0.0,0.0,0.0,0.0,0.0,0.0,0.0,0.0,0.0,0.0,0.0,0.0,0.0,0.0,0.0,0.0,0.0,0.0,0.0,0.0,0.0,0.0,0.0,0.0,0.0,0.0,0.0,0.0,0.0,0.0,0.0,0.0,0.0,0.0,0.0,0.0,0.0,0.0,0.0,0.0,0.0,0.0,0.0,0.0,0.0,0.0,0.0,0.0,0.0,0.0,0.0,0.0,0.0,0.0,0.0,0.0,0.0,0.0,0.0,0.0,0.0,0.0,0.0,0.0,0.0,0.0,0.0,0.0,0.0,0.0,0.0,0.0,0.0,0.0,0.0,0.0,0.0,0.0,0.0,0.0,0.0,0.0,0.0,0.0,0.0,0.0,0.0,0.0,0.0,0.0,0.0,0.0,0.0,0.0,0.0,0.0,0.0,0.0,0.0,0.0,0.0,0.0,0.0,0.0,0.0,0.0,0.0,0.0
Transport|Electricity,0.74771965,0.96847314,2.9012074,2.79921,3.192257,3.8732104,2.882718,1.5971762,0.74771965,0.96847314,2.9012074,2.79921,3.192257,3.8732104,2.882718,1.5971762,0.74788976,0.97595304,2.9726853,2.8673105,3.2733722,3.9768739,2.9535832,1.6254741,0.74788976,0.97595304,2.9726853,2.8673105,3.2733722,3.9768739,2.9535832,1.6254741,0.7488249,1.0170624,3.3655267,3.2415895,3.7191806,4.546606,3.3430595,1.780999,0.7488249,1.0170624,3.3655267,3.2415895,3.7191806,4.546606,3.3430595,1.780999,0.74858665,1.0065906,3.265458,3.1462493,3.60562,4.401478,3.2438478,1.7413821,0.74858665,1.0065906,3.265458,3.1462493,3.60562,4.401478,3.2438478,1.7413821,0.7488222,1.0169427,3.3643832,3.2405,3.717883,4.5449476,3.341926,1.7805463,0.7488222,1.0169427,3.3643832,3.2405,3.717883,4.5449476,3.341926,1.7805463,0.7488412,1.0177804,3.3723888,3.2481275,3.7269678,4.5565577,3.3498626,1.7837155,0.7488412,1.0177804,3.3723888,3.2481275,3.7269678,4.5565577,3.3498626,1.7837155,0.74906856,1.0277735,3.467883,3.3391094,3.8353376,4.6950517,3.444539,1.8215216,0.74906856,1.0277735,3.467883,3.3391094,3.8353376,4.6950517,3.444539,1.8215216,0.74856764,1.0057528,3.2574525,3.1386218,3.5965347,4.389868,3.2359114,1.7382127,0.74856764,1.0057528,3.2574525,3.1386218,3.5965347,4.389868,3.2359114,1.7382127,0.7488072,1.0162845,3.3580928,3.234507,3.7107449,4.5358253,3.3356895,1.7780561,0.7488072,1.0162845,3.3580928,3.234507,3.7107449,4.5358253,3.3356895,1.7780561,0.7489692,1.0234053,3.4261398,3.2993388,3.7879667,4.6345124,3.4031534,1.8049957,0.7489692,1.0234053,3.4261398,3.2993388,3.7879667,4.6345124,3.4031534,1.8049957,0.74862343,1.0082062,3.2808976,3.1609588,3.6231408,4.423869,3.2591548,1.7474943,0.74862343,1.0082062,3.2808976,3.1609588,3.6231408,4.423869,3.2591548,1.7474943,0.7485595,1.0053937,3.2540216,3.135353,3.5926409,4.384892,3.2325096,1.7368544,0.7485595,1.0053937,3.2540216,3.135353,3.5926409,4.384892,3.2325096,1.7368544
Residential heating|Total,7.886801,7.886801,7.886801,7.886801,7.501563,7.67822,7.565795,7.886801,5.954378,6.0859118,7.549523,6.7451334,5.129347,3.9975977,4.727891,6.0147333,4.8189125,5.270863,7.190187,5.851817,4.676875,5.16658,4.6731615,5.0236664,7.07631,7.3169017,7.549523,5.477542,6.0620837,3.9913907,5.0038843,6.701138,2.458773,2.8120184,4.794969,2.7805476,1.8931581,2.2894838,2.726798,2.6703973,3.3947957,2.3556724,5.7873573,4.884907,4.2945476,1.5222136,2.220551,2.4095025,6.0982447,7.121361,7.3247952,3.9242074,6.0321007,2.9402509,3.1822712,3.5918252,5.0877304,6.145757,7.090167,6.2360735,5.885664,3.8203363,5.0512524,6.6486616,6.1410108,4.3915033,5.8338637,2.5040526,3.6187992,0.9856734,2.305323,4.3050804,2.7211,0.78077614,4.647167,1.6579249,3.366807,2.1381369,0.24868672,1.0502698,0.0,0.0,0.86391056,1.7909025,2.304047,1.1974275,0.7532084,0.46056524,0.0,0.0,1.0626311,1.476553,3.2464252,1.1104883,0.75941974,0.12967172,0.0,0.06079279,1.5665976,2.8599393,0.46875098,0.8383391,0.9346155,0.15440394,0.0,0.0,0.42948917,1.2625271,2.9338999,0.9915548,0.24950033,0.36699408,0.035395592,0.0,1.09549,2.5784435,3.2016163,0.27169362,0.7642974,0.14644787,0.10130644,0.17691362,0.8912062,2.6307201,2.96143,0.29235703,0.5676192,0.7316376,0.0,0.020280862,0.813971,1.0137396,1.935944,0.48422718,0.28918338,0.0,0.0,0.0,1.1363844,1.502909,3.3030763,1.0105125,0.4301229,0.0,2.4979024,0.9840951,4.008028,1.6093094,4.180114,0.7704365,1.2973154,1.9308693,2.4704192,1.4335887,3.721023,3.2094312,1.1363518,1.5096719,0.74526054,0.0,2.6266923,2.1164036,5.197335,5.068788,3.1246715,3.138178,2.5609014,2.4496117,4.547354,5.5958157,6.8530765,5.61156,5.4901686,4.7002954,4.28496,4.4812717,5.3773746,6.3828154,7.29056,5.992491,5.9159813,5.517335,4.892797,5.723693,6.313813,7.267038,7.549523,7.2691455,6.2712655,6.418878,6.2656255,7.012883
Residential heating|Biomass,4.1767445,4.1767445,4.1767445,4.1767445,3.7258806,3.9681637,3.8557389,4.1767445,3.1143482,3.183145,4.1767445,3.4745402,2.3806467,1.373445,2.4728525,2.892494,2.5204597,2.756846,3.8128529,3.0607052,2.0869603,2.5228531,2.444227,2.5645654,3.7035317,3.9441233,4.1767445,2.1657603,0.8026932,1.5579287,2.6172068,3.6001046,1.2860243,1.4707841,2.1443477,1.0717956,0.9051617,1.0499374,1.4262109,1.3967113,1.775597,1.9229279,3.0269907,0.9177236,0.0,0.0,1.161426,1.2602541,3.1895952,4.0499377,3.952017,1.6950312,1.6098905,1.072657,1.6644393,1.8786502,3.0784442,3.5778928,3.4256122,1.8561355,0.0,1.0827914,2.6419816,3.4774828,3.2119634,2.926834,2.9878674,0.6667293,0.0,0.0,1.2057645,2.2517076,1.5689836,0.6128643,2.4267702,0.0,0.0,0.0,0.0,0.361336,0.0,0.0,0.0,0.0,0.0,0.0,0.08547206,0.24089174,0.0,0.0,0.0,0.0,0.0,0.029969284,0.39720312,0.067822844,0.0,0.0,0.57546294,0.0,0.0,0.43848068,0.48883662,0.08075866,0.0,0.0,0.0,0.0,0.0,0.0,0.0,0.0,0.0,0.0,0.67210793,0.0,0.0,0.0,0.39975432,0.07659736,0.052986816,0.016522788,0.0,0.0,0.0,0.000511,0.0,0.38267207,0.0,0.0,0.0,0.0,0.0,0.0,0.0,0.0,0.0,0.0,1.0987293,0.0,0.0,0.42775607,0.22496934,0.0,1.3064904,0.77682316,2.1921532,0.5152881,0.0,0.0,0.67854136,1.0099123,1.2921157,1.4335887,1.9504994,0.427553,0.27703923,0.4237384,0.38979733,0.0,1.373852,1.99331,2.4786544,0.0,1.3147357,1.6244562,1.3394411,1.2812326,2.3784254,2.9268074,3.5843987,2.824587,2.8715503,2.458419,2.241184,2.343862,2.8125553,3.338436,3.9124556,3.1247516,2.6645195,2.885759,2.5591042,2.8775098,3.3023453,3.8942597,4.1767445,3.8894083,3.1217797,3.357298,2.892847,3.6401048
Residential heating|Gas,0.0,0.0,0.0,0.0,0.0,0.0,0.0,0.0,0.0,0.0,0.0,0.0,0.0,0.0,0.0,0.0,0.0,0.0,0.0,0.0,0.0,0.0,0.0,0.0,0.0,0.0,0.0,0.0,0.0,0.0,0.0,0.0,0.0,0.0,0.0,0.0,0.0,0.0,0.0,0.0,0.0,0.0,0.0,0.0,0.0,0.0,0.0,0.0,0.0,0.0,0.0,0.0,0.0,0.0,0.0,0.0,0.0,0.0,0.0,0.0,0.0,0.0,0.0,0.0,0.0,0.0,0.0,0.0,0.0,0.0,0.0,0.0,0.0,0.0,0.0,0.0,0.0,0.0,0.0,0.0,0.0,0.0,0.0,0.0,0.0,0.0,0.0,0.0,0.0,0.0,0.0,0.0,0.0,0.0,0.0,0.0,0.0,0.0,0.0,0.0,0.0,0.0,0.0,0.0,0.0,0.0,0.0,0.0,0.0,0.0,0.0,0.0,0.0,0.0,0.0,0.0,0.0,0.0,0.0,0.0,0.0,0.0,0.0,0.0,0.0,0.0,0.0,0.0,0.0,0.0,0.0,0.0,0.0,0.0,0.0,0.0,0.0,0.0,0.0,0.0,0.0,0.0,0.0,0.0,0.0,0.0,0.0,0.0,0.0,0.0,0.0,0.0,0.0,0.0,0.0,0.0,0.0,0.0,0.0,0.0,0.0,0.0,0.0,0.0,0.0,0.0,0.0,0.0,0.0,0.0,0.0,0.0,0.0,0.0,0.0,0.0,0.0,0.0,0.0,0.0,0.0,0.0,0.0,0.0,0.0,0.0,0.0,0.0,0.0,0.0,0.0,0.0
Residential heating|Liquid petroleum products,0.0,0.0,0.0,0.0,0.0,0.0,0.0,0.0,0.0,0.0,0.0,0.0,0.0,0.0,0.0,0.0,0.0,0.0,0.0,0.0,0.0,0.0,0.0,0.0,0.0,0.0,0.0,0.0,0.0,0.0,0.0,0.0,0.0,0.0,0.0,0.0,0.0,0.0,0.0,0.0,0.0,0.0,0.0,0.0,0.0,0.0,0.0,0.0,0.0,0.0,0.0,0.0,0.0,0.0,0.0,0.0,0.0,0.0,0.0,0.0,0.0,0.0,0.0,0.0,0.0,0.0,0.0,0.0,0.0,0.0,0.0,0.0,0.0,0.0,0.0,0.0,0.0,0.0,0.0,0.0,0.0,0.0,0.0,0.0,0.0,0.0,0.0,0.0,0.0,0.0,0.0,0.0,0.0,0.0,0.0,0.0,0.0,0.0,0.0,0.0,0.0,0.0,0.0,0.0,0.0,0.0,0.0,0.0,0.0,0.0,0.0,0.0,0.0,0.0,0.0,0.0,0.0,0.0,0.0,0.0,0.0,0.0,0.0,0.0,0.0,0.0,0.0,0.0,0.0,0.0,0.0,0.0,0.0,0.0,0.0,0.0,0.0,0.0,0.0,0.0,0.0,0.0,0.0,0.0,0.0,0.0,0.0,0.0,0.0,0.0,0.0,0.0,0.0,0.0,0.0,0.0,0.0,0.0,0.0,0.0,0.0,0.0,0.0,0.0,0.0,0.0,0.0,0.0,0.0,0.0,0.0,0.0,0.0,0.0,0.0,0.0,0.0,0.0,0.0,0.0,0.0,0.0,0.0,0.0,0.0,0.0,0.0,0.0,0.0,0.0,0.0,0.0
Residential heating|Heat pumps|Total,3.3727782,3.3727782,3.3727782,3.3727782,3.3727782,3.3727782,3.3727782,3.3727782,2.84003,2.9027672,3.3727782,3.2171926,2.446519,1.9067142,2.2550387,3.122239,2.2984524,2.514017,3.3727782,2.791112,2.2307057,2.4642777,2.2289343,2.4591012,3.3727782,3.3727782,3.3727782,2.6125956,3.3727782,1.9037536,2.3866777,3.1010332,1.1727486,1.3412344,2.2870324,1.3262239,0.9029702,1.0920036,1.3005874,1.2736862,1.6191988,0.43274438,2.760367,3.080113,2.042153,0.7472829,1.0591252,1.1492484,2.9086492,3.071423,3.3727782,1.8717096,3.3727782,1.4023967,1.517832,1.7131748,2.009286,2.5678644,3.3727782,2.9620805,3.3727782,1.8118463,2.4092705,3.1711788,2.929047,1.464669,2.782549,1.0264336,2.446704,0.28261942,1.0995584,2.0533726,0.98420465,0.0,2.0486245,0.78715223,1.120577,1.0293115,0.0807749,0.5210221,0.0,0.0,0.50304526,1.085841,0.3940996,0.60601217,0.66773635,0.2196735,0.0,0.0,0.6176886,0.35304612,1.1629531,0.862707,0.36221665,0.061848868,0.0,0.06079279,0.551141,1.3748467,0.38274437,0.39985842,0.4457789,0.07364527,0.0,0.0,0.0,0.38755587,1.2765142,0.352381,0.24950033,0.36699408,0.035395592,0.0,0.07988619,0.7282777,2.3428822,0.26779565,0.36454314,0.069850504,0.04831963,0.16039082,0.64105034,0.823964,1.1431112,0.1807403,0.5676192,0.34896553,0.0,0.020280862,0.46313375,0.46944842,0.54177916,0.41274935,0.28918338,0.0,0.0,0.0,0.037655205,1.2901396,1.5742974,0.45809174,0.20515358,0.0,1.191412,0.20727196,1.8096321,0.55623275,2.6851993,0.31664875,0.61877406,0.9209571,1.1783035,0.0,1.5551724,2.566125,0.51359236,0.72006065,0.3554632,0.0,1.2528403,0.12309371,2.4789467,3.3727782,1.5315232,1.4864807,1.2214603,1.1683791,2.1689289,2.6690083,3.2686777,2.6765177,2.6186182,2.2418766,2.043776,2.13741,2.5648196,3.0443797,3.3727782,2.8582082,2.8217158,2.6315756,2.333693,2.8461828,3.011468,3.3727782,3.3727782,3.3727782,3.0409722,3.0615802,3.3727782,3.3727782
Residential heating|Heat pumps|Air source,1.6936601,1.6936601,1.6936601,1.6936601,1.6936601,1.6936601,1.6936601,1.6936601,1.4261376,1.4576414,1.6936601,1.6155319,1.2285336,0.9574676,1.1323807,1.5678506,1.1541812,1.2624283,1.6936601,1.4015732,1.1201619,1.2374513,1.1192724,1.234852,1.6936601,1.6936601,1.6936601,1.3119301,1.6936601,0.95598096,1.1984841,1.5572019,0.58890253,0.67350864,1.1484466,0.66597104,0.45343173,0.54835594,0.6530975,0.6395889,0.8130901,0.2173051,1.3861343,1.6936601,0.87851524,0.37525246,0.53184587,0.5771017,1.4605951,1.5423329,1.6936601,0.93988985,1.6936601,0.70422167,0.7621882,0.8602807,1.4096963,0.88874626,1.6936601,1.6560616,1.6936601,0.90982914,1.2098292,1.592426,1.4708381,0.735492,1.3972731,0.5997475,1.3129444,0.14191897,0.5521496,1.031113,0.66285986,0.0,1.1130465,0.45968407,1.120577,0.19219737,0.0807749,0.34595215,0.0,0.0,0.0,0.83141685,0.19296654,0.30431253,0.3353077,0.11031032,0.0,0.0,0.0,0.26160204,0.96657103,0.43321335,0.18188919,0.031057768,0.0,0.0,0.0,1.0318162,0.19219731,0.20079122,0.22385046,0.0369814,0.0,0.0,0.0,0.27893132,0.7253269,0.17695017,0.12528804,0.18428822,0.017774103,0.0,0.040115315,0.3657089,1.1781979,0.13447514,0.18305744,0.03507584,0.024263982,0.0,0.0,0.4137583,1.0266657,0.09075979,0.2801004,0.17523506,0.0,0.0,0.0,0.23573625,0.54177916,0.20726448,0.14521512,0.0,0.0,0.0,0.01890878,1.0668296,0.37156412,0.23003343,0.103019066,0.0,0.59827447,0.20727196,1.0067004,0.078143224,1.3483883,0.15900701,0.31072098,0.46246395,0.591692,0.0,0.78093886,1.2885946,0.25790337,0.36158264,0.17849791,0.0,0.629121,0.061812222,1.2448175,1.6936601,0.7690633,0.7464449,0.6133634,0.5867083,1.0891402,1.340258,1.6413854,1.344029,1.3149544,1.1257713,1.026294,1.0733128,1.2879391,1.5287529,1.6936601,1.4352659,1.416941,1.321461,1.1718775,1.4292272,1.5122261,1.6936601,1.6936601,1.6936601,1.5270419,1.5373904,1.6936601,1.6936601
Residential heating|Heat pumps|Ground source,1.679118,1.679118,1.679118,1.679118,1.679118,1.679118,1.679118,1.679118,1.4138924,1.4451257,1.679118,1.6016606,1.2179852,0.9492466,1.1226579,1.5543886,1.1442713,1.2515888,1.679118,1.3895389,1.110544,1.2268263,1.109662,1.2242492,1.679118,1.679118,1.679118,1.3006656,1.679118,0.9477727,1.1881937,1.5438315,0.5838461,0.66772574,1.1385858,0.66025287,0.44953847,0.54364765,0.64748985,0.6340972,0.8061087,0.21543927,1.3742326,1.3864527,1.1636375,0.37203047,0.5272793,0.5721466,1.4480541,1.52909,1.679118,0.93181974,1.679118,0.6981751,0.75564384,0.8528942,0.59958965,1.679118,1.679118,1.3060187,1.679118,0.9020172,1.1994413,1.578753,1.4582092,0.72917694,1.3852758,0.42668614,1.1337594,0.14070043,0.5474087,1.0222596,0.3213448,0.0,0.93557787,0.32746816,0.0,0.8371142,0.0,0.17506991,0.0,0.0,0.50304526,0.25442404,0.20113307,0.30169964,0.33242866,0.109363176,0.0,0.0,0.6176886,0.09144407,0.19638215,0.42949367,0.18032745,0.0307911,0.0,0.06079279,0.551141,0.3430304,0.19054706,0.19906719,0.22192843,0.03666387,0.0,0.0,0.0,0.10862455,0.5511873,0.17543083,0.12421229,0.18270588,0.017621491,0.0,0.039770875,0.36256883,1.1646843,0.13332051,0.18148568,0.03477467,0.024055647,0.16039082,0.64105034,0.4102057,0.11644549,0.08998051,0.2875188,0.17373046,0.0,0.020280862,0.46313375,0.23371217,0.0,0.20548487,0.14396827,0.0,0.0,0.0,0.018746426,0.22331001,1.2027333,0.22805831,0.10213452,0.0,0.59313756,0.0,0.80293167,0.4780895,1.3368108,0.15764174,0.30805308,0.45849314,0.58661157,0.0,0.7742336,1.2775304,0.25568897,0.358478,0.17696528,0.0,0.6237193,0.06128149,1.2341292,1.679118,0.76246,0.7400358,0.60809696,0.5816707,1.0797887,1.3287503,1.6272922,1.3324888,1.3036638,1.1161052,1.0174819,1.0640972,1.2768805,1.5156267,1.679118,1.4229424,1.4047749,1.3101146,1.1618155,1.4169556,1.4992418,1.679118,1.679118,1.679118,1.5139304,1.52419,1.679118,1.679118
Residential heating|Electric heater,0.33727783,0.33727783,0.33727783,0.33727783,0.33727783,0.33727783,0.33727783,0.33727783,0.0,0.0,0.0,0.0,0.0,0.0,0.0,0.0,0.0,0.0,0.0,0.0,0.0,0.0,0.0,0.0,0.0,0.0,0.0,0.0,0.0,0.0,0.0,0.0,0.0,0.0,0.0,0.0,0.0,0.0,0.0,0.0,0.0,0.0,0.0,0.0,0.0,0.0,0.0,0.0,0.0,0.0,0.0,0.0,0.0,0.0,0.0,0.0,0.0,0.0,0.0,0.16791181,0.16791181,0.0,0.0,0.0,0.0,0.0,0.0,0.16791181,0.16791181,0.0,0.0,0.0,0.16791181,0.16791181,0.16791181,0.16791181,0.16791181,0.16791181,0.16791181,0.16791181,0.0,0.0,0.0,0.0,0.0,0.0,0.0,0.0,0.0,0.0,0.0,0.16791181,0.07556902,0.0,0.0,0.0,0.0,0.0,0.0,0.0,0.0,0.0,0.0,0.0,0.0,0.0,0.0,0.16791181,0.16791181,0.0,0.0,0.0,0.0,0.0,0.0,0.0,0.003397239,0.0,0.0,0.0,0.0,0.0,0.0,0.0,0.0,0.0,0.0,0.0,0.0,0.0,0.0,0.0,0.0,0.0,0.0,0.0,0.0,0.0,0.0,0.0,0.0,0.0,0.0,0.0,0.0,0.0,0.0,0.0,0.0,0.0,0.0,0.0,0.0,0.0,0.0,0.0,0.0,0.0,0.0,0.0,0.0,0.0,0.0,0.0,0.0,0.0,0.0,0.0,0.0,0.0,0.0,0.0,0.0,0.0,0.0,0.0,0.0,0.0,0.0,0.0,0.0,0.0,0.0,0.0,0.0,0.0,0.0,0.0,0.0,0.0,0.0,0.0
Residential heating|Solar thermal,0.0,0.0,0.0,0.0,0.06562611,0.0,0.0,0.0,0.0,0.0,0.0,0.053400643,0.30218104,0.7174385,0.0,0.0,0.0,0.0,0.004555916,0.0,0.3592093,0.17944887,0.0,0.0,0.0,0.0,0.0,0.69918585,1.8866123,0.52970827,0.0,0.0,0.0,0.0,0.36358893,0.3825282,0.08502632,0.14754279,0.0,0.0,0.0,0.0,0.0,0.8870701,2.2523947,0.77493066,0.0,0.0,0.0,0.0,0.0,0.35746667,1.0494319,0.46519715,0.0,0.0,0.0,0.0,0.29177663,1.2499459,2.3449738,0.92569864,0.0,0.0,0.0,0.0,0.06344765,0.6429779,1.0041839,0.703054,0.0,0.0,0.0,0.0,0.00386083,0.7028609,2.0783184,0.9409135,0.0,0.0,0.0,0.0,0.36086532,0.70506155,1.9099475,0.5914154,0.0,0.0,0.0,0.0,0.44494253,0.955595,2.007903,0.21781199,0.0,0.0,0.0,0.0,0.43999365,1.4850926,0.08600662,0.0,0.0,0.0,0.0,0.0,0.42948917,0.70705944,1.4894738,0.6391738,0.0,0.0,0.0,0.0,0.34349588,1.8501658,0.85533684,0.003897961,0.0,0.0,0.0,0.0,0.25015587,1.8067561,1.818319,0.11110553,0.0,0.0,0.0,0.0,0.35083723,0.5442912,1.3941648,0.071477816,0.0,0.0,0.0,0.0,0.0,0.21276936,1.7287788,0.12466468,0.0,0.0,0.0,0.0,0.006242864,0.5377886,1.4949148,0.45378774,0.0,0.0,0.0,0.0,0.21535127,0.21575318,0.3457203,0.36587283,0.0,0.0,0.0,0.0,0.2397335,1.6960099,0.27841258,0.027241223,0.0,0.0,0.0,0.0,0.0,0.1104552,0.0,0.0,0.0,0.0,0.0,0.0,0.005325878,0.00953078,0.42974553,0.0,0.0,0.0,0.0,0.0,0.0,0.006958761,0.10851314,0.0,0.0,0.0
Distric heating|Total,1.4530149,1.4530149,1.4530149,1.4530149,1.4379764,1.4501429,1.4530149,1.451866,1.4472188,1.4328592,1.4193588,1.4252877,1.4305518,1.3996831,1.4530149,1.451866,1.4472188,1.4328592,1.4339156,1.4440575,1.4263126,1.4396752,1.4530149,1.4530149,1.4556551,1.4546857,1.4530149,1.4539286,1.3127711,1.4843448,1.4870341,1.4850236,1.4796193,1.4546857,1.425987,1.4493461,1.4689147,1.4843448,1.4870341,1.4850236,1.4694134,1.4546857,1.4530149,1.2381485,1.2631056,1.3954093,1.4530149,1.4530149,1.4530149,1.4530149,1.4530149,1.4264421,1.3750039,1.2418897,1.2266746,1.4530149,1.2318094,1.4151144,1.4313252,1.1934114,1.2437015,1.109129,1.4530149,1.4530149,1.1044034,1.0794699,1.1261754,1.3584893,1.2185118,1.1790731,1.1118181,1.2305053,1.4009675,1.3872123,1.362112,1.3855636,1.2985203,1.3830708,1.423003,1.410732,1.121191,1.1046383,1.2058307,0.9508236,1.1345584,1.1424432,1.1432265,1.1309556,1.121191,1.2441056,1.0663636,0.9508236,1.1345584,1.1424432,1.1432265,1.1309556,1.121191,1.1046383,1.0663636,1.105787,1.1345584,1.1424432,1.1432265,1.1309556,1.121191,1.1046383,1.2058307,0.9508236,1.1345584,1.1424432,1.1432265,1.1309556,1.121191,1.1046383,1.2058307,0.9508236,1.1345584,1.1424432,1.1432265,1.1309556,1.1044034,1.0794699,1.1769288,1.0787127,0.9387355,1.109129,1.1118181,1.1098077,1.1044034,1.0794699,1.1769288,1.0787127,0.9387355,1.109129,1.1118181,1.1098077,1.1640121,1.1390786,1.0970703,1.1383214,1.1533077,1.1687376,1.1714269,1.1694165,1.4796193,1.4546857,1.533375,1.4726982,1.0535917,1.4843448,1.4870341,1.4850236,1.4796193,1.4546857,1.4557934,1.1289709,1.4689147,1.4843448,1.4870341,1.4850236,1.4796193,1.4546857,1.4351939,1.2604973,1.2345575,1.4509898,1.4530149,1.4530149,1.4472188,1.4328592,1.4005892,1.4252877,1.4379764,1.4501429,1.4530149,1.451866,1.4472188,1.4328592,1.4005892,1.4405043,1.4210691,1.4501429,1.4530149,1.451866,1.4472188,1.4328592,1.4151825,1.4252877,1.4379764,1.4501429,1.4530149,1.451866
Distric heating|Geothermal,0.0,0.0,0.0,0.0,0.0,0.0,0.0,0.0,0.0,0.0,0.0,0.0,0.0,0.0,0.0,0.0,0.0,0.0,0.0,0.0,0.0,0.0,0.0,0.0,0.0,0.0,0.0,0.0,0.0,0.0,0.0,0.0,0.0,0.0,0.0,0.0,0.0,0.0,0.0,0.0,0.0,0.0,0.0,0.0,0.0,0.0,0.0,0.0,0.0,0.0,0.0,0.0,0.0,0.0,0.0,0.0,0.0,0.0,0.0,0.0,0.0,0.0,0.0,0.0,0.0,0.0,0.0,0.0,0.0,0.0,0.0,0.0,0.0,0.0,0.0,0.0,0.0,0.0,0.0,0.0,0.0,0.0,0.0,0.0,0.0,0.0,0.0,0.0,0.0,0.0,0.0,0.0,0.0,0.0,0.0,0.0,0.0,0.0,0.0,0.0,0.0,0.0,0.0,0.0,0.0,0.0,0.0,0.0,0.0,0.0,0.0,0.0,0.0,0.0,0.0,0.0,0.0,0.0,0.0,0.0,0.0,0.0,0.0,0.0,0.0,0.0,0.0,0.0,0.0,0.0,0.0,0.0,0.0,0.0,0.0,0.0,0.0,0.0,0.0,0.0,0.0,0.0,0.0,0.0,0.0,0.0,0.0,0.0,0.0,0.0,0.0,0.0,0.0,0.0,0.0,0.0,0.0,2.03e-13,0.0,0.0,0.0,0.0,0.0,0.0,0.0,0.0,0.0,0.0,0.0,0.0,0.0,0.0,0.0,0.0,0.0,0.0,0.0,0.0,0.0,0.0,0.0,0.0,0.0,0.0,0.0,0.0,0.0,0.0,0.0,0.0,0.0,0.0
Distric heating|CHP|Total,1.4530149,1.4530149,1.4530149,1.4530149,1.4379764,1.4501429,1.4530149,1.451866,1.4472188,1.4328592,1.4193588,1.4252877,1.4305518,1.3996831,1.4530149,1.451866,1.4472188,1.4328592,1.4339156,1.4440575,1.4263126,1.4396752,1.4530149,1.4530149,1.4556551,1.4546857,1.4530149,1.4539286,1.3127711,1.4843448,1.4870341,1.4850236,1.4796193,1.4546857,1.425987,1.4493461,1.4689147,1.4843448,1.4870341,1.4850236,1.4694134,1.4546857,1.4530149,1.2381485,1.2631056,1.3954093,1.4530149,1.4530149,1.4530149,1.4530149,1.4530149,1.4264421,1.3750039,1.2418897,1.2266746,1.4530149,1.2318094,1.4151144,1.4313252,1.1934114,1.2437015,1.109129,1.4530149,1.4530149,1.1044034,1.0794699,1.1261754,1.3584893,1.2185118,1.1790731,1.1118181,1.2305053,1.4009675,1.3872123,1.362112,1.3855636,1.2985203,1.3830708,1.423003,1.410732,1.121191,1.1046383,1.2058307,0.9508236,1.1345584,1.1424432,1.1432265,1.1309556,1.121191,1.2441056,1.0663636,0.9508236,1.1345584,1.1424432,1.1432265,1.1309556,1.121191,1.1046383,1.0663636,1.105787,1.1345584,1.1424432,1.1432265,1.1309556,1.121191,1.1046383,1.2058307,0.9508236,1.1345584,1.1424432,1.1432265,1.1309556,1.121191,1.1046383,1.2058307,0.9508236,1.1345584,1.1424432,1.1432265,1.1309556,1.1044034,1.0794699,1.1769288,1.0787127,0.9387355,1.109129,1.1118181,1.1098077,1.1044034,1.0794699,1.1769288,1.0787127,0.9387355,1.109129,1.1118181,1.1098077,1.1640121,1.1390786,1.0970703,1.1383214,1.1533077,1.1687376,1.1714269,1.1694165,1.4796193,1.4546857,1.533375,1.4726982,1.0535917,1.4843448,1.4870341,1.4850236,1.4796193,1.4546857,1.4557934,1.1289709,1.4689147,1.4843448,1.4870341,1.4850236,1.4796193,1.4546857,1.4351939,1.2604973,1.2345575,1.4509898,1.4530149,1.4530149,1.4472188,1.4328592,1.4005892,1.4252877,1.4379764,1.4501429,1.4530149,1.451866,1.4472188,1.4328592,1.4005892,1.4405043,1.4210691,1.4501429,1.4530149,1.451866,1.4472188,1.4328592,1.4151825,1.4252877,1.4379764,1.4501429,1.4530149,1.451866
Distric heating|CHP|Gas,0.47815946,0.47815946,0.47815946,0.47815946,0.47815946,0.47815946,0.47815946,0.47815946,0.47815946,0.47815946,0.47815946,0.47815946,0.47815946,0.47815946,0.47815946,0.47815946,0.47815946,0.47815946,0.47815946,0.47815946,0.47815946,0.47815946,0.47815946,0.47815946,0.47815946,0.47815946,0.47815946,0.47815946,0.47697914,0.47815946,0.47815946,0.47815946,0.47815946,0.47815946,0.47815946,0.47815946,0.47815946,0.47815946,0.47815946,0.47815946,0.47815946,0.47815946,0.47815946,0.21779992,0.21779992,0.47815946,0.47815946,0.47815946,0.45155507,0.47648853,0.47815946,0.45067292,0.21779992,0.23570439,0.21779992,0.44615063,0.12740597,0.3356444,0.25568855,0.0,0.0,0.0,0.3411967,0.22250952,0.0,0.0,0.0,0.0,0.0,0.0,0.0,0.0,0.0,0.0,0.0,0.0,0.0,0.0,0.0,0.0,0.0,0.0,0.0,0.0,0.0,0.0,0.0,0.0,0.0,0.0,0.0,0.0,0.0,0.0,0.0,0.0,0.0,0.0,0.0,0.0,0.0,0.0,0.0,0.0,0.0,0.0,0.0,0.0,0.0,0.0,0.0,0.0,0.0,0.0,0.0,0.0,0.0,0.0,0.0,0.0,0.0,0.0,0.0,0.0,0.0,0.0,0.0,0.0,0.0,0.0,0.0,0.0,0.0,0.0,0.0,0.0,0.11303491,0.11303491,0.11303491,0.11303491,0.11303491,0.11303491,0.11303491,0.11303491,0.47815946,0.47815946,0.47815946,0.47815946,0.21779992,0.47815946,0.47815946,0.47815946,0.47815946,0.47815946,0.46313703,0.21779992,0.47815946,0.47815946,0.47815946,0.47815946,0.47815946,0.47815946,0.47815946,0.21779992,0.24380215,0.47815946,0.47815946,0.47815946,0.47815946,0.47815946,0.47815946,0.47815946,0.47815946,0.47815946,0.47815946,0.47815946,0.47815946,0.47815946,0.47815946,0.47815946,0.47815946,0.47815946,0.47815946,0.47815946,0.47815946,0.47815946,0.47815946,0.47815946,0.47815946,0.47815946,0.47815946,0.47815946
Distric heating|CHP|Oil,0.0,0.0,0.0,0.0,0.0,0.0,0.0,0.0,0.0,0.0,0.0,0.0,0.0,0.0,0.0,0.0,0.0,0.0,0.0,0.0,0.0,0.0,0.0,0.0,0.0,0.0,0.0,0.0,0.0,0.0,0.0,0.0,0.0,0.0,0.0,0.0,0.0,0.0,0.0,0.0,0.0,0.0,0.0,0.0,0.0,0.0,0.0,0.0,0.0,0.0,0.0,0.0,0.0,0.0,0.0,0.0,0.0,0.0,0.0,0.0,0.0,0.0,0.0,0.0,0.0,0.0,0.0,0.0,0.0,0.0,0.0,0.0,0.0,0.0,0.0,0.0,0.0,0.0,0.0,0.0,0.0,0.0,0.0,0.0,0.0,0.0,0.0,0.0,0.0,0.0,0.0,0.0,0.0,0.0,0.0,0.0,0.0,0.0,0.0,0.0,0.0,0.0,0.0,0.0,0.0,0.0,0.0,0.0,0.0,0.0,0.0,0.0,0.0,0.0,0.0,0.0,0.0,0.0,0.0,0.0,0.0,0.0,0.0,0.0,0.0,0.0,0.0,0.0,0.0,0.0,0.0,0.0,0.0,0.0,0.0,0.0,0.0,0.0,0.0,0.0,0.0,0.0,0.0,0.0,0.0,0.0,0.0,0.0,0.0,0.0,0.0,0.0,0.0,0.0,0.0,0.0,0.0,0.0,0.0,0.0,0.0,0.0,0.0,0.0,0.0,0.0,0.0,0.0,0.0,0.0,0.0,0.0,0.0,0.0,0.0,0.0,0.0,0.0,0.0,0.0,0.0,0.0,0.0,0.0,0.0,0.0,0.0,0.0,0.0,0.0,0.0,0.0
Distric heating|CHP|Wood,0.4920898,0.4920898,0.4920898,0.4920898,0.4920898,0.4920898,0.4920898,0.4920898,0.4920898,0.4920898,0.4920898,0.4920898,0.4920898,0.4920898,0.4920898,0.4920898,0.4920898,0.4920898,0.4920898,0.4920898,0.4920898,0.4920898,0.4920898,0.4920898,0.4920898,0.4920898,0.4920898,0.4920898,0.4920898,0.4920898,0.4920898,0.4920898,0.4920898,0.4920898,0.4920898,0.4920898,0.4920898,0.4920898,0.4920898,0.4920898,0.4920898,0.4920898,0.4920898,0.4920898,0.4920898,0.4920898,0.4920898,0.4920898,0.4920898,0.4920898,0.4920898,0.4920898,0.4920898,0.4920898,0.4920898,0.4920898,0.4920898,0.4920898,0.4920898,0.4920898,0.4920898,0.4920898,0.4920898,0.4920898,0.4920898,0.4920898,0.4920898,0.4920898,0.4920898,0.4920898,0.4920898,0.4920898,0.4920898,0.4920898,0.4920898,0.4920898,0.4920898,0.4920898,0.4920898,0.4920898,0.4920898,0.4920898,0.4920898,0.4920898,0.4920898,0.4920898,0.4920898,0.4920898,0.4920898,0.4920898,0.4920898,0.4920898,0.4920898,0.4920898,0.4920898,0.4920898,0.4920898,0.4920898,0.4920898,0.4920898,0.4920898,0.4920898,0.4920898,0.4920898,0.4920898,0.4920898,0.4920898,0.4920898,0.4920898,0.4920898,0.4920898,0.4920898,0.4920898,0.4920898,0.4920898,0.4920898,0.4920898,0.4920898,0.4920898,0.4920898,0.4920898,0.4920898,0.4920898,0.4920898,0.4920898,0.4920898,0.4920898,0.4920898,0.4920898,0.4920898,0.4920898,0.4920898,0.4920898,0.4920898,0.4920898,0.4920898,0.4920898,0.4920898,0.4920898,0.4920898,0.4920898,0.4920898,0.4920898,0.4920898,0.4920898,0.4920898,0.4920898,0.4920898,0.4920898,0.4920898,0.4920898,0.4920898,0.4920898,0.4920898,0.4920898,0.4920898,0.4920898,0.4920898,0.4920898,0.4920898,0.4920898,0.4920898,0.4920898,0.4920898,0.4920898,0.4920898,0.4920898,0.4920898,0.4920898,0.4920898,0.4920898,0.4920898,0.4920898,0.4920898,0.4920898,0.4920898,0.4920898,0.4920898,0.4920898,0.4920898,0.4920898,0.4920898,0.4920898,0.4920898,0.4920898,0.4920898,0.4920898,0.4920898,0.4920898,0.4920898,0.4920898,0.4920898
Distric heating|CHP|Waste,0.4827656,0.4827656,0.4827656,0.4827656,0.46772718,0.47989365,0.4827656,0.48161682,0.47696954,0.46260995,0.44910964,0.45503855,0.46030256,0.42943385,0.4827656,0.48161682,0.47696954,0.46260995,0.4636664,0.47380817,0.4560633,0.469426,0.4827656,0.4827656,0.4854058,0.4844365,0.4827656,0.48367938,0.34370208,0.5140956,0.5167848,0.5147744,0.50936997,0.4844365,0.4557377,0.4790969,0.49866557,0.5140956,0.5167848,0.5147744,0.49916413,0.4844365,0.4827656,0.5282588,0.5532159,0.42516008,0.4827656,0.4827656,0.50936997,0.4844365,0.4827656,0.48367938,0.6651142,0.5140956,0.5167848,0.5147744,0.61231357,0.5873801,0.6835469,0.7013216,0.75161165,0.6170392,0.6197283,0.73841554,0.61231357,0.5873801,0.63408554,0.8663994,0.7264221,0.6869833,0.6197283,0.73841554,0.9088777,0.89512247,0.8700223,0.89347374,0.8064305,0.890981,0.9309131,0.91864216,0.6291012,0.61254853,0.7137409,0.4587338,0.6424687,0.65035343,0.6511367,0.63886577,0.6291012,0.7520157,0.5742737,0.4587338,0.6424687,0.65035343,0.6511367,0.63886577,0.6291012,0.61254853,0.5742737,0.6136973,0.6424687,0.65035343,0.6511367,0.63886577,0.6291012,0.61254853,0.7137409,0.4587338,0.6424687,0.65035343,0.6511367,0.63886577,0.6291012,0.61254853,0.7137409,0.4587338,0.6424687,0.65035343,0.6511367,0.63886577,0.61231357,0.5873801,0.68483895,0.58662295,0.44664565,0.6170392,0.6197283,0.617718,0.61231357,0.5873801,0.68483895,0.58662295,0.44664565,0.6170392,0.6197283,0.617718,0.55888736,0.5339539,0.4919456,0.53319675,0.54818296,0.563613,0.5663022,0.56429183,0.50936997,0.4844365,0.5631257,0.502449,0.34370208,0.5140956,0.5167848,0.5147744,0.50936997,0.4844365,0.5005666,0.41908118,0.49866557,0.5140956,0.5167848,0.5147744,0.50936997,0.4844365,0.4649447,0.5506076,0.49866557,0.48074058,0.4827656,0.4827656,0.47696954,0.46260995,0.43034002,0.45503855,0.46772718,0.47989365,0.4827656,0.48161682,0.47696954,0.46260995,0.43034002,0.4702551,0.45081988,0.47989365,0.4827656,0.48161682,0.47696954,0.46260995,0.44493324,0.45503855,0.46772718,0.47989365,0.4827656,0.48161682
Distric heating|Solar thermal,0.0,0.0,0.0,0.0,0.0,0.0,0.0,0.0,0.0,0.0,0.0,0.0,0.0,0.0,0.0,0.0,0.0,0.0,0.0,0.0,0.0,0.0,0.0,0.0,0.0,0.0,0.0,0.0,0.0,0.0,0.0,0.0,0.0,0.0,0.0,0.0,0.0,0.0,0.0,0.0,0.0,0.0,0.0,0.0,0.0,0.0,0.0,0.0,0.0,0.0,0.0,0.0,0.0,0.0,0.0,0.0,0.0,0.0,0.0,0.0,0.0,0.0,0.0,0.0,0.0,0.0,0.0,0.0,0.0,0.0,0.0,0.0,0.0,0.0,0.0,0.0,0.0,0.0,0.0,0.0,0.0,0.0,0.0,0.0,0.0,0.0,0.0,0.0,0.0,0.0,0.0,0.0,0.0,0.0,0.0,0.0,0.0,0.0,0.0,0.0,0.0,0.0,0.0,0.0,0.0,0.0,0.0,0.0,0.0,0.0,0.0,0.0,0.0,0.0,0.0,0.0,0.0,0.0,0.0,0.0,0.0,0.0,0.0,0.0,0.0,0.0,0.0,0.0,0.0,0.0,0.0,0.0,0.0,0.0,0.0,0.0,0.0,0.0,0.0,0.0,0.0,0.0,0.0,0.0,0.0,0.0,0.0,0.0,0.0,0.0,0.0,0.0,0.0,0.0,0.0,0.0,0.0,0.0,0.0,0.0,0.0,0.0,0.0,0.0,0.0,0.0,0.0,0.0,0.0,0.0,0.0,0.0,0.0,0.0,0.0,0.0,0.0,0.0,0.0,0.0,0.0,0.0,0.0,0.0,0.0,0.0,0.0,0.0,0.0,0.0,0.0,0.0
Industrial heating|Total,3.5013065,3.5166492,3.5166492,3.5166492,3.5262132,3.5049381,3.5018368,3.5030775,3.5080962,3.5384164,3.5529957,3.5505624,3.551816,3.6127634,3.5018368,3.5030775,3.5080962,3.5384164,3.5376139,3.5263228,3.5585523,3.529582,3.5018368,3.5018368,2.9318905,3.263235,3.5018368,3.2745879,3.2338648,2.8248591,2.7782028,3.2183628,2.8957152,3.263235,3.558053,3.2961667,3.0562181,2.8185244,2.7845373,3.1761887,2.906737,3.2695699,3.3653994,3.4665742,2.9909723,2.9209042,2.821276,3.112346,2.8957152,2.8237686,3.4729593,3.2809227,3.9627016,2.5856903,2.7845373,3.0777783,2.5750892,2.5884058,3.0610669,4.252227,4.053423,2.6586504,2.2415767,2.371783,2.4678206,2.4811373,3.092593,4.149488,4.1561613,2.5781987,2.134308,2.2667434,2.0504446,2.2082667,3.2063646,2.827967,2.9608238,3.0934074,1.7975564,1.9291217,2.4033358,2.2622697,3.0970309,3.9461303,2.225125,1.8059542,1.7975564,2.2791479,2.0338144,2.0606718,3.2269027,3.885929,3.1522968,1.8059542,1.7975564,1.9773109,2.425558,2.3768792,3.247647,3.1058602,2.1175957,2.1069007,2.0951567,2.2791479,2.0338144,2.211288,2.8373847,3.9944677,3.2485259,1.9188132,1.7975564,1.929122,2.0338144,2.211288,2.8273256,3.9677787,3.2596924,1.9299798,1.7975564,1.9457519,2.6550515,2.4811373,3.2653782,3.595371,4.156162,2.6004212,2.134308,2.381668,2.76232,2.5884058,3.4252868,3.2587824,4.156162,2.6586504,2.2415767,2.8496532,2.8422394,3.2327242,3.360046,3.221112,3.2466877,2.7713833,2.7310617,3.0243025,2.8957152,2.8284109,3.407912,3.1848583,3.879093,2.8248591,2.7845373,3.0772626,2.8957152,3.2695699,3.5279946,3.36098,3.0562181,2.8248591,2.7845373,3.131104,2.8957152,3.2880394,3.5389032,3.2547948,3.0685945,2.8608806,2.8379061,3.1172364,3.5080962,3.5384164,3.573266,3.5548038,3.5213346,3.5049381,3.5018368,3.5030775,3.5080962,3.5384164,3.5736618,3.5308685,3.5715392,3.5049381,3.5018368,3.5030775,3.5080962,3.5384164,3.557506,3.54711,3.5299313,3.5049381,3.5018368,3.5030775
Industrial heating|Geothermal,1.4529308,1.4529308,1.4529308,1.4529308,1.4529308,1.4529308,1.4529308,1.4529308,1.4529308,1.4529308,1.4529308,1.4529308,1.4529308,1.4529308,1.4529308,1.4529308,1.4529308,1.4529308,1.4529308,1.4529308,1.4529308,1.4529308,1.4529308,1.4529308,1.062573,1.2863462,1.4529308,1.2416714,1.0255388,0.96100307,0.9744512,1.2754099,1.0459429,1.2863462,1.4529308,1.2818407,1.142832,0.98941183,0.9744512,1.2269012,1.0459429,1.2863462,1.4529308,1.2277049,0.9817178,0.9427741,0.9744512,1.2569321,1.0459429,1.3029763,1.4529308,1.2670736,1.0711417,0.96579856,0.9744512,1.2569321,1.0459429,1.2863462,1.4529308,1.1497064,0.92381227,0.9315666,0.9744512,1.2328326,1.0459429,1.2863462,1.4529308,1.1948261,1.0234816,0.94811714,0.9744512,1.2350615,0.8326784,0.9756459,1.3443967,0.9123216,0.53886443,0.54119515,0.60358727,0.7219009,0.88407975,1.0436773,1.3858898,0.9146618,0.61321497,0.635207,0.6716187,0.78993237,0.88407975,1.0436773,1.3796399,0.8838846,0.62256336,0.6629793,0.6716187,0.78993237,0.88407975,1.0436773,1.3800077,0.92220485,0.74880004,0.6791706,0.6716187,0.78993237,0.88407975,1.0436773,1.3807886,0.9053325,0.64447147,0.6316568,0.6716187,0.78993237,0.88407975,1.0436773,1.3871809,0.8950666,0.6916109,0.6788809,0.6716187,0.80656236,1.0459429,1.2863462,1.4529308,1.1593387,1.0139854,0.99212044,0.9744512,1.2196403,1.0459429,1.2863462,1.4529308,1.158223,1.0455155,0.9950662,0.9744512,1.2279544,1.0459429,1.3029763,1.4529308,1.2778299,1.0206416,0.9911125,0.9744512,1.2569321,1.0459429,1.2863462,1.4529308,1.2536691,1.0380261,0.9666467,0.9744512,1.2564164,1.0459429,1.2863462,1.4529308,1.2942381,1.123453,0.97318196,0.9744512,1.2391449,1.0459429,1.3029763,1.4529308,1.1675712,1.1450864,0.9983546,0.99108124,1.2371311,1.4529308,1.4529308,1.4529308,1.4529308,1.4529308,1.4529308,1.4529308,1.4529308,1.4529308,1.4529308,1.4529308,1.4529308,1.4529308,1.4529308,1.4529308,1.4529308,1.4529308,1.4529308,1.4529308,1.4529308,1.4529308,1.4529308,1.4529308,1.4529308
Industrial heating|Solar thermal,0.0,0.0,0.0,0.0,0.004878404,0.0,0.0,0.0,0.0,0.0,0.0,0.003969608,0.022463031,0.05333175,0.0,0.0,0.0,0.0,0.000339,0.0,0.026702302,0.013339572,0.0,0.0,0.0,0.0,0.0,0.05197491,0.14024384,0.03937657,0.0,0.0,0.0,0.0,0.027027868,0.028435742,0.006320545,0.01096779,0.0,0.0,0.0,0.0,0.0,0.06594154,0.16743477,0.057605505,0.0,0.0,0.0,0.0,0.0,0.02657276,0.078010924,0.03458105,0.0,0.0,0.0,0.0,0.021689605,0.09291639,0.17431676,0.06881304,0.0,0.0,0.0,0.0,0.004716465,0.04779662,0.07464735,0.05226246,0.0,0.0,0.0,0.0,0.000287,0.0522481,0.15449455,0.06994406,0.0,0.0,0.0,0.0,0.026825404,0.11793938,0.1419785,0.043963652,0.0,0.0,0.0,0.0,0.033075396,0.1487166,0.14926016,0.016191345,0.0,0.0,0.0,0.0,0.032707512,0.11039634,0.006393417,0.0,0.0,0.0,0.0,0.0,0.03192665,0.14389871,0.11072202,0.047513835,0.0,0.0,0.0,0.0,0.025534224,0.13753454,0.06358261,0.00029,0.0,0.0,0.0,0.0,0.018595671,0.13430762,0.13516717,0.008259178,0.0,0.0,0.0,0.0,0.026079953,0.13542336,0.10363711,0.005313399,0.0,0.0,0.0,0.0,0.0,0.015816493,0.12851109,0.009267115,0.0,0.0,0.0,0.0,0.000464,0.039977234,0.11112648,0.033732917,0.0,0.0,0.0,0.0,0.016008424,0.0160383,0.025699578,0.027197644,0.0,0.0,0.0,0.0,0.01782091,0.12607515,0.02069617,0.002025013,0.0,0.0,0.0,0.0,0.0,0.008210834,0.0,0.0,0.0,0.0,0.0,0.0,0.000396,0.000708,0.031945705,0.0,0.0,0.0,0.0,0.0,0.0,0.000517,0.008066469,0.0,0.0,0.0
Industrial heating|Electric heater,0.0,0.0,0.0,0.0,0.0,0.0,0.0,0.0,0.0,0.0,0.0,0.0,0.0,0.0,0.0,0.0,0.0,0.0,0.0,0.0,0.0,0.0,0.0,0.0,0.0,0.0,0.0,0.0,0.0,0.0,0.0,0.0,0.0,0.0,0.0,0.0,0.0,0.0,0.0,0.0,0.0,0.0,0.0,0.8532644,0.50919974,0.0,0.0,0.0,0.0,0.0,0.0,0.20410822,1.6758893,0.20410822,0.0,0.0,0.0,0.0,0.41505828,1.937863,1.937863,0.41505828,0.0,0.0,0.25401357,0.0,0.4905937,2.0133984,2.0133984,0.4905937,0.0,0.0,0.3701731,0.3701731,0.9721262,0.99916893,1.309235,1.615348,0.3701731,0.3701731,0.3695214,0.05098179,0.6259867,1.5798078,0.33463296,0.0,0.0,0.35002607,0.0,0.0,0.60524225,1.5196068,1.2451749,0.0,0.0,0.048189044,0.39174363,0.1655912,0.6259867,0.90688914,0.22710353,0.30094656,0.29760024,0.35002607,0.0,0.0,0.36634058,1.6115154,1.3580339,0.11285905,0.0,0.0,0.0,0.0,0.3562814,1.6014563,1.3692003,0.12402552,0.0,0.0,0.4412444,0.0,0.7043106,1.106116,1.6602331,0.4372805,0.0,0.0,0.4412444,0.0,0.7494662,0.68907607,1.6602331,0.41505828,0.0,0.0,0.0,0.0,0.0,0.5686662,0.7594799,0.0,0.0,0.0,0.0,0.0,0.0,0.0,1.2451749,0.0,0.0,0.0,0.0,0.0,0.0,0.0,0.0,0.0,0.0,0.0,0.0,0.0,0.0,0.5633911,0.0,0.0,0.0,0.0,0.0,0.0,0.0,0.0,0.0,0.0,0.0,0.0,0.0,0.0,0.0,0.0,0.0,0.0,0.0,0.0,0.0,0.0,0.0,0.0,0.0,0.0,0.0,0.0
Industrial heating|CHP|Total,1.0468123,1.0327817,1.0327817,1.0327817,1.0593297,1.0504441,1.0473427,1.0485833,1.053602,1.0545486,1.069128,1.0627253,1.0673478,1.1049376,1.0473427,1.0485833,1.053602,1.0545486,1.0534078,1.0424552,1.0698447,1.0617486,1.0473427,1.0473427,1.0381566,1.0392034,1.0473427,1.0400211,1.1911881,1.0135081,1.0042692,1.0064403,1.0186114,1.0392034,1.0765309,1.0449698,1.0301716,1.0071733,1.010604,1.0127751,1.0296332,1.0455382,1.0473427,0.9519689,0.9649257,1.1095531,1.0473427,1.0473427,1.0186114,1.0455382,1.0473427,1.0463558,0.7699656,1.0135081,1.010604,1.0127751,0.9074386,0.9343652,0.8036937,0.70404667,0.64973646,0.875518,0.89943105,0.771256,0.80016994,0.82709664,0.7766576,0.52577263,0.67693967,0.7195312,0.7921625,0.66398746,0.47989866,0.49475348,0.5218601,0.496534,0.5905354,0.499226,0.45610172,0.4693536,0.7820403,0.7999162,0.6906346,0.96602684,0.76760423,0.75908923,0.7582434,0.7714952,0.7820403,0.6493001,0.8412507,0.96602684,0.76760423,0.75908923,0.7582434,0.7714952,0.7820403,0.7999162,0.8412507,0.7986756,0.76760423,0.75908923,0.7582434,0.7714952,0.7820403,0.7999162,0.6906346,0.96602684,0.76760423,0.75908923,0.7582434,0.7714952,0.7820403,0.7999162,0.6906346,0.96602684,0.76760423,0.75908923,0.7582434,0.7714952,0.80016994,0.82709664,0.72184694,0.8279143,0.97908133,0.7950666,0.7921625,0.7943335,0.9074386,0.9343652,0.82911557,0.9083657,0.97908133,0.875518,0.89943105,0.9016021,0.96513563,0.9920623,1.0374287,0.9865452,0.970361,0.9600323,0.9571281,0.95929915,1.0186114,1.0455382,0.9605585,1.0260857,1.1170714,1.0135081,1.010604,1.0127751,1.0186114,1.0455382,1.0281186,1.1097832,1.0301716,1.0135081,1.010604,1.0127751,1.0186114,1.0455382,1.0665882,0.8936258,1.025918,1.0495296,1.0473427,1.0473427,1.053602,1.0545486,1.0893981,1.0627253,1.0593297,1.0504441,1.0473427,1.0485833,1.053602,1.0545486,1.0893981,1.0462923,1.0775886,1.0504441,1.0473427,1.0485833,1.053602,1.0545486,1.0736384,1.0627253,1.05986,1.0504441,1.0473427,1.0485833
Industrial heating|CHP|Gas,0.1072686,0.09270776,0.09270776,0.09270776,0.10354541,0.1072686,0.1072686,0.1072686,0.1072686,0.09270776,0.09270776,0.09270776,0.10354541,0.1072686,0.1072686,0.1072686,0.1072686,0.09270776,0.09270776,0.09270776,0.10354541,0.1072686,0.1072686,0.1072686,0.1072686,0.1072686,0.1072686,0.1072686,0.10093384,0.1072686,0.1072686,0.1072686,0.1072686,0.1072686,0.1072686,0.1072686,0.1072686,0.1072686,0.1072686,0.1072686,0.1072686,0.1072686,0.1072686,0.061024856,0.10093384,0.1072686,0.1072686,0.1072686,0.1072686,0.1072686,0.1072686,0.1072686,0.02681715,0.1072686,0.1072686,0.1072686,0.1072686,0.1072686,0.08045145,0.0,0.0,0.08045145,0.1072686,0.1072686,0.0,0.0,0.0,0.0,0.0,0.0,0.0,0.0,0.0,0.0,0.0,0.0,0.0,0.0,0.0,0.0,0.0,0.0,0.0,0.0,0.0,0.0,0.0,0.0,0.0,0.0,0.0,0.0,0.0,0.0,0.0,0.0,0.0,0.0,0.0,0.0,0.0,0.0,0.0,0.0,0.0,0.0,0.0,0.0,0.0,0.0,0.0,0.0,0.0,0.0,0.0,0.0,0.0,0.0,0.0,0.0,0.0,0.0,0.0,0.0,0.0,0.0,0.0,0.0,0.1072686,0.1072686,0.1072686,0.08045145,0.0,0.08045145,0.1072686,0.1072686,0.1072686,0.1072686,0.1072686,0.10093384,0.10093384,0.1072686,0.1072686,0.1072686,0.1072686,0.1072686,0.1072686,0.1072686,0.02681715,0.1072686,0.1072686,0.1072686,0.1072686,0.1072686,0.1072686,0.10093384,0.1072686,0.1072686,0.1072686,0.1072686,0.1072686,0.1072686,0.1072686,0.02681715,0.10301509,0.1072686,0.1072686,0.1072686,0.1072686,0.09270776,0.09270776,0.09270776,0.10354541,0.1072686,0.1072686,0.1072686,0.1072686,0.09270776,0.09270776,0.09270776,0.10354541,0.1072686,0.1072686,0.1072686,0.1072686,0.09270776,0.09270776,0.09270776,0.10354541,0.1072686,0.1072686,0.1072686
Industrial heating|CHP|Hydrogen,0.0,0.0,0.0,0.0,0.0,0.0,0.0,0.0,0.0,0.0,0.0,0.0,0.0,0.0,0.0,0.0,0.0,0.0,0.0,0.0,0.0,0.0,0.0,0.0,0.0,0.0,0.0,0.0,0.0,0.0,0.0,0.0,0.0,0.0,0.0,0.0,0.0,0.0,0.0,0.0,0.0,0.0,0.0,0.0,0.0,0.0,0.0,0.0,0.0,0.0,0.0,0.0,0.0,0.0,0.0,0.0,0.0,0.0,0.0,0.0,0.0,0.0,0.0,0.0,0.0,0.0,0.0,0.0,0.0,0.0,0.0,0.0,0.0,0.0,0.0,0.0,0.0,0.0,0.0,0.0,0.0,0.0,0.0,0.0,0.0,0.0,0.0,0.0,0.0,0.0,0.0,0.0,0.0,0.0,0.0,0.0,0.0,0.0,0.0,0.0,0.0,0.0,0.0,0.0,0.0,0.0,0.0,0.0,0.0,0.0,0.0,0.0,0.0,0.0,0.0,0.0,0.0,0.0,0.0,0.0,0.0,0.0,0.0,0.0,0.0,0.0,0.0,0.0,0.0,0.0,0.0,0.0,0.0,0.0,0.0,0.0,0.0,0.0,0.0,0.0,0.0,0.0,0.0,0.0,0.0,0.0,0.0,0.0,0.0,0.0,0.0,0.0,0.0,0.0,0.0,0.0,0.0,0.0,0.0,0.0,0.0,0.0,0.0,0.0,0.0,0.0,0.0,0.0,0.0,0.0,0.0,0.0,0.0,0.0,0.0,0.0,0.0,0.0,0.0,0.0,0.0,0.0,0.0,0.0,0.0,0.0,0.0,0.0,0.0,0.0,0.0,0.0
Industrial heating|CHP|Wood,0.0,0.0,0.0,0.0,0.0,0.0,0.0,0.0,0.0,0.0,0.0,0.0,0.0,0.0,0.0,0.0,0.0,0.0,0.0,0.0,0.0,0.0,0.0,0.0,0.0,0.0,0.0,0.0,0.0,0.0,0.0,0.0,0.0,0.0,0.0,0.0,0.0,0.0,0.0,0.0,0.0,0.0,0.0,0.0,0.0,0.0,0.0,0.0,0.0,0.0,0.0,0.0,0.0,0.0,0.0,0.0,0.0,0.0,0.0,0.0,0.0,0.0,0.0,0.0,0.0,0.0,0.0,0.0,0.0,0.0,0.0,0.0,0.0,0.0,0.0,0.0,0.0,0.0,0.0,0.0,0.0,0.0,0.0,0.0,0.0,0.0,0.0,0.0,0.0,0.0,0.0,0.0,0.0,0.0,0.0,0.0,0.0,0.0,0.0,0.0,0.0,0.0,0.0,0.0,0.0,0.0,0.0,0.0,0.0,0.0,0.0,0.0,0.0,0.0,0.0,0.0,0.0,0.0,0.0,0.0,0.0,0.0,0.0,0.0,0.0,0.0,0.0,0.0,0.0,0.0,0.0,0.0,0.0,0.0,0.0,0.0,0.0,0.0,0.0,0.0,0.0,0.0,0.0,0.0,0.0,0.0,0.0,0.0,0.0,0.0,0.0,0.0,0.0,0.0,0.0,0.0,0.0,0.0,0.0,0.0,0.0,0.0,0.0,0.0,0.0,0.0,0.0,0.0,0.0,0.0,0.0,0.0,0.0,0.0,0.0,0.0,0.0,0.0,0.0,0.0,0.0,0.0,0.0,0.0,0.0,0.0,0.0,0.0,0.0,0.0,0.0,0.0
Industrial heating|CHP|Waste,0.93954366,0.94007397,0.94007397,0.94007397,0.95578426,0.9431755,0.94007397,0.9413146,0.94633335,0.96184087,0.97642034,0.9700175,0.9638024,0.99766904,0.94007397,0.9413146,0.94633335,0.96184087,0.9607,0.94974744,0.9662993,0.95447993,0.94007397,0.94007397,0.93088794,0.9319347,0.94007397,0.9327524,1.0902542,0.90623945,0.89700055,0.8991716,0.9113428,0.9319347,0.9692624,0.93770117,0.92290294,0.89990467,0.90333533,0.9055064,0.92236453,0.9382695,0.94007397,0.89094406,0.86399186,1.0022845,0.94007397,0.94007397,0.9113428,0.9382695,0.94007397,0.93908715,0.74314845,0.90623945,0.90333533,0.9055064,0.80016994,0.82709664,0.7232423,0.70404667,0.64973646,0.7950666,0.7921625,0.66398746,0.80016994,0.82709664,0.7766576,0.52577263,0.67693967,0.7195312,0.7921625,0.66398746,0.47989866,0.49475348,0.5218601,0.496534,0.5905354,0.499226,0.45610172,0.4693536,0.7820403,0.7999162,0.6906346,0.96602684,0.76760423,0.75908923,0.7582434,0.7714952,0.7820403,0.6493001,0.8412507,0.96602684,0.76760423,0.75908923,0.7582434,0.7714952,0.7820403,0.7999162,0.8412507,0.7986756,0.76760423,0.75908923,0.7582434,0.7714952,0.7820403,0.7999162,0.6906346,0.96602684,0.76760423,0.75908923,0.7582434,0.7714952,0.7820403,0.7999162,0.6906346,0.96602684,0.76760423,0.75908923,0.7582434,0.7714952,0.80016994,0.82709664,0.72184694,0.8279143,0.97908133,0.7950666,0.7921625,0.7943335,0.80016994,0.82709664,0.72184694,0.8279143,0.97908133,0.7950666,0.7921625,0.7943335,0.857867,0.8847937,0.9301601,0.88561136,0.86942714,0.85276365,0.84985954,0.8520306,0.9113428,0.9382695,0.85328984,0.9188171,1.0902542,0.90623945,0.90333533,0.9055064,0.9113428,0.9382695,0.92085,1.0088493,0.92290294,0.90623945,0.90333533,0.9055064,0.9113428,0.9382695,0.9593195,0.86680865,0.92290294,0.94226086,0.94007397,0.94007397,0.94633335,0.96184087,0.99669045,0.9700175,0.95578426,0.9431755,0.94007397,0.9413146,0.94633335,0.96184087,0.99669045,0.95358455,0.97404313,0.9431755,0.94007397,0.9413146,0.94633335,0.96184087,0.9809306,0.9700175,0.95631456,0.9431755,0.94007397,0.9413146
Industrial heating|CHP|Oil,0.0,0.0,0.0,0.0,0.0,0.0,0.0,0.0,0.0,0.0,0.0,0.0,0.0,0.0,0.0,0.0,0.0,0.0,0.0,0.0,0.0,0.0,0.0,0.0,0.0,0.0,0.0,0.0,0.0,0.0,0.0,0.0,0.0,0.0,0.0,0.0,0.0,0.0,0.0,0.0,0.0,0.0,0.0,0.0,0.0,0.0,0.0,0.0,0.0,0.0,0.0,0.0,0.0,0.0,0.0,0.0,0.0,0.0,0.0,0.0,0.0,0.0,0.0,0.0,0.0,0.0,0.0,0.0,0.0,0.0,0.0,0.0,0.0,0.0,0.0,0.0,0.0,0.0,0.0,0.0,0.0,0.0,0.0,0.0,0.0,0.0,0.0,0.0,0.0,0.0,0.0,0.0,0.0,0.0,0.0,0.0,0.0,0.0,0.0,0.0,0.0,0.0,0.0,0.0,0.0,0.0,0.0,0.0,0.0,0.0,0.0,0.0,0.0,0.0,0.0,0.0,0.0,0.0,0.0,0.0,0.0,0.0,0.0,0.0,0.0,0.0,0.0,0.0,0.0,0.0,0.0,0.0,0.0,0.0,0.0,0.0,0.0,0.0,0.0,0.0,0.0,0.0,0.0,0.0,0.0,0.0,0.0,0.0,0.0,0.0,0.0,0.0,0.0,0.0,0.0,0.0,0.0,0.0,0.0,0.0,0.0,0.0,0.0,0.0,0.0,0.0,0.0,0.0,0.0,0.0,0.0,0.0,0.0,0.0,0.0,0.0,0.0,0.0,0.0,0.0,0.0,0.0,0.0,0.0,0.0,0.0,0.0,0.0,0.0,0.0,0.0,0.0
Industrial heating|Burner|Total,1.0015635,1.030937,1.030937,1.030937,1.0090742,1.0015635,1.0015635,1.0015635,1.0015635,1.030937,1.030937,1.030937,1.0090742,1.0015635,1.0015635,1.0015635,1.0015635,1.030937,1.030937,1.030937,1.0090742,1.0015635,1.0015635,1.0015635,0.831161,0.9376859,1.0015635,0.94092065,0.8768942,0.81097156,0.79948246,0.9365127,0.831161,0.9376859,1.0015635,0.94092065,0.8768942,0.81097156,0.79948246,0.9365127,0.831161,0.9376859,0.8651263,0.36769444,0.36769444,0.81097156,0.79948246,0.8080714,0.831161,0.4752543,0.9726862,0.7368125,0.36769444,0.36769444,0.79948246,0.8080714,0.62170804,0.36769444,0.36769444,0.36769444,0.36769444,0.36769444,0.36769444,0.36769444,0.36769444,0.36769444,0.36769444,0.36769444,0.36769444,0.36769444,0.36769444,0.36769444,0.36769444,0.36769444,0.36769444,0.36769444,0.36769444,0.36769444,0.36769444,0.36769444,0.36769444,0.36769444,0.36769444,0.36769444,0.36769444,0.36769444,0.36769444,0.36769444,0.36769444,0.36769444,0.36769444,0.36769444,0.36769444,0.36769444,0.36769444,0.36769444,0.36769444,0.36769444,0.36769444,0.36769444,0.36769444,0.36769444,0.36769444,0.36769444,0.36769444,0.36769444,0.36769444,0.36769444,0.36769444,0.36769444,0.36769444,0.36769444,0.36769444,0.36769444,0.36769444,0.36769444,0.36769444,0.36769444,0.36769444,0.36769444,0.36769444,0.36769444,0.36769444,0.36769444,0.36769444,0.36769444,0.36769444,0.36769444,0.36769444,0.36769444,0.36769444,0.36769444,0.36769444,0.36769444,0.36769444,0.720097,0.831161,0.9376859,0.8696863,0.37225443,0.36769444,0.81097156,0.79948246,0.8080714,0.831161,0.49652684,0.9939587,0.8651263,0.36769444,0.81097156,0.79948246,0.8080714,0.831161,0.9376859,1.030937,0.94092065,0.8768942,0.81097156,0.79948246,0.8791842,0.831161,0.9395252,1.0015635,0.5041316,0.8768942,0.81097156,0.79948246,0.8327628,1.0015635,1.030937,1.030937,1.030937,1.0090742,1.0015635,1.0015635,1.0015635,1.0015635,1.030937,1.030937,1.030937,1.0090742,1.0015635,1.0015635,1.0015635,1.0015635,1.030937,1.030937,1.030937,1.0090742,1.0015635,1.0015635,1.0015635
Industrial heating|Burner|Gas,0.63386905,0.66324246,0.66324246,0.66324246,0.6413798,0.63386905,0.63386905,0.63386905,0.63386905,0.66324246,0.66324246,0.66324246,0.6413798,0.63386905,0.63386905,0.63386905,0.63386905,0.66324246,0.66324246,0.66324246,0.6413798,0.63386905,0.63386905,0.63386905,0.4634666,0.56999147,0.63386905,0.5732262,0.50919974,0.44327712,0.431788,0.5688183,0.4634666,0.56999147,0.63386905,0.5732262,0.50919974,0.44327712,0.431788,0.5688183,0.4634666,0.56999147,0.49743187,0.0,0.0,0.44327712,0.431788,0.44037697,0.4634666,0.10755985,0.60499173,0.369118,0.0,0.0,0.431788,0.44037697,0.25401357,0.0,0.0,0.0,0.0,0.0,0.0,0.0,0.0,0.0,0.0,0.0,0.0,0.0,0.0,0.0,0.0,0.0,0.0,0.0,0.0,0.0,0.0,0.0,0.0,0.0,0.0,0.0,0.0,0.0,0.0,0.0,0.0,0.0,0.0,0.0,0.0,0.0,0.0,0.0,0.0,0.0,0.0,0.0,0.0,0.0,0.0,0.0,0.0,0.0,0.0,0.0,0.0,0.0,0.0,0.0,0.0,0.0,0.0,0.0,0.0,0.0,0.0,0.0,0.0,0.0,0.0,0.0,0.0,0.0,0.0,0.0,0.0,0.0,0.0,0.0,0.0,0.0,0.0,0.35240257,0.4634666,0.56999147,0.50199187,0.004559999,0.0,0.44327712,0.431788,0.44037697,0.4634666,0.1288324,0.6262643,0.49743187,0.0,0.44327712,0.431788,0.44037697,0.4634666,0.56999147,0.66324246,0.5732262,0.50919974,0.44327712,0.431788,0.51148975,0.4634666,0.57183075,0.63386905,0.13643716,0.50919974,0.44327712,0.431788,0.46506834,0.63386905,0.66324246,0.66324246,0.66324246,0.6413798,0.63386905,0.63386905,0.63386905,0.63386905,0.66324246,0.66324246,0.66324246,0.6413798,0.63386905,0.63386905,0.63386905,0.63386905,0.66324246,0.66324246,0.66324246,0.6413798,0.63386905,0.63386905,0.63386905
Industrial heating|Burner|Hydrogen,0.0,0.0,0.0,0.0,0.0,0.0,0.0,0.0,0.0,0.0,0.0,0.0,0.0,0.0,0.0,0.0,0.0,0.0,0.0,0.0,0.0,0.0,0.0,0.0,0.0,0.0,0.0,0.0,0.0,0.0,0.0,0.0,0.0,0.0,0.0,0.0,0.0,0.0,0.0,0.0,0.0,0.0,0.0,0.0,0.0,0.0,0.0,0.0,0.0,0.0,0.0,0.0,0.0,0.0,0.0,0.0,0.0,0.0,0.0,0.0,0.0,0.0,0.0,0.0,0.0,0.0,0.0,0.0,0.0,0.0,0.0,0.0,0.0,0.0,0.0,0.0,0.0,0.0,0.0,0.0,0.0,0.0,0.0,0.0,0.0,0.0,0.0,0.0,0.0,0.0,0.0,0.0,0.0,0.0,0.0,0.0,0.0,0.0,0.0,0.0,0.0,0.0,0.0,0.0,0.0,0.0,0.0,0.0,0.0,0.0,0.0,0.0,0.0,0.0,0.0,0.0,0.0,0.0,0.0,0.0,0.0,0.0,0.0,0.0,0.0,0.0,0.0,0.0,0.0,0.0,0.0,0.0,0.0,0.0,0.0,0.0,0.0,0.0,0.0,0.0,0.0,0.0,0.0,0.0,0.0,0.0,0.0,0.0,0.0,0.0,0.0,0.0,0.0,0.0,0.0,0.0,0.0,0.0,0.0,0.0,0.0,0.0,0.0,0.0,0.0,0.0,0.0,0.0,0.0,0.0,0.0,0.0,0.0,0.0,0.0,0.0,0.0,0.0,0.0,0.0,0.0,0.0,0.0,0.0,0.0,0.0,0.0,0.0,0.0,0.0,0.0,0.0
Industrial heating|Burner|Wood,0.0,0.0,0.0,0.0,0.0,0.0,0.0,0.0,0.0,0.0,0.0,0.0,0.0,0.0,0.0,0.0,0.0,0.0,0.0,0.0,0.0,0.0,0.0,0.0,0.0,0.0,0.0,0.0,0.0,0.0,0.0,0.0,0.0,0.0,0.0,0.0,0.0,0.0,0.0,0.0,0.0,0.0,0.0,0.0,0.0,0.0,0.0,0.0,0.0,0.0,0.0,0.0,0.0,0.0,0.0,0.0,0.0,0.0,0.0,0.0,0.0,0.0,0.0,0.0,0.0,0.0,0.0,0.0,0.0,0.0,0.0,0.0,0.0,0.0,0.0,0.0,0.0,0.0,0.0,0.0,0.0,0.0,0.0,0.0,0.0,0.0,0.0,0.0,0.0,0.0,0.0,0.0,0.0,0.0,0.0,0.0,0.0,0.0,0.0,0.0,0.0,0.0,0.0,0.0,0.0,0.0,0.0,0.0,0.0,0.0,0.0,0.0,0.0,0.0,0.0,0.0,0.0,0.0,0.0,0.0,0.0,0.0,0.0,0.0,0.0,0.0,0.0,0.0,0.0,0.0,0.0,0.0,0.0,0.0,0.0,0.0,0.0,0.0,0.0,0.0,0.0,0.0,0.0,0.0,0.0,0.0,0.0,0.0,0.0,0.0,0.0,0.0,0.0,0.0,0.0,0.0,0.0,0.0,0.0,0.0,0.0,0.0,0.0,0.0,0.0,0.0,0.0,0.0,0.0,0.0,0.0,0.0,0.0,0.0,0.0,0.0,0.0,0.0,0.0,0.0,0.0,0.0,0.0,0.0,0.0,0.0,0.0,0.0,0.0,0.0,0.0,0.0
Industrial heating|Burner|Waste,0.36769444,0.36769444,0.36769444,0.36769444,0.36769444,0.36769444,0.36769444,0.36769444,0.36769444,0.36769444,0.36769444,0.36769444,0.36769444,0.36769444,0.36769444,0.36769444,0.36769444,0.36769444,0.36769444,0.36769444,0.36769444,0.36769444,0.36769444,0.36769444,0.36769444,0.36769444,0.36769444,0.36769444,0.36769444,0.36769444,0.36769444,0.36769444,0.36769444,0.36769444,0.36769444,0.36769444,0.36769444,0.36769444,0.36769444,0.36769444,0.36769444,0.36769444,0.36769444,0.36769444,0.36769444,0.36769444,0.36769444,0.36769444,0.36769444,0.36769444,0.36769444,0.36769444,0.36769444,0.36769444,0.36769444,0.36769444,0.36769444,0.36769444,0.36769444,0.36769444,0.36769444,0.36769444,0.36769444,0.36769444,0.36769444,0.36769444,0.36769444,0.36769444,0.36769444,0.36769444,0.36769444,0.36769444,0.36769444,0.36769444,0.36769444,0.36769444,0.36769444,0.36769444,0.36769444,0.36769444,0.36769444,0.36769444,0.36769444,0.36769444,0.36769444,0.36769444,0.36769444,0.36769444,0.36769444,0.36769444,0.36769444,0.36769444,0.36769444,0.36769444,0.36769444,0.36769444,0.36769444,0.36769444,0.36769444,0.36769444,0.36769444,0.36769444,0.36769444,0.36769444,0.36769444,0.36769444,0.36769444,0.36769444,0.36769444,0.36769444,0.36769444,0.36769444,0.36769444,0.36769444,0.36769444,0.36769444,0.36769444,0.36769444,0.36769444,0.36769444,0.36769444,0.36769444,0.36769444,0.36769444,0.36769444,0.36769444,0.36769444,0.36769444,0.36769444,0.36769444,0.36769444,0.36769444,0.36769444,0.36769444,0.36769444,0.36769444,0.36769444,0.36769444,0.36769444,0.36769444,0.36769444,0.36769444,0.36769444,0.36769444,0.36769444,0.36769444,0.36769444,0.36769444,0.36769444,0.36769444,0.36769444,0.36769444,0.36769444,0.36769444,0.36769444,0.36769444,0.36769444,0.36769444,0.36769444,0.36769444,0.36769444,0.36769444,0.36769444,0.36769444,0.36769444,0.36769444,0.36769444,0.36769444,0.36769444,0.36769444,0.36769444,0.36769444,0.36769444,0.36769444,0.36769444,0.36769444,0.36769444,0.36769444,0.36769444,0.36769444,0.36769444,0.36769444,0.36769444,0.36769444,0.36769444,0.36769444,0.36769444,0.36769444,0.36769444,0.36769444,0.36769444,0.36769444
Industrial heating|Burner|Oil,0.0,0.0,0.0,0.0,0.0,0.0,0.0,0.0,0.0,0.0,0.0,0.0,0.0,0.0,0.0,0.0,0.0,0.0,0.0,0.0,0.0,0.0,0.0,0.0,0.0,0.0,0.0,0.0,0.0,0.0,0.0,0.0,0.0,0.0,0.0,0.0,0.0,0.0,0.0,0.0,0.0,0.0,0.0,0.0,0.0,0.0,0.0,0.0,0.0,0.0,0.0,0.0,0.0,0.0,0.0,0.0,0.0,0.0,0.0,0.0,0.0,0.0,0.0,0.0,0.0,0.0,0.0,0.0,0.0,0.0,0.0,0.0,0.0,0.0,0.0,0.0,0.0,0.0,0.0,0.0,0.0,0.0,0.0,0.0,0.0,0.0,0.0,0.0,0.0,0.0,0.0,0.0,0.0,0.0,0.0,0.0,0.0,0.0,0.0,0.0,0.0,0.0,0.0,0.0,0.0,0.0,0.0,0.0,0.0,0.0,0.0,0.0,0.0,0.0,0.0,0.0,0.0,0.0,0.0,0.0,0.0,0.0,0.0,0.0,0.0,0.0,0.0,0.0,0.0,0.0,0.0,0.0,0.0,0.0,0.0,0.0,0.0,0.0,0.0,0.0,0.0,0.0,0.0,0.0,0.0,0.0,0.0,0.0,0.0,0.0,0.0,0.0,0.0,0.0,0.0,0.0,0.0,0.0,0.0,0.0,0.0,0.0,0.0,0.0,0.0,0.0,0.0,0.0,0.0,0.0,0.0,0.0,0.0,0.0,0.0,0.0,0.0,0.0,0.0,0.0,0.0,0.0,0.0,0.0,0.0,0.0,0.0,0.0,0.0,0.0,0.0,0.0
Industrial heating|Burner|Coal,0.0,0.0,0.0,0.0,0.0,0.0,0.0,0.0,0.0,0.0,0.0,0.0,0.0,0.0,0.0,0.0,0.0,0.0,0.0,0.0,0.0,0.0,0.0,0.0,0.0,0.0,0.0,0.0,0.0,0.0,0.0,0.0,0.0,0.0,0.0,0.0,0.0,0.0,0.0,0.0,0.0,0.0,0.0,0.0,0.0,0.0,0.0,0.0,0.0,0.0,0.0,0.0,0.0,0.0,0.0,0.0,0.0,0.0,0.0,0.0,0.0,0.0,0.0,0.0,0.0,0.0,0.0,0.0,0.0,0.0,0.0,0.0,0.0,0.0,0.0,0.0,0.0,0.0,0.0,0.0,0.0,0.0,0.0,0.0,0.0,0.0,0.0,0.0,0.0,0.0,0.0,0.0,0.0,0.0,0.0,0.0,0.0,0.0,0.0,0.0,0.0,0.0,0.0,0.0,0.0,0.0,0.0,0.0,0.0,0.0,0.0,0.0,0.0,0.0,0.0,0.0,0.0,0.0,0.0,0.0,0.0,0.0,0.0,0.0,0.0,0.0,0.0,0.0,0.0,0.0,0.0,0.0,0.0,0.0,0.0,0.0,0.0,0.0,0.0,0.0,0.0,0.0,0.0,0.0,0.0,0.0,0.0,0.0,0.0,0.0,0.0,0.0,0.0,0.0,0.0,0.0,0.0,0.0,0.0,0.0,0.0,0.0,0.0,0.0,0.0,0.0,0.0,0.0,0.0,0.0,0.0,0.0,0.0,0.0,0.0,0.0,0.0,0.0,0.0,0.0,0.0,0.0,0.0,0.0,0.0,0.0,0.0,0.0,0.0,0.0,0.0,0.0
Electricity|Total,5.6630335,6.291249,8.9012,9.16594,13.328717,11.274468,8.145557,9.485844,5.1107473,5.87429,7.074149,10.703256,12.760181,9.686047,7.4101024,9.034934,4.924387,5.304227,7.882727,9.458994,12.6002865,8.970602,9.243289,8.814495,4.803415,5.706826,7.0010395,12.725778,15.047602,8.092336,6.9917326,8.096922,4.8060946,4.96928,8.417638,11.512804,10.201858,10.418188,8.614956,8.638953,4.0381546,4.2583776,8.262009,16.872635,15.464108,11.271719,5.176707,5.2565017,5.171139,5.1467657,6.480132,12.703222,17.258265,11.9963875,6.20599,5.252462,3.760948,4.935744,10.375935,17.595936,17.595936,6.3332763,5.8645697,8.095346,4.988587,4.969784,8.650606,17.348358,17.595936,5.7303386,6.4429793,8.717711,4.33726,4.516185,8.711025,16.07559,17.595936,14.982189,5.375859,5.047919,5.5724535,4.764381,11.64831,17.595936,13.537328,6.291485,6.7108274,5.280292,4.27534,4.645032,13.159914,17.595934,17.595934,8.728317,5.096332,5.519412,5.0005555,6.3579392,7.670589,15.0385065,13.833805,10.344146,7.7511353,9.379886,6.14393,4.2158246,11.502665,17.595934,17.595934,8.2962,5.6707244,5.7008033,4.4503818,4.4735017,10.929443,17.595936,17.595934,6.0507298,5.9694543,4.9508443,7.9574423,5.348438,7.8199444,15.165624,17.595934,10.875416,5.8288965,5.655236,6.9130325,4.4536624,6.905112,14.854097,17.595934,9.504717,4.078282,4.315868,6.8661175,4.550644,6.1085234,15.883316,15.687931,5.513047,4.6984687,5.4595222,5.488355,5.914028,6.5774364,9.360574,16.813925,9.260278,5.701875,8.121095,8.371517,5.7687426,6.505446,14.657906,9.17192,6.308399,6.455901,7.977785,3.9335694,4.4460835,7.2086115,16.514217,13.295674,8.8280525,6.09705,8.288378,4.851532,6.806069,9.898226,12.468589,8.7882395,8.027793,10.082701,8.896008,8.02498,5.815333,8.630214,10.337413,12.993054,7.2529554,7.314004,9.024488,5.1341357,7.1193485,9.7189455,10.203482,11.216076,10.273118,7.6404357,9.201786
Electricity|Thermal,1.1246293,1.1055266,1.1055266,1.1055266,1.1185917,1.1244867,1.1247033,1.1246167,1.1242663,1.1040066,1.1029885,1.1034356,1.1180317,1.1206813,1.1247033,1.1246167,1.1242663,1.1040066,1.1040863,1.1048511,1.1174213,1.1236974,1.1247033,1.1247033,1.1240174,1.1239442,1.1247033,1.1238871,1.104297,1.127066,1.1263838,1.1262321,1.1267097,1.1239442,1.122665,1.1235416,1.1259024,1.1261809,1.1272689,1.1271173,1.1259401,1.1248293,1.1283786,0.62236565,0.676808,1.1240344,1.1247033,1.1247033,1.0911876,1.1063926,1.0598804,0.97463214,0.52281183,0.689901,0.714815,1.0681735,0.50409114,0.78024983,0.6454272,0.19941872,0.20321134,0.29901737,0.7901028,0.6405829,0.1927062,0.19082585,0.19434813,0.21186802,0.20131168,0.1983374,0.19326538,0.20221616,0.21507153,0.21403417,0.21214126,0.21390983,0.20734549,0.21372184,0.21673332,0.21580791,0.19397223,0.19272393,0.20035532,0.18112402,0.19498035,0.19557497,0.19563404,0.19470863,0.19397223,0.20324181,0.18983743,0.18112402,0.19498035,0.19557497,0.19563404,0.19470863,0.19397223,0.19272393,0.18983743,0.19281057,0.19498035,0.19557497,0.19563404,0.19470863,0.19397223,0.19272393,0.20035532,0.18112402,0.19498035,0.19557497,0.19563404,0.19470863,0.19397223,0.19272393,0.20035532,0.18112402,0.19498035,0.19557497,0.19563404,0.19470863,0.1927062,0.19082585,0.1981757,0.19076875,0.1802124,0.19306259,0.19326538,0.19311377,0.33397925,0.3320989,0.33944875,0.29672354,0.1802124,0.34763467,0.431773,0.4802387,0.64293146,0.6410511,0.6378831,0.58403385,0.58516407,0.6432879,0.64349073,0.6433391,1.1267097,1.1248293,1.1307636,1.1298631,0.5633957,1.1307414,1.1272689,1.1271173,1.1267097,1.1248293,1.1059879,0.76392686,1.1259024,1.127066,1.1272689,1.1271173,1.1267097,1.1248293,1.1233593,0.6276167,0.8073877,1.1245506,1.1247033,1.1247033,1.1242663,1.1040066,1.101573,1.1034356,1.1185917,1.1244867,1.1247033,1.1246167,1.1242663,1.1040066,1.101573,1.1045831,1.1173167,1.1244867,1.1247033,1.1246167,1.1242663,1.1040066,1.1026735,1.1034356,1.1186657,1.1244867,1.1247033,1.1246167
Electricity|Thermal|Hydrogen,0.0,0.0,0.0,0.0,0.0,0.0,0.0,0.0,0.0,0.0,0.0,0.0,0.0,0.0,0.0,0.0,0.0,0.0,0.0,0.0,0.0,0.0,0.0,0.0,0.0,0.0,0.0,0.0,0.0,0.0,0.0,0.0,0.0,0.0,0.0,0.0,0.0,0.0,0.0,0.0,0.0,0.0,0.0,0.0,0.0,0.0,0.0,0.0,0.0,0.0,0.0,0.0,0.0,0.0,0.0,0.0,0.0,0.0,0.0,0.0,0.0,0.0,0.0,0.0,0.0,0.0,0.0,0.0,0.0,0.0,0.0,0.0,0.0,0.0,0.0,0.0,0.0,0.0,0.0,0.0,0.0,0.0,0.0,0.0,0.0,0.0,0.0,0.0,0.0,0.0,0.0,0.0,0.0,0.0,0.0,0.0,0.0,0.0,0.0,0.0,0.0,0.0,0.0,0.0,0.0,0.0,0.0,0.0,0.0,0.0,0.0,0.0,0.0,0.0,0.0,0.0,0.0,0.0,0.0,0.0,0.0,0.0,0.0,0.0,0.0,0.0,0.0,0.0,0.0,0.0,0.0,0.0,0.0,0.0,0.0,0.0,0.0,0.0,0.0,0.0,0.0,0.0,0.0,0.0,0.0,0.0,0.0,0.0,0.0,0.0,0.0,0.0,0.0,0.0,0.0,0.0,0.0,0.0,0.0,0.0,0.0,0.0,0.0,0.0,0.0,0.0,0.0,0.0,0.0,0.0,0.0,0.0,0.0,0.0,0.0,0.0,0.0,0.0,0.0,0.0,0.0,0.0,0.0,0.0,0.0,0.0,0.0,0.0,0.0,0.0,0.0,0.0
Electricity|Thermal|Gas,0.94176704,0.9225903,0.9225903,0.9225903,0.93686354,0.94176704,0.94176704,0.94176704,0.94176704,0.9225903,0.9225903,0.9225903,0.93686354,0.94176704,0.94176704,0.94176704,0.94176704,0.9225903,0.9225903,0.9225903,0.93686354,0.94176704,0.94176704,0.94176704,0.94176704,0.94176704,0.94176704,0.94176704,0.93184817,0.94176704,0.94176704,0.94176704,0.94176704,0.94176704,0.94176704,0.94176704,0.94176704,0.94176704,0.94176704,0.94176704,0.94176704,0.94176704,0.9454424,0.4359984,0.48855865,0.9454424,0.94176704,0.94176704,0.90624493,0.9233303,0.876944,0.7916269,0.3261237,0.50460184,0.5293131,0.8828233,0.31138495,0.58942395,0.447349,0.0,0.0,0.105954796,0.5968374,0.43836677,0.0,0.0,0.0,0.0,0.0,0.0,0.0,0.0,0.0,0.0,0.0,0.0,0.0,0.0,0.0,0.0,0.0,0.0,0.0,0.0,0.0,0.0,0.0,0.0,0.0,0.0,0.0,0.0,0.0,0.0,0.0,0.0,0.0,0.0,0.0,0.0,0.0,0.0,0.0,0.0,0.0,0.0,0.0,0.0,0.0,0.0,0.0,0.0,0.0,0.0,0.0,0.0,0.0,0.0,0.0,0.0,0.0,0.0,0.0,0.0,0.0,0.0,0.0,0.0,0.14127307,0.14127307,0.14127307,0.105954796,0.0,0.15457208,0.23850764,0.28712493,0.45425442,0.45425442,0.45425442,0.39729422,0.39729422,0.45425442,0.45425442,0.45425442,0.94176704,0.94176704,0.94176704,0.9454424,0.39094675,0.9454424,0.94176704,0.94176704,0.94176704,0.94176704,0.9217092,0.58579326,0.94176704,0.94176704,0.94176704,0.94176704,0.94176704,0.94176704,0.94176704,0.43956405,0.6232523,0.94176704,0.94176704,0.94176704,0.94176704,0.9225903,0.9225903,0.9225903,0.93686354,0.94176704,0.94176704,0.94176704,0.94176704,0.9225903,0.9225903,0.9225903,0.93686354,0.94176704,0.94176704,0.94176704,0.94176704,0.9225903,0.9225903,0.9225903,0.93686354,0.94176704,0.94176704,0.94176704
Electricity|Thermal|Wood,0.0,0.0,0.0,0.0,0.0,0.0,0.0,0.0,0.0,0.0,0.0,0.0,0.0,0.0,0.0,0.0,0.0,0.0,0.0,0.0,0.0,0.0,0.0,0.0,0.0,0.0,0.0,0.0,0.0,0.0,0.0,0.0,0.0,0.0,0.0,0.0,0.0,0.0,0.0,0.0,0.0,0.0,0.0,0.0,0.0,0.0,0.0,0.0,0.0,0.0,0.0,0.0,0.0,0.0,0.0,0.0,0.0,0.0,0.0,0.0,0.0,0.0,0.0,0.0,0.0,0.0,0.0,0.0,0.0,0.0,0.0,0.0,0.0,0.0,0.0,0.0,0.0,0.0,0.0,0.0,0.0,0.0,0.0,0.0,0.0,0.0,0.0,0.0,0.0,0.0,0.0,0.0,0.0,0.0,0.0,0.0,0.0,0.0,0.0,0.0,0.0,0.0,0.0,0.0,0.0,0.0,0.0,0.0,0.0,0.0,0.0,0.0,0.0,0.0,0.0,0.0,0.0,0.0,0.0,0.0,0.0,0.0,0.0,0.0,0.0,0.0,0.0,0.0,0.0,0.0,0.0,0.0,0.0,0.0,0.0,0.0,0.0,0.0,0.0,0.0,0.0,0.0,0.0,0.0,0.0,0.0,0.0,0.0,0.0,0.0,0.0,0.0,0.0,0.0,0.0,0.0,0.0,0.0,0.0,0.0,0.0,0.0,0.0,0.0,0.0,0.0,0.0,0.0,0.0,0.0,0.0,0.0,0.0,0.0,0.0,0.0,0.0,0.0,0.0,0.0,0.0,0.0,0.0,0.0,0.0,0.0,0.0,0.0,0.0,0.0,0.0,0.0
Electricity|Thermal|Waste,0.17385001,0.17392412,0.17392412,0.17392412,0.17271589,0.17370754,0.17392412,0.17383748,0.17348701,0.17240408,0.17138597,0.1718331,0.17215596,0.16990212,0.17392412,0.17383748,0.17348701,0.17240408,0.17248376,0.17324859,0.17154545,0.17291811,0.17392412,0.17392412,0.17323802,0.17316493,0.17392412,0.17310782,0.16343668,0.17628688,0.17560446,0.17545286,0.17593049,0.17316493,0.17188582,0.17276223,0.17512321,0.17540167,0.17648967,0.17633806,0.17516081,0.17405014,0.17392412,0.17735499,0.17923711,0.1695798,0.17392412,0.17392412,0.17593049,0.17405014,0.17392412,0.17399302,0.18767591,0.17628688,0.17648967,0.17633806,0.18369395,0.1818136,0.189066,0.19040647,0.19419909,0.18405034,0.18425313,0.19320391,0.18369395,0.1818136,0.18533587,0.20285577,0.19229943,0.18932515,0.18425313,0.19320391,0.20605928,0.20502192,0.20312901,0.20489758,0.19833323,0.20470959,0.20772107,0.20679566,0.18495998,0.18371168,0.19134307,0.17211176,0.1859681,0.18656272,0.18662179,0.18569638,0.18495998,0.19422956,0.18082517,0.17211176,0.1859681,0.18656272,0.18662179,0.18569638,0.18495998,0.18371168,0.18082517,0.18379831,0.1859681,0.18656272,0.18662179,0.18569638,0.18495998,0.18371168,0.19134307,0.17211176,0.1859681,0.18656272,0.18662179,0.18569638,0.18495998,0.18371168,0.19134307,0.17211176,0.1859681,0.18656272,0.18662179,0.18569638,0.18369395,0.1818136,0.18916345,0.1817565,0.17120014,0.18405034,0.18425313,0.18410152,0.18369395,0.1818136,0.18916345,0.1817565,0.17120014,0.18405034,0.18425313,0.18410152,0.17966482,0.17778447,0.17461643,0.17772737,0.17885756,0.18002121,0.18022402,0.1800724,0.17593049,0.17405014,0.17998447,0.17540854,0.16343668,0.17628688,0.17648967,0.17633806,0.17593049,0.17405014,0.17526658,0.16912137,0.17512321,0.17628688,0.17648967,0.17633806,0.17593049,0.17405014,0.17258015,0.17904042,0.17512321,0.17377141,0.17392412,0.17392412,0.17348701,0.17240408,0.16997045,0.1718331,0.17271589,0.17370754,0.17392412,0.17383748,0.17348701,0.17240408,0.16997045,0.17298064,0.17144084,0.17370754,0.17392412,0.17383748,0.17348701,0.17240408,0.171071,0.1718331,0.17278999,0.17370754,0.17392412,0.17383748
Electricity|Thermal|Biogas,0.00901225,0.00901225,0.00901225,0.00901225,0.00901225,0.00901225,0.00901225,0.00901225,0.00901225,0.00901225,0.00901225,0.00901225,0.00901225,0.00901225,0.00901225,0.00901225,0.00901225,0.00901225,0.00901225,0.00901225,0.00901225,0.00901225,0.00901225,0.00901225,0.00901225,0.00901225,0.00901225,0.00901225,0.00901225,0.00901225,0.00901225,0.00901225,0.00901225,0.00901225,0.00901225,0.00901225,0.00901225,0.00901225,0.00901225,0.00901225,0.00901225,0.00901225,0.00901225,0.00901225,0.00901225,0.00901225,0.00901225,0.00901225,0.00901225,0.00901225,0.00901225,0.00901225,0.00901225,0.00901225,0.00901225,0.00901225,0.00901225,0.00901225,0.00901225,0.00901225,0.00901225,0.00901225,0.00901225,0.00901225,0.00901225,0.00901225,0.00901225,0.00901225,0.00901225,0.00901225,0.00901225,0.00901225,0.00901225,0.00901225,0.00901225,0.00901225,0.00901225,0.00901225,0.00901225,0.00901225,0.00901225,0.00901225,0.00901225,0.00901225,0.00901225,0.00901225,0.00901225,0.00901225,0.00901225,0.00901225,0.00901225,0.00901225,0.00901225,0.00901225,0.00901225,0.00901225,0.00901225,0.00901225,0.00901225,0.00901225,0.00901225,0.00901225,0.00901225,0.00901225,0.00901225,0.00901225,0.00901225,0.00901225,0.00901225,0.00901225,0.00901225,0.00901225,0.00901225,0.00901225,0.00901225,0.00901225,0.00901225,0.00901225,0.00901225,0.00901225,0.00901225,0.00901225,0.00901225,0.00901225,0.00901225,0.00901225,0.00901225,0.00901225,0.00901225,0.00901225,0.00901225,0.00901225,0.00901225,0.00901225,0.00901225,0.00901225,0.00901225,0.00901225,0.00901225,0.00901225,0.00901225,0.00901225,0.00901225,0.00901225,0.00901225,0.00901225,0.00901225,0.00901225,0.00901225,0.00901225,0.00901225,0.00901225,0.00901225,0.00901225,0.00901225,0.00901225,0.00901225,0.00901225,0.00901225,0.00901225,0.00901225,0.00901225,0.00901225,0.00901225,0.00901225,0.00901225,0.00901225,0.00901225,0.00901225,0.00901225,0.00901225,0.00901225,0.00901225,0.00901225,0.00901225,0.00901225,0.00901225,0.00901225,0.00901225,0.00901225,0.00901225,0.00901225,0.00901225,0.00901225,0.00901225,0.00901225,0.00901225,0.00901225,0.00901225,0.00901225,0.00901225,0.00901225
Electricity|Thermal|Geothermal,0.0,0.0,0.0,0.0,0.0,0.0,0.0,0.0,0.0,0.0,0.0,0.0,0.0,0.0,0.0,0.0,0.0,0.0,0.0,0.0,0.0,0.0,0.0,0.0,0.0,0.0,0.0,0.0,0.0,0.0,0.0,0.0,0.0,0.0,0.0,0.0,0.0,0.0,0.0,0.0,0.0,0.0,0.0,0.0,0.0,0.0,0.0,0.0,0.0,0.0,0.0,0.0,0.0,0.0,0.0,0.0,0.0,0.0,0.0,0.0,0.0,0.0,0.0,0.0,0.0,0.0,0.0,0.0,0.0,0.0,0.0,0.0,0.0,0.0,0.0,0.0,0.0,0.0,0.0,0.0,0.0,0.0,0.0,0.0,0.0,0.0,0.0,0.0,0.0,0.0,0.0,0.0,0.0,0.0,0.0,0.0,0.0,0.0,0.0,0.0,0.0,0.0,0.0,0.0,0.0,0.0,0.0,0.0,0.0,0.0,0.0,0.0,0.0,0.0,0.0,0.0,0.0,0.0,0.0,0.0,0.0,0.0,0.0,0.0,0.0,0.0,0.0,0.0,0.0,0.0,0.0,0.0,0.0,0.0,0.0,0.0,0.0,0.0,0.0,0.0,0.0,0.0,0.0,0.0,0.0,0.0,0.0,0.0,0.0,0.0,0.0,0.0,0.0,0.0,0.0,0.0,0.0,0.0,0.0,0.0,0.0,0.0,0.0,0.0,0.0,0.0,0.0,0.0,0.0,0.0,0.0,0.0,0.0,0.0,0.0,0.0,0.0,0.0,0.0,0.0,0.0,0.0,0.0,0.0,0.0,0.0,0.0,0.0,0.0,0.0,0.0,0.0
Electricity|Hydro|Total,3.5532298,4.3528004,6.7768006,4.3528004,6.3224993,8.746499,6.3224993,7.7095118,3.818626,4.3781457,5.4062314,4.9689236,2.5449233,2.69952,5.1235204,6.7731266,3.1507719,3.7271023,6.151102,3.7271023,3.189403,5.6134033,8.037403,7.604533,2.8484154,3.7636957,3.8742716,2.265463,2.265463,3.1562586,5.5802584,6.6965437,2.5272279,2.934462,2.5272279,2.5272279,2.5272279,4.951228,7.375228,7.3318057,2.5272279,2.5272279,2.5272279,2.5272279,2.5272279,2.5272279,3.8655343,3.875473,3.461225,3.4426348,3.479815,2.8418217,2.8182023,2.8182023,4.9470205,3.880878,2.8182023,3.424771,2.8182023,2.8182023,2.8182023,2.8182023,3.8750086,6.2990084,3.9367154,3.9533725,3.9367154,3.9367154,3.9367154,3.9367154,5.9470177,8.371017,3.9367154,3.9367154,3.9367154,3.9367154,3.9367154,3.9367154,3.9367154,3.9367154,4.7982345,3.6361868,3.6361868,3.6361868,3.6485267,4.293581,5.7799997,4.7339797,3.8696456,3.6361868,3.6361868,3.6361868,3.6361868,3.6450315,3.6361868,4.8190494,4.3275967,5.620475,3.7755015,2.9750538,2.9750538,5.26718,6.3246117,8.573279,5.556327,3.132327,2.9750538,2.9750538,2.9750538,2.9750538,3.8765507,4.7781916,3.3157516,3.0560555,3.0560555,3.0560555,3.0560555,3.0560555,5.2216043,4.586543,7.1423593,4.718359,3.3443053,3.0560555,3.0560555,3.0560555,5.020195,5.020195,5.9187174,3.4947176,2.5792453,2.5792453,1.4038386,2.5792453,3.2884026,3.7489564,6.0430193,3.6190195,2.5792453,2.5792453,2.5792453,2.5792453,2.5792453,3.2884026,3.5372076,4.1576223,4.6708746,2.6601665,2.6601665,4.683385,4.3475266,6.7715263,6.577117,4.153117,3.600408,2.6601665,2.6601665,4.1108027,5.0065374,6.530221,2.554611,2.8490827,2.554611,2.554611,2.554611,4.1056314,4.051049,6.475049,3.5677528,5.446541,7.8705406,5.446541,3.971806,6.3958063,8.819806,7.5207977,6.773987,4.349987,6.4564033,4.032403,6.4564033,4.032403,4.5778303,6.461495,3.5313425,5.3305492,7.7545495,5.3305492,7.7545495,8.3202915,5.8962913,7.354512
Electricity|Hydro|Dams,1.8163065,2.6158772,5.0398774,2.6158772,4.585576,7.009576,4.585576,5.9725885,2.0817027,2.6412222,3.6693082,3.232,0.808,0.9625969,3.386597,5.0362034,1.6933088,2.2696393,4.6936393,2.2696393,1.7319399,4.15594,6.57994,6.14707,1.3909525,2.3062327,2.4168086,0.808,0.808,1.6987956,4.1227956,5.2390804,0.808,1.2152343,0.808,0.808,0.808,3.232,5.656,5.612578,0.808,0.808,0.808,0.808,0.808,0.808,2.1463063,2.156245,1.4510227,1.4324327,1.4696127,0.8316194,0.808,0.808,2.9368181,1.8706759,0.808,1.4145689,0.808,0.808,0.808,0.808,1.8648063,4.2888064,0.808,0.82465714,0.808,0.808,0.808,0.808,2.8183022,5.242302,0.808,0.808,0.808,0.808,0.808,0.808,0.808,0.808,1.9700478,0.808,0.808,0.808,0.8203398,1.4653941,2.9518127,1.9057931,1.0414588,0.808,0.808,0.808,0.808,0.8168446,0.808,1.9908626,2.160543,3.453421,1.6084478,0.808,0.808,3.1001263,4.157558,6.4062257,3.3892732,0.96527326,0.808,0.808,0.808,0.808,1.709497,2.611138,1.0676961,0.808,0.808,0.808,0.808,0.808,2.9735491,2.3384876,4.894304,2.4703038,1.0962498,0.808,0.808,0.808,2.7721395,2.7721395,4.1474724,1.7234725,0.808,0.808,0.808,0.808,1.5171574,1.9777112,4.2717743,1.8477744,0.808,0.808,0.808,0.808,0.808,1.5171574,1.6850411,2.3054557,2.8187084,0.808,0.808,2.8312182,2.49536,4.91936,4.724951,2.3009508,1.7482415,0.808,0.808,2.2586362,3.1543708,4.6780543,0.808,1.1024718,0.808,0.808,0.808,2.3590205,2.304438,4.7284384,1.8211421,3.6999297,6.1239295,3.6999297,2.2251952,4.649195,7.0731955,5.774187,4.9522004,2.5282006,4.634617,2.2106168,4.634617,2.2106168,2.756044,4.6397085,1.7095561,3.508763,5.932763,3.508763,5.932763,6.4985046,4.074505,5.532726
Electricity|Hydro|RoR,1.7369233,1.7369233,1.7369233,1.7369233,1.7369233,1.7369233,1.7369233,1.7369233,1.7369233,1.7369233,1.7369233,1.7369233,1.7369233,1.7369233,1.7369233,1.7369233,1.457463,1.457463,1.457463,1.457463,1.457463,1.457463,1.457463,1.457463,1.457463,1.457463,1.457463,1.457463,1.457463,1.457463,1.457463,1.457463,1.7192279,1.7192279,1.7192279,1.7192279,1.7192279,1.7192279,1.7192279,1.7192279,1.7192279,1.7192279,1.7192279,1.7192279,1.7192279,1.7192279,1.7192279,1.7192279,2.0102022,2.0102022,2.0102022,2.0102022,2.0102022,2.0102022,2.0102022,2.0102022,2.0102022,2.0102022,2.0102022,2.0102022,2.0102022,2.0102022,2.0102022,2.0102022,3.1287153,3.1287153,3.1287153,3.1287153,3.1287153,3.1287153,3.1287153,3.1287153,3.1287153,3.1287153,3.1287153,3.1287153,3.1287153,3.1287153,3.1287153,3.1287153,2.8281868,2.8281868,2.8281868,2.8281868,2.8281868,2.8281868,2.8281868,2.8281868,2.8281868,2.8281868,2.8281868,2.8281868,2.8281868,2.8281868,2.8281868,2.8281868,2.1670537,2.1670537,2.1670537,2.1670537,2.1670537,2.1670537,2.1670537,2.1670537,2.1670537,2.1670537,2.1670537,2.1670537,2.1670537,2.1670537,2.1670537,2.1670537,2.2480555,2.2480555,2.2480555,2.2480555,2.2480555,2.2480555,2.2480555,2.2480555,2.2480555,2.2480555,2.2480555,2.2480555,2.2480555,2.2480555,2.2480555,2.2480555,1.7712452,1.7712452,1.7712452,1.7712452,0.59583867,1.7712452,1.7712452,1.7712452,1.7712452,1.7712452,1.7712452,1.7712452,1.7712452,1.7712452,1.7712452,1.7712452,1.8521664,1.8521664,1.8521664,1.8521664,1.8521664,1.8521664,1.8521664,1.8521664,1.8521664,1.8521664,1.8521664,1.8521664,1.8521664,1.8521664,1.8521664,1.8521664,1.7466109,1.7466109,1.7466109,1.7466109,1.7466109,1.7466109,1.7466109,1.7466109,1.7466109,1.7466109,1.7466109,1.7466109,1.7466109,1.7466109,1.7466109,1.7466109,1.8217864,1.8217864,1.8217864,1.8217864,1.8217864,1.8217864,1.8217864,1.8217864,1.8217864,1.8217864,1.8217864,1.8217864,1.8217864,1.8217864,1.8217864,1.8217864
Electricity|Nuclear,0.0,0.0,0.0,0.0,0.0,0.0,0.0,0.0,0.0,0.0,0.0,0.0,0.0,0.0,0.0,0.0,0.0,0.0,0.0,0.0,0.0,0.0,0.0,0.0,0.0,0.0,0.0,0.0,0.0,0.0,0.0,0.0,0.0,0.0,0.0,0.0,0.0,0.0,0.0,0.0,0.0,0.0,0.0,0.0,0.0,0.0,0.0,0.0,0.0,0.0,0.0,0.0,0.0,0.0,0.0,0.0,0.0,0.0,0.0,0.0,0.0,0.0,0.0,0.0,0.0,0.0,0.0,0.0,0.0,0.0,0.0,0.0,0.0,0.0,0.0,0.0,0.0,0.0,0.0,0.0,0.0,0.0,0.0,0.0,0.0,0.0,0.0,0.0,0.0,0.0,0.0,0.0,0.0,0.0,0.0,0.0,0.0,0.0,0.0,0.0,0.0,0.0,0.0,0.0,0.0,0.0,0.0,0.0,0.0,0.0,0.0,0.0,0.0,0.0,0.0,0.0,0.0,0.0,0.0,0.0,0.0,0.0,0.0,0.0,0.0,0.0,0.0,0.0,0.0,0.0,0.0,0.0,0.0,0.0,0.0,0.0,0.0,0.0,0.0,0.0,0.0,0.0,0.0,0.0,0.0,0.0,0.0,0.0,0.0,0.0,0.0,0.0,0.0,0.0,0.0,0.0,0.0,0.0,0.0,0.0,0.0,0.0,0.0,0.0,0.0,0.0,0.0,0.0,0.0,0.0,0.0,0.0,0.0,0.0,0.0,0.0,0.0,0.0,0.0,0.0,0.0,0.0,0.0,0.0,0.0,0.0,0.0,0.0,0.0,0.0,0.0,0.0
Electricity|Solar,0.0,0.0,0.21713746,2.9756758,5.021161,0.83042145,0.0,0.0,0.0,0.0,0.21283174,4.068456,8.166307,4.732588,0.0,0.0,0.0,0.0,0.25099668,4.3092985,8.059743,2.1319435,0.0,0.0,0.0,0.0,1.3051919,8.96576,11.382198,3.4482002,0.0,0.0,0.0,0.0,4.1866336,7.4589605,6.3595505,4.1944895,0.000666,0.0,0.0,0.0,4.3323035,13.5703535,12.0673065,7.423317,0.06594851,0.0,0.0,1.82e-06,1.7667209,8.541276,13.446086,7.9959955,0.16302918,0.0,0.0,0.23207836,6.6130123,14.578314,14.574521,2.4320517,0.15407029,0.0,0.0,0.18625551,3.8900137,13.095543,13.457908,1.2646174,0.14551575,0.0,0.0,0.22948118,4.562168,11.924965,13.451874,10.831752,1.2224102,0.0,0.0,0.29408994,7.1498237,13.778624,9.33255,1.3875587,0.2930299,0.0,0.0,0.69263387,9.19661,13.778624,13.764768,4.4821343,0.70079863,0.0,0.0,0.18682857,3.1242936,11.105302,10.232504,4.642322,0.93382776,0.0,0.0,0.564237,8.119988,14.439756,14.4259,4.2140484,0.6152784,0.0,0.0,0.39375368,7.205526,14.358755,14.344899,2.6168988,0.4586746,0.0,0.0,0.016565189,4.2008915,11.852604,14.359667,7.4995923,0.41333368,0.0,0.0,0.000921,3.778725,11.832184,16.011883,6.4194255,0.20429188,0.0,0.0,0.0,2.5949008,12.236263,11.899536,1.1004584,0.010685894,0.0,0.0,0.0,0.33220133,5.2966347,13.345183,3.2006755,0.0,0.0,0.0,0.0,1.4941127,11.179232,5.2414465,0.7730297,0.0,0.0,0.0,0.0,2.625311,12.159368,8.948989,2.757932,0.0,0.0,0.0,0.0,0.6942384,5.8678427,3.636419,0.45266178,0.0,0.0,0.0,0.0,0.63252795,4.8063965,4.5009303,0.5442451,0.0,0.0,0.0,0.0,0.23170649,3.5184786,2.127617,0.561392,0.0,0.0
Electricity|Wind,0.98492485,0.83267194,0.80148643,0.7316878,0.86621505,0.57281137,0.6981052,0.651465,0.16760516,0.3918883,0.3518479,0.5621901,0.9306677,1.1330066,1.1616293,1.1369413,0.64909947,0.47286803,0.3762916,0.31749257,0.23346922,0.10130747,0.080932416,0.08500901,0.8307322,0.8189361,0.6966228,0.3704172,0.29564306,0.36056086,0.2848405,0.273896,1.1519071,0.9106237,0.58086205,0.40282488,0.18892643,0.14603949,0.111542284,0.17977972,0.3847365,0.6060706,0.27384868,0.15268663,0.19276646,0.19689034,0.120271064,0.25607574,0.61872613,0.5977361,0.17371611,0.3454925,0.47116485,0.49228892,0.38112515,0.30340984,0.43865466,0.4986443,0.29929385,0.0,0.0,0.7840052,1.0453876,1.155755,0.8591658,0.63932985,0.62952864,0.104231864,0.0,0.33066857,0.15718111,0.14447825,0.18547276,0.13595448,0.0,0.0,0.0,0.0,0.0,0.8953959,0.580247,0.64138,0.66194427,0.0,0.36127052,0.41477078,0.44216356,0.35160342,0.21172217,0.11296949,0.13727918,0.0,0.0,0.4055768,0.563712,0.50565416,0.47898683,0.35791147,0.58095664,0.7653412,0.43126634,0.23906761,0.29706237,0.6118977,0.39363086,0.32653677,0.20726712,0.0,0.0,0.9115227,0.98326105,0.72790295,0.94065803,0.83096874,0.4675062,0.0,0.0,0.18220046,0.09354066,0.16959222,0.6223769,0.42268738,0.07657198,0.06619522,0.0,0.12670529,0.20210238,0.44192696,0.6603357,0.62592524,0.20769292,0.14594486,0.0,0.15841118,0.15381418,0.08667275,0.18016611,0.29057294,0.29649463,0.48377305,0.62398547,1.1900551,1.4650472,1.5277807,0.8241876,0.6313265,0.4433463,0.27365944,0.24517857,0.24522588,0.22682998,0.22220144,0.6674401,0.49054632,0.30468723,0.054580502,0.14415497,0.2972516,0.32184514,0.32019714,0.25199914,0.4719218,0.90508056,1.1726211,0.9846882,0.8396897,0.92104787,0.6883751,0.15926278,0.25527146,0.23162411,0.050519682,0.06117242,0.054588377,0.13794152,0.2503433,0.12647662,0.36108917,0.43945894,0.39378068,0.91815406,1.5515702,1.6112206,1.4381274,0.47827718,0.6845429,0.6297653,0.25076908,0.21499446,0.26669693,0.61919135,0.722407
Electricity|Imports,0.00025,0.00025,0.00025,0.00025,0.00025,0.00025,0.00025,0.00025,0.00025,0.00025,0.00025,0.00025,0.00025,0.00025,0.00025,0.00025,0.00025,0.00025,0.00025,0.00025,0.00025,0.00025,0.00025,0.00025,0.00025,0.00025,0.00025,0.00025,0.0,0.00025,0.00025,0.00025,0.00025,0.00025,0.00025,0.00025,0.00025,0.00025,0.00025,0.00025,0.00025,0.00025,0.00025,0.0,0.0,0.00025,0.00025,0.00025,0.0,0.0,0.0,0.0,0.0,0.0,0.0,0.0,0.0,0.0,0.0,0.0,0.0,0.0,0.0,0.0,0.0,0.0,0.0,0.0,0.0,0.0,0.0,0.0,0.0,0.0,0.0,0.0,0.0,0.0,0.0,0.0,0.0,0.0,0.0,0.0,0.0,0.0,0.0,0.0,0.0,0.0,0.0,0.0,0.0,0.0,0.0,0.0,0.0,0.0,0.0,0.0,0.0,0.0,0.0,0.0,0.0,0.0,0.0,0.0,0.0,0.0,0.0,0.0,0.0,0.0,0.0,0.0,0.0,0.0,0.0,0.0,0.0,0.0,0.0,0.0,0.0,0.0,0.0,0.0,0.0,0.0,0.0,0.0,0.0,0.0,0.0,0.0,0.0,0.0,0.0,0.0,0.0,0.0,0.0,0.0,0.00025,0.00025,0.00025,0.00025,0.0,0.00025,0.00025,0.00025,0.00025,0.00025,0.00025,0.0,0.00025,0.00025,0.00025,0.00025,0.00025,0.00025,0.00025,0.0,0.0,0.00025,0.00025,0.00025,0.00025,0.00025,0.00025,0.00025,0.00025,0.00025,0.00025,0.00025,0.00025,0.00025,0.00025,0.00025,0.00025,0.00025,0.00025,0.00025,0.00025,0.00025,0.00025,0.00025,0.00025,0.00025,0.00025,0.00025
CO2|Total,10.0,,,,,,,,,,,,,,,,,,,,,,,,,,,,,,,,,,,,,,,,,,,,,,,,,,,,,,,,,,,,,,,,,,,,,,,,,,,,,,,,,,,,,,,,,,,,,,,,,,,,,,,,,,,,,,,,,,,,,,,,,,,,,,,,,,,,,,,,,,,,,,,,,,,,,,,,,,,,,,,,,,,,,,,,,,,,,,,,,,,,,,,,,,,,,,,
Costs|System cost,25095.60487,,,,,,,,,,,,,,,,,,,,,,,,,,,,,,,,,,,,,,,,,,,,,,,,,,,,,,,,,,,,,,,,,,,,,,,,,,,,,,,,,,,,,,,,,,,,,,,,,,,,,,,,,,,,,,,,,,,,,,,,,,,,,,,,,,,,,,,,,,,,,,,,,,,,,,,,,,,,,,,,,,,,,,,,,,,,,,,,,,,,,,,,,,,,,,,
