Transport|Total,1.2878157,1.5085692,3.441304,3.3393066,3.7323534,4.413306,3.4228141,2.1372724,1.2878157,1.5085692,3.441304,3.3393066,3.7323534,4.413306,3.4228141,2.1372724,1.2879859,1.5160491,3.5127819,3.4074066,3.8134682,4.516969,3.4936798,2.1655703,1.2879859,1.5160491,3.5127819,3.4074066,3.8134682,4.516969,3.4936798,2.1655703,1.288921,1.5571585,3.9056232,3.7816856,4.259277,5.0867023,3.883156,2.3210952,1.288921,1.5571585,3.9056232,3.7816856,4.259277,5.0867023,3.883156,2.3210952,1.2886828,1.5466866,3.8055542,3.6863458,4.1457157,4.9415736,3.7839444,2.2814784,1.2886828,1.5466866,3.8055542,3.6863458,4.1457157,4.9415736,3.7839444,2.2814784,1.2889184,1.5570388,3.9044797,3.780596,4.257979,5.085044,3.8820221,2.3206427,1.2889184,1.5570388,3.9044797,3.780596,4.257979,5.085044,3.8820221,2.3206427,1.2889374,1.5578765,3.912485,3.7882235,4.267064,5.096654,3.8899586,2.3238118,1.2889374,1.5578765,3.912485,3.7882235,4.267064,5.096654,3.8899586,2.3238118,1.2891647,1.5678695,4.0079794,3.8792055,4.3754334,5.235148,3.9846356,2.3616178,1.2891647,1.5678695,4.0079794,3.8792055,4.3754334,5.235148,3.9846356,2.3616178,1.2886637,1.5458488,3.7975485,3.6787183,4.136631,4.9299636,3.776008,2.2783089,1.2886637,1.5458488,3.7975485,3.6787183,4.136631,4.9299636,3.776008,2.2783089,1.2889034,1.5563805,3.8981893,3.7746036,4.2508407,5.0759215,3.875786,2.3181524,1.2889034,1.5563805,3.8981893,3.7746036,4.2508407,5.0759215,3.875786,2.3181524,1.2890652,1.5635014,3.9662364,3.8394349,4.3280625,5.1746087,3.94325,2.345092,1.2890652,1.5635014,3.9662364,3.8394349,4.3280625,5.1746087,3.94325,2.345092,1.2887195,1.5483023,3.8209937,3.7010548,4.1632366,4.963965,3.7992513,2.2875907,1.2887195,1.5483023,3.8209937,3.7010548,4.1632366,4.963965,3.7992513,2.2875907,1.2886556,1.5454899,3.7941177,3.6754491,4.132737,4.9249873,3.7726061,2.2769506,1.2886556,1.5454899,3.7941177,3.6754491,4.132737,4.9249873,3.7726061,2.2769506
Transport|Hydrogen,0.54009616,0.54009616,0.54009616,0.54009616,0.54009616,0.54009616,0.54009616,0.54009616,0.54009616,0.54009616,0.54009616,0.54009616,0.54009616,0.54009616,0.54009616,0.54009616,0.54009616,0.54009616,0.54009616,0.54009616,0.54009616,0.54009616,0.54009616,0.54009616,0.54009616,0.54009616,0.54009616,0.54009616,0.54009616,0.54009616,0.54009616,0.54009616,0.54009616,0.54009616,0.54009616,0.54009616,0.54009616,0.54009616,0.54009616,0.54009616,0.54009616,0.54009616,0.54009616,0.54009616,0.54009616,0.54009616,0.54009616,0.54009616,0.54009616,0.54009616,0.54009616,0.54009616,0.54009616,0.54009616,0.54009616,0.54009616,0.54009616,0.54009616,0.54009616,0.54009616,0.54009616,0.54009616,0.54009616,0.54009616,0.54009616,0.54009616,0.54009616,0.54009616,0.54009616,0.54009616,0.54009616,0.54009616,0.54009616,0.54009616,0.54009616,0.54009616,0.54009616,0.54009616,0.54009616,0.54009616,0.54009616,0.54009616,0.54009616,0.54009616,0.54009616,0.54009616,0.54009616,0.54009616,0.54009616,0.54009616,0.54009616,0.54009616,0.54009616,0.54009616,0.54009616,0.54009616,0.54009616,0.54009616,0.54009616,0.54009616,0.54009616,0.54009616,0.54009616,0.54009616,0.54009616,0.54009616,0.54009616,0.54009616,0.54009616,0.54009616,0.54009616,0.54009616,0.54009616,0.54009616,0.54009616,0.54009616,0.54009616,0.54009616,0.54009616,0.54009616,0.54009616,0.54009616,0.54009616,0.54009616,0.54009616,0.54009616,0.54009616,0.54009616,0.54009616,0.54009616,0.54009616,0.54009616,0.54009616,0.54009616,0.54009616,0.54009616,0.54009616,0.54009616,0.54009616,0.54009616,0.54009616,0.54009616,0.54009616,0.54009616,0.54009616,0.54009616,0.54009616,0.54009616,0.54009616,0.54009616,0.54009616,0.54009616,0.54009616,0.54009616,0.54009616,0.54009616,0.54009616,0.54009616,0.54009616,0.54009616,0.54009616,0.54009616,0.54009616,0.54009616,0.54009616,0.54009616,0.54009616,0.54009616,0.54009616,0.54009616,0.54009616,0.54009616,0.54009616,0.54009616,0.54009616,0.54009616,0.54009616,0.54009616,0.54009616,0.54009616,0.54009616,0.54009616,0.54009616,0.54009616,0.54009616,0.54009616,0.54009616,0.54009616,0.54009616,0.54009616,0.54009616,0.54009616
Transport|Gas,0.0,0.0,0.0,0.0,0.0,0.0,0.0,0.0,0.0,0.0,0.0,0.0,0.0,0.0,0.0,0.0,0.0,0.0,0.0,0.0,0.0,0.0,0.0,0.0,0.0,0.0,0.0,0.0,0.0,0.0,0.0,0.0,0.0,0.0,0.0,0.0,0.0,0.0,0.0,0.0,0.0,0.0,0.0,0.0,0.0,0.0,0.0,0.0,0.0,0.0,0.0,0.0,0.0,0.0,0.0,0.0,0.0,0.0,0.0,0.0,0.0,0.0,0.0,0.0,0.0,0.0,0.0,0.0,0.0,0.0,0.0,0.0,0.0,0.0,0.0,0.0,0.0,0.0,0.0,0.0,0.0,0.0,0.0,0.0,0.0,0.0,0.0,0.0,0.0,0.0,0.0,0.0,0.0,0.0,0.0,0.0,0.0,0.0,0.0,0.0,0.0,0.0,0.0,0.0,0.0,0.0,0.0,0.0,0.0,0.0,0.0,0.0,0.0,0.0,0.0,0.0,0.0,0.0,0.0,0.0,0.0,0.0,0.0,0.0,0.0,0.0,0.0,0.0,0.0,0.0,0.0,0.0,0.0,0.0,0.0,0.0,0.0,0.0,0.0,0.0,0.0,0.0,0.0,0.0,0.0,0.0,0.0,0.0,0.0,0.0,0.0,0.0,0.0,0.0,0.0,0.0,0.0,0.0,0.0,0.0,0.0,0.0,0.0,0.0,0.0,0.0,0.0,0.0,0.0,0.0,0.0,0.0,0.0,0.0,0.0,0.0,0.0,0.0,0.0,0.0,0.0,0.0,0.0,0.0,0.0,0.0,0.0,0.0,0.0,0.0,0.0,0.0
Transport|Liquid petroleum products,0.0,0.0,0.0,0.0,0.0,0.0,0.0,0.0,0.0,0.0,0.0,0.0,0.0,0.0,0.0,0.0,0.0,0.0,0.0,0.0,0.0,0.0,0.0,0.0,0.0,0.0,0.0,0.0,0.0,0.0,0.0,0.0,0.0,0.0,0.0,0.0,0.0,0.0,0.0,0.0,0.0,0.0,0.0,0.0,0.0,0.0,0.0,0.0,0.0,0.0,0.0,0.0,0.0,0.0,0.0,0.0,0.0,0.0,0.0,0.0,0.0,0.0,0.0,0.0,0.0,0.0,0.0,0.0,0.0,0.0,0.0,0.0,0.0,0.0,0.0,0.0,0.0,0.0,0.0,0.0,0.0,0.0,0.0,0.0,0.0,0.0,0.0,0.0,0.0,0.0,0.0,0.0,0.0,0.0,0.0,0.0,0.0,0.0,0.0,0.0,0.0,0.0,0.0,0.0,0.0,0.0,0.0,0.0,0.0,0.0,0.0,0.0,0.0,0.0,0.0,0.0,0.0,0.0,0.0,0.0,0.0,0.0,0.0,0.0,0.0,0.0,0.0,0.0,0.0,0.0,0.0,0.0,0.0,0.0,0.0,0.0,0.0,0.0,0.0,0.0,0.0,0.0,0.0,0.0,0.0,0.0,0.0,0.0,0.0,0.0,0.0,0.0,0.0,0.0,0.0,0.0,0.0,0.0,0.0,0.0,0.0,0.0,0.0,0.0,0.0,0.0,0.0,0.0,0.0,0.0,0.0,0.0,0.0,0.0,0.0,0.0,0.0,0.0,0.0,0.0,0.0,0.0,0.0,0.0,0.0,0.0,0.0,0.0,0.0,0.0,0.0,0.0
Transport|Electricity,0.74771965,0.96847314,2.9012074,2.79921,3.192257,3.8732104,2.882718,1.5971762,0.74771965,0.96847314,2.9012074,2.79921,3.192257,3.8732104,2.882718,1.5971762,0.74788976,0.97595304,2.9726853,2.8673105,3.2733722,3.9768739,2.9535832,1.6254741,0.74788976,0.97595304,2.9726853,2.8673105,3.2733722,3.9768739,2.9535832,1.6254741,0.7488249,1.0170624,3.3655267,3.2415895,3.7191806,4.546606,3.3430595,1.780999,0.7488249,1.0170624,3.3655267,3.2415895,3.7191806,4.546606,3.3430595,1.780999,0.74858665,1.0065906,3.265458,3.1462493,3.60562,4.401478,3.2438478,1.7413821,0.74858665,1.0065906,3.265458,3.1462493,3.60562,4.401478,3.2438478,1.7413821,0.7488222,1.0169427,3.3643832,3.2405,3.717883,4.5449476,3.341926,1.7805463,0.7488222,1.0169427,3.3643832,3.2405,3.717883,4.5449476,3.341926,1.7805463,0.7488412,1.0177804,3.3723888,3.2481275,3.7269678,4.5565577,3.3498626,1.7837155,0.7488412,1.0177804,3.3723888,3.2481275,3.7269678,4.5565577,3.3498626,1.7837155,0.74906856,1.0277735,3.467883,3.3391094,3.8353376,4.6950517,3.444539,1.8215216,0.74906856,1.0277735,3.467883,3.3391094,3.8353376,4.6950517,3.444539,1.8215216,0.74856764,1.0057528,3.2574525,3.1386218,3.5965347,4.389868,3.2359114,1.7382127,0.74856764,1.0057528,3.2574525,3.1386218,3.5965347,4.389868,3.2359114,1.7382127,0.7488072,1.0162845,3.3580928,3.234507,3.7107449,4.5358253,3.3356895,1.7780561,0.7488072,1.0162845,3.3580928,3.234507,3.7107449,4.5358253,3.3356895,1.7780561,0.7489692,1.0234053,3.4261398,3.2993388,3.7879667,4.6345124,3.4031534,1.8049957,0.7489692,1.0234053,3.4261398,3.2993388,3.7879667,4.6345124,3.4031534,1.8049957,0.74862343,1.0082062,3.2808976,3.1609588,3.6231408,4.423869,3.2591548,1.7474943,0.74862343,1.0082062,3.2808976,3.1609588,3.6231408,4.423869,3.2591548,1.7474943,0.7485595,1.0053937,3.2540216,3.135353,3.5926409,4.384892,3.2325096,1.7368544,0.7485595,1.0053937,3.2540216,3.135353,3.5926409,4.384892,3.2325096,1.7368544
Residential heating|Total,6.896568,6.896568,6.896568,6.896568,6.9542894,6.896568,6.896568,6.896568,5.284522,5.4012585,6.481562,5.986319,4.5523057,3.8870738,4.6997423,4.7381077,4.276794,4.6779013,6.344134,5.1934996,4.1507363,4.733531,4.14744,4.351634,6.278682,6.4169636,6.481562,4.8613286,5.809437,3.89077,4.6755624,5.2649517,2.1821656,2.4956717,4.2555447,2.4677415,1.6801815,2.0319211,2.4200387,2.369983,3.012888,3.148347,5.1362915,2.8942218,3.8230476,1.6253723,1.9707434,2.1384382,5.412204,6.2561893,6.4215007,3.4827416,5.5127254,2.6094782,2.8242717,3.1877518,4.429929,4.724737,6.286647,5.6600437,6.379591,3.0581105,4.482996,5.9007,4.1546783,5.3711452,4.305224,2.112415,4.006995,0.9806343,2.0459783,3.820767,0.901781,2.664844,2.9866161,3.171675,1.7902846,2.2152145,0.21243586,0.8477036,0.0,0.0,0.81771505,2.7583618,0.7517489,1.1276236,0.82162094,0.27029884,0.0,0.0,1.0056865,2.080596,1.9444578,1.2676105,0.479276,0.115083896,0.0,0.09200401,0.9351474,3.1560974,0.546598,0.49200863,0.829473,0.13703379,0.0,0.0,0.377759,2.0305142,1.6801211,0.68263054,0.30699944,0.4515705,0.0,0.0,0.44397253,2.8895314,3.0482342,0.34744865,0.4485547,0.08594806,0.0,0.0,0.22002566,2.5267699,3.2596846,0.3161207,0.710623,0.47021216,0.0,0.0,0.30858037,0.9711135,1.9693662,0.46143788,0.479638,0.0,0.0,0.28681618,0.9337923,0.9551897,3.2596364,0.7295074,0.38173494,0.0,2.2168932,1.2998204,3.7303066,1.1790605,3.6226358,0.81303287,0.76137495,1.7136502,2.175379,2.4751086,3.6750827,1.0915818,1.0567176,1.3144084,0.66142017,0.0,2.3311944,2.9997005,4.3431373,3.602417,2.703303,2.8026512,2.272805,2.174035,4.0357857,4.966297,6.0821185,4.9802704,4.872535,4.1715217,3.8029103,3.9771376,4.7724304,5.6756163,6.4018235,5.318347,5.250445,5.059981,4.3423667,4.9817777,5.6035213,6.388304,6.481562,6.487683,5.481261,6.079683,6.0957456,5.6720667
Residential heating|Biomass,2.3315032,2.3315032,2.3315032,2.3315032,2.3315032,2.3315032,2.3315032,2.3315032,1.789987,1.8295283,2.3315032,1.9807326,1.276184,0.57071954,1.4212842,1.7392542,1.4486467,1.5845108,2.1900673,1.7591555,1.090004,1.3953264,1.4048315,1.4739966,2.128623,2.2669044,2.3315032,1.03167,0.0,0.73397255,1.5042524,2.032271,0.7391488,0.84534043,1.1216528,0.49942547,0.49433017,0.55848575,0.81972176,0.80276674,1.0205332,0.5280431,1.7397778,0.0,0.0,0.0,0.6675353,0.7243373,1.8332356,2.3277216,2.2714415,0.8652719,0.6054264,0.47472313,0.95664465,1.0797635,1.7693511,1.7533274,1.8799542,0.6858404,0.0,0.0,1.518492,1.9987004,1.8460919,1.4011106,1.6979526,0.0,0.0,0.0,0.6930191,1.29418,0.901781,1.0406058,0.25586754,0.0,0.0,0.0,0.0,0.0,0.0,0.0,0.0,0.0,0.0,0.0,0.0,0.0,0.0,0.0,0.0,0.0,0.0,0.0,0.033583924,0.038981512,0.0,0.015054976,0.0,0.0,0.0,0.0,0.28096125,0.04641644,0.0,0.0,0.0,0.0,0.0,0.0,0.0,0.0,0.0,0.0,0.0,0.0,0.0,0.0,0.0,0.0,0.0,0.0,0.0,0.0,0.0,0.0,0.0,0.040825006,0.0,0.0,0.0,0.0,0.0,0.0,0.0,0.0,0.0,0.0,0.30026788,0.0,0.0,0.0,0.12930225,0.0,0.7509118,0.30191115,1.2580482,0.13224682,0.0,0.0,0.0,0.580452,0.74264985,0.8239622,1.0554203,0.17997679,0.053854365,0.13202795,0.22403795,0.0,0.7896282,0.68041646,1.3515483,0.0,0.67079085,0.9253611,0.7698504,0.73639476,1.3670118,1.682197,2.0601509,1.5897787,1.6504377,1.4129885,1.2881316,1.3471463,1.61653,1.9187825,2.2470798,1.7930615,1.4004596,1.6586043,1.4708577,1.653863,1.8980392,2.238245,2.3315032,2.3315032,1.7611836,1.9296236,2.052631,1.6808268
Residential heating|Gas,0.0,0.0,0.0,0.0,0.0,0.0,0.0,0.0,0.0,0.0,0.0,0.0,0.0,0.0,0.0,0.0,0.0,0.0,0.0,0.0,0.0,0.0,0.0,0.0,0.0,0.0,0.0,0.0,0.0,0.0,0.0,0.0,0.0,0.0,0.0,0.0,0.0,0.0,0.0,0.0,0.0,0.0,0.0,0.0,0.0,0.0,0.0,0.0,0.0,0.0,0.0,0.0,0.0,0.0,0.0,0.0,0.0,0.0,0.0,0.0,0.0,0.0,0.0,0.0,0.0,0.0,0.0,0.0,0.0,0.0,0.0,0.0,0.0,0.0,0.0,0.0,0.0,0.0,0.0,0.0,0.0,0.0,0.0,0.0,0.0,0.0,0.0,0.0,0.0,0.0,0.0,0.0,0.0,0.0,0.0,0.0,0.0,0.0,0.0,0.0,0.0,0.0,0.0,0.0,0.0,0.0,0.0,0.0,0.0,0.0,0.0,0.0,0.0,0.0,0.0,0.0,0.0,0.0,0.0,0.0,0.0,0.0,0.0,0.0,0.0,0.0,0.0,0.0,0.0,0.0,0.0,0.0,0.0,0.0,0.0,0.0,0.0,0.0,0.0,0.0,0.0,0.0,0.0,0.0,0.0,0.0,0.0,0.0,0.0,0.0,0.0,0.0,0.0,0.0,0.0,0.0,0.0,0.0,0.0,0.0,0.0,0.0,0.0,0.0,0.0,0.0,0.0,0.0,0.0,0.0,0.0,0.0,0.0,0.0,0.0,0.0,0.0,0.0,0.0,0.0,0.0,0.0,0.0,0.0,0.0,0.0,0.0,0.0,0.0,0.0,0.0,0.0
Residential heating|Liquid petroleum products,0.0,0.0,0.0,0.0,0.0,0.0,0.0,0.0,0.0,0.0,0.0,0.0,0.0,0.0,0.0,0.0,0.0,0.0,0.0,0.0,0.0,0.0,0.0,0.0,0.0,0.0,0.0,0.0,0.0,0.0,0.0,0.0,0.0,0.0,0.0,0.0,0.0,0.0,0.0,0.0,0.0,0.0,0.0,0.0,0.0,0.0,0.0,0.0,0.0,0.0,0.0,0.0,0.0,0.0,0.0,0.0,0.0,0.0,0.0,0.0,0.0,0.0,0.0,0.0,0.0,0.0,0.0,0.0,0.0,0.0,0.0,0.0,0.0,0.0,0.0,0.0,0.0,0.0,0.0,0.0,0.0,0.0,0.0,0.0,0.0,0.0,0.0,0.0,0.0,0.0,0.0,0.0,0.0,0.0,0.0,0.0,0.0,0.0,0.0,0.0,0.0,0.0,0.0,0.0,0.0,0.0,0.0,0.0,0.0,0.0,0.0,0.0,0.0,0.0,0.0,0.0,0.0,0.0,0.0,0.0,0.0,0.0,0.0,0.0,0.0,0.0,0.0,0.0,0.0,0.0,0.0,0.0,0.0,0.0,0.0,0.0,0.0,0.0,0.0,0.0,0.0,0.0,0.0,0.0,0.0,0.0,0.0,0.0,0.0,0.0,0.0,0.0,0.0,0.0,0.0,0.0,0.0,0.0,0.0,0.0,0.0,0.0,0.0,0.0,0.0,0.0,0.0,0.0,0.0,0.0,0.0,0.0,0.0,0.0,0.0,0.0,0.0,0.0,0.0,0.0,0.0,0.0,0.0,0.0,0.0,0.0,0.0,0.0,0.0,0.0,0.0,0.0
Residential heating|Heat pumps|Total,4.150059,4.150059,4.150059,4.150059,4.150059,4.150059,4.150059,4.150059,3.494535,3.5717306,4.150059,3.9586177,3.0103366,2.685328,3.278458,2.9988537,2.8281474,3.0933905,4.150059,3.4343438,2.7447882,3.1803699,2.7426085,2.8776371,4.150059,4.150059,4.150059,3.2146869,4.150059,2.6908903,3.17131,3.2326803,1.443017,1.6503315,2.8140955,1.6318617,1.1110661,1.3436637,1.600317,1.5672162,1.9923546,2.620304,3.3965135,2.1139956,1.8419443,0.94377875,1.3032081,1.4141009,3.578968,3.928468,4.150059,2.3030584,3.9842663,1.725589,1.8676271,2.107988,2.6605775,2.9714098,4.150059,3.874808,4.150059,2.2439084,2.9645042,3.902,2.3085864,3.9700346,2.5514653,1.5468812,3.083851,0.36226016,1.3529594,2.526587,0.0,1.6242383,2.6645255,2.3864703,0.21892028,1.2206297,0.21243586,0.84177005,0.0,0.0,0.5003145,1.4705012,0.4971146,0.745672,0.82162094,0.27029884,0.0,0.0,0.6143354,0.4740161,1.5027202,1.0760331,0.44569206,0.07610238,0.0,0.07694903,0.54814917,1.8498781,0.47095054,0.49200863,0.5485118,0.09061735,0.0,0.0,0.0,1.0224174,1.1043656,0.44809884,0.30699944,0.4515705,0.0,0.0,0.1418493,1.2622101,2.5047793,0.3440202,0.4485547,0.08594806,0.0,0.0,0.0,0.93762994,2.6439056,0.21839738,0.710623,0.42938715,0.0,0.0,0.0,0.0,1.9693662,0.3985693,0.479638,0.0,0.0,0.28681618,0.6335244,0.7680475,1.7390816,0.619858,0.2524327,0.0,1.4659815,0.9979092,2.4667675,0.57379943,2.3077772,0.4139019,0.76137495,1.1331983,1.4327292,1.6511464,2.4302492,0.7218384,0.69878346,0.8605755,0.43738222,0.0,1.5415664,2.319284,2.7807298,2.1106844,1.7876333,1.8533299,1.5029546,1.4376403,2.6687741,3.2841,4.021968,3.2933404,3.2220974,2.758533,2.5147786,2.6299913,3.1559005,3.756834,4.150059,3.516903,3.4720006,3.4013765,2.871509,3.3279147,3.7054822,4.150059,4.150059,4.150059,3.6246338,4.150059,4.0431147,3.99124
Residential heating|Heat pumps|Air source,2.4800563,2.4800563,2.4800563,2.4800563,2.4800563,2.4800563,2.4800563,2.4800563,2.088318,2.1344497,2.4800563,2.3656516,1.7989633,1.4020365,2.1618948,1.7921011,1.6900878,1.8485959,2.4800563,2.0523481,1.6402727,1.9005743,1.6389701,1.7196627,2.4800563,2.4800563,2.4800563,1.9210821,2.4800563,1.7482626,1.7549613,1.9318349,0.8623403,0.9862305,1.6816905,0.975193,0.663968,0.8029672,0.95634204,0.93656117,1.190622,1.5336925,2.0297408,1.2990797,1.1007375,0.56399786,0.7787912,0.84506017,2.1387749,2.258465,2.4800563,1.3762971,2.4800563,1.0312041,1.1160854,1.259724,2.0642428,1.3014067,2.4800563,2.4088788,2.4800563,1.3467878,1.771574,2.3318172,0.8582932,2.3724744,2.0460513,0.8920661,1.8926009,0.22232355,0.8085223,1.5098767,0.0,0.97063726,1.6298535,2.0789623,0.21892028,0.28143796,0.13278922,0.50658375,0.0,0.0,0.0,1.2174582,0.2970734,0.44561014,0.4909969,0.16152933,0.0,0.0,0.0,0.38306844,1.3992456,0.648871,0.26634353,0.045478433,0.0,0.016486255,0.0,1.5087098,0.28143787,0.29402208,0.32778814,0.05415251,0.0,0.0,0.0,0.9143825,0.5561704,0.27362034,0.18346146,0.26985645,0.0,0.0,0.08476849,0.83816457,1.4064838,0.21142343,0.26805422,0.051362164,0.0,0.0,0.0,0.52965105,1.6114129,0.13290115,0.42466503,0.25659978,0.0,0.0,0.0,0.0,1.1768842,0.2440217,0.28662947,0.0,0.0,0.042197585,0.0,0.54594976,1.5230016,0.3704243,0.15085262,0.0,0.87606376,0.31963322,1.474129,0.09830524,1.9583474,0.24734586,0.45499417,0.67719406,0.86642486,0.9867175,1.4523057,0.4313673,0.41758978,0.5040435,0.2613776,0.0,0.92123294,1.3859934,1.5533001,1.3818367,1.0682814,1.1075414,0.8981587,0.8591272,1.5948471,1.9625632,2.4035094,1.968085,1.9255106,1.6484866,1.5028201,1.5716707,1.8859516,2.2385795,2.4800563,2.101685,2.0748515,2.098374,1.7160007,1.9295068,2.214379,2.4800563,2.4800563,2.4800563,2.1660645,2.4800563,2.4800563,2.321237
Residential heating|Heat pumps|Ground source,1.6700029,1.6700029,1.6700029,1.6700029,1.6700029,1.6700029,1.6700029,1.6700029,1.406217,1.4372808,1.6700029,1.592966,1.2113733,1.2832916,1.1165634,1.2067525,1.1380595,1.2447946,1.6700029,1.3819958,1.1045153,1.2797954,1.1036383,1.1579745,1.6700029,1.6700029,1.6700029,1.2936049,1.6700029,0.94262767,1.4163487,1.3008455,0.5806767,0.664101,1.1324049,0.65666866,0.44709814,0.54069644,0.64397496,0.630655,0.8017327,1.0866115,1.3667727,0.81491584,0.7412069,0.37978092,0.524417,0.5690407,1.4401933,1.6700029,1.6700029,0.9267613,1.5042101,0.694385,0.7515418,0.84826416,0.5963347,1.6700029,1.6700029,1.4659293,1.6700029,0.89712054,1.1929301,1.5701827,1.4502932,1.5975603,0.50541407,0.654815,1.1912502,0.13993663,0.54443705,1.0167103,0.0,0.65360093,1.0346721,0.3075079,0.0,0.93919176,0.07964663,0.33518627,0.0,0.0,0.5003145,0.2530429,0.2000412,0.30006185,0.33062404,0.10876949,0.0,0.0,0.6143354,0.09094766,0.10347459,0.42716214,0.17934854,0.030623948,0.0,0.060462773,0.54814917,0.34116825,0.18951267,0.19798654,0.22072367,0.03646484,0.0,0.0,0.0,0.10803487,0.5481952,0.1744785,0.123537995,0.18171404,0.0,0.0,0.05708081,0.4240455,1.0982957,0.13259678,0.18050048,0.034585893,0.0,0.0,0.0,0.4079789,1.0324926,0.08549623,0.28595796,0.17278735,0.0,0.0,0.0,0.0,0.792482,0.15454757,0.19300854,0.0,0.0,0.24461858,0.6335244,0.22209775,0.21608002,0.24943373,0.101580076,0.0,0.58991766,0.678276,0.9926386,0.47549418,0.3494297,0.16655603,0.3063808,0.4560042,0.5663044,0.66442895,0.9779434,0.2904711,0.28119367,0.35653198,0.17600462,0.0,0.6203334,0.93329054,1.2274297,0.72884774,0.7193519,0.7457885,0.6047959,0.5785131,1.0739269,1.321537,1.6184583,1.3252554,1.2965869,1.1100464,1.0119585,1.0583206,1.269949,1.5182546,1.6700029,1.4152179,1.397149,1.3030026,1.1555085,1.3984079,1.4911032,1.6700029,1.6700029,1.6700029,1.4585694,1.6700029,1.5630585,1.6700029
Residential heating|Electric heater,0.41500592,0.41500592,0.41500592,0.41500592,0.41500592,0.41500592,0.41500592,0.41500592,0.0,0.0,0.0,0.0,0.0,0.0,0.0,0.0,0.0,0.0,0.0,0.0,0.0,0.0,0.0,0.0,0.0,0.0,0.0,0.0,0.0,0.0,0.0,0.0,0.0,0.0,0.0,0.0,0.0,0.0,0.0,0.0,0.0,0.0,0.0,0.0,0.0,0.0,0.0,0.0,0.0,0.0,0.0,0.0,0.0,0.0,0.0,0.0,0.0,0.0,0.0,0.0,0.1670003,0.0,0.0,0.0,0.0,0.0,0.0,0.0,0.039909985,0.0,0.0,0.0,0.0,0.0,0.06282712,0.1670003,0.1670003,0.1670003,0.0,0.005933563,0.0,0.0,0.0,0.0,0.0,0.0,0.0,0.0,0.0,0.0,0.0,0.1670003,0.1670003,0.0,0.0,0.0,0.0,0.0,0.0,0.0,0.0,0.0,0.0,0.0,0.0,0.0,0.0,0.1670003,0.1670003,0.0,0.0,0.0,0.0,0.0,0.0,0.0,0.0,0.0,0.0,0.0,0.0,0.0,0.0,0.0,0.0,0.0,0.0,0.0,0.0,0.0,0.0,0.0,0.0,0.0,0.0,0.0,0.0,0.0,0.0,0.0,0.0,0.0,0.0,0.0,0.0,0.0,0.0,0.0,0.0,0.0,0.0,0.0,0.0,0.0,0.0,0.0,0.0,0.0,0.0,0.0,0.0,0.0,0.0,0.0,0.0,0.0,0.0,0.0,0.0,0.0,0.0,0.0,0.0,0.0,0.0,0.0,0.0,0.0,0.0,0.0,0.0,0.0,0.0,0.0,0.0,0.0,0.0,0.0,0.0,0.0,0.0,0.0
Residential heating|Solar thermal,0.0,0.0,0.0,0.0,0.05772172,0.0,0.0,0.0,0.0,0.0,0.0,0.04696876,0.2657846,0.6310261,0.0,0.0,0.0,0.0,0.004007175,0.0,0.31594405,0.157835,0.0,0.0,0.0,0.0,0.0,0.6149718,1.6593777,0.46590716,0.0,0.0,0.0,0.0,0.31979617,0.33645427,0.074785255,0.12977187,0.0,0.0,0.0,0.0,0.0,0.78022623,1.9811033,0.68159354,0.0,0.0,0.0,0.0,0.0,0.3144113,0.9230323,0.4091661,0.0,0.0,0.0,0.0,0.25663337,1.0993952,2.0625317,0.81420213,0.0,0.0,0.0,0.0,0.055805646,0.5655339,0.8832342,0.6183741,0.0,0.0,0.0,0.0,0.00339581,0.6182043,1.4043641,0.8275844,0.0,0.0,0.0,0.0,0.3174006,1.2878608,0.25463435,0.38195154,0.0,0.0,0.0,0.0,0.39135107,1.4395796,0.27473718,0.19157745,0.0,0.0,0.0,0.0,0.38699824,1.3062195,0.07564749,0.0,0.0,0.0,0.0,0.0,0.377759,0.84109646,0.40875515,0.23453173,0.0,0.0,0.0,0.0,0.30212325,1.6273212,0.5434548,0.003428468,0.0,0.0,0.0,0.0,0.22002566,1.5891399,0.61577904,0.097723335,0.0,0.0,0.0,0.0,0.30858037,0.9711135,0.0,0.06286861,0.0,0.0,0.0,0.0,0.0,0.18714218,1.5205548,0.10964934,0.0,0.0,0.0,0.0,0.005490937,0.47301424,1.3148586,0.39913094,0.0,0.0,0.0,0.0,0.1894131,0.18976662,0.30407974,0.321805,0.0,0.0,0.0,0.0,0.21085861,1.4917326,0.24487895,0.023960132,0.0,0.0,0.0,0.0,0.0,0.09715133,0.0,0.0,0.0,0.0,0.0,0.0,0.004684398,0.008382837,0.37798446,0.0,0.0,0.0,0.0,0.0,0.0,0.006120607,0.09544319,0.0,0.0,0.0
Distric heating|Total,1.1907341,1.3781624,1.5021367,1.1688088,1.1814942,1.1936574,1.1965287,1.1953802,1.1907341,1.1763783,1.263911,1.1688088,1.1814942,1.1936574,1.1965287,1.1953802,1.1907341,1.1763783,1.1441168,1.1688088,1.1814942,1.1936574,1.1965287,1.1953802,1.2231262,1.2565906,1.483344,1.1974422,0.38017392,1.4799465,1.2533826,1.2285291,1.2231262,1.1981992,1.2447538,1.1974422,1.2124245,1.2278504,1.230539,1.2285291,1.2231262,1.1981992,1.5417355,1.1974422,0.38017392,1.2278504,1.230539,1.2285291,1.3886951,1.1981992,1.1562018,1.3349705,1.1891339,1.2278504,1.230539,1.2285291,1.6555266,1.6665103,1.1562018,0.4466538,0.38017392,1.2278504,1.4322876,1.6324089,1.4146557,1.6690245,1.3432593,1.0806414,0.6281718,0.8770373,1.230539,1.332988,1.5947416,1.2249668,1.2557731,1.2261152,0.38017392,1.0111731,1.2635448,1.251277,1.5727375,1.6202236,1.8209941,0.4577989,0.38017392,1.2611561,1.6337469,1.5789596,1.5223969,1.557466,1.4147048,0.38017392,0.38017392,1.6650358,1.261939,1.2496713,1.3796754,1.223361,1.1866376,1.0692139,1.2532734,1.5568309,1.261939,1.2496713,1.4843338,1.358765,1.6498632,0.38017392,0.38017392,1.2611561,1.2955298,1.6535511,1.4710697,1.5266188,1.6543158,0.38017392,0.49686325,1.4850467,1.5625666,1.2496713,1.4989761,1.600588,1.2857944,0.5493041,0.38017392,1.2278504,1.230539,1.2285291,1.6137186,1.6665103,1.6665103,0.50834584,0.38017392,1.3960984,1.230539,1.2285291,1.4601765,1.1981992,1.1562018,1.1974422,0.76209307,1.2278504,1.230539,1.2285291,1.2231262,1.3471184,1.3913705,1.1974422,0.78566,1.2278504,1.230539,1.2285291,1.2231262,1.1981992,1.1562018,1.1974422,1.2124245,1.2278504,1.230539,1.2285291,1.2231262,1.3898981,1.6665103,0.41743383,1.2124245,1.2278504,1.230539,1.2285291,1.1907341,1.1763783,1.1441168,1.1688088,1.1814942,1.1936574,1.1965287,1.1953802,1.1907341,1.1763783,1.1441168,1.1688088,1.1814942,1.1936574,1.1965287,1.1953802,1.1907341,1.1763783,1.1656144,1.1688088,1.1814942,1.1936574,1.1965287,1.1953802
Distric heating|Geothermal,0.0,0.0,0.0,0.0,0.0,0.0,0.0,0.0,0.0,0.0,0.0,0.0,0.0,0.0,0.0,0.0,0.0,0.0,0.0,0.0,0.0,0.0,0.0,0.0,0.0,0.0,0.0,0.0,0.0,0.0,0.0,0.0,0.0,0.0,0.0,0.0,0.0,0.0,0.0,0.0,0.0,0.0,0.0,0.0,0.0,0.0,0.0,0.0,0.0,0.0,0.0,0.0,0.0,0.0,0.0,0.0,0.0,0.0,0.0,0.0,0.0,0.0,0.0,0.0,0.0,0.0,0.0,0.0,0.0,0.0,0.0,0.0,0.0,0.0,0.0,0.0,0.0,0.0,0.0,0.0,0.0,0.0,0.0,0.0,0.0,0.0,0.0,0.0,0.0,0.0,0.0,0.0,0.0,0.0,0.0,0.0,0.0,0.0,0.0,0.0,0.0,0.0,0.0,0.0,0.0,0.0,0.0,0.0,0.0,0.0,0.0,0.0,0.0,0.0,0.0,0.0,0.0,0.0,0.0,0.0,0.0,0.0,0.0,0.0,0.0,0.0,0.0,0.0,0.0,0.0,0.0,0.0,0.0,0.0,0.0,0.0,0.0,0.0,0.0,0.0,0.0,0.0,0.0,0.0,0.0,0.0,0.0,0.0,0.0,0.0,0.0,0.0,0.0,0.0,0.0,0.0,0.0,0.0,0.0,0.0,0.0,0.0,0.0,0.0,0.0,0.0,0.0,0.0,0.0,0.0,0.0,0.0,0.0,0.0,0.0,0.0,0.0,0.0,0.0,0.0,0.0,0.0,0.0,0.0,0.0,0.0,0.0,0.0,0.0,0.0,0.0,0.0
Distric heating|CHP|Total,1.1907341,1.3781624,1.5021367,1.1688088,1.1814942,1.1936574,1.1965287,1.1953802,1.1907341,1.1763783,1.263911,1.1688088,1.1814942,1.1936574,1.1965287,1.1953802,1.1907341,1.1763783,1.1441168,1.1688088,1.1814942,1.1936574,1.1965287,1.1953802,1.2231262,1.2565906,1.483344,1.1974422,0.38017392,1.4799465,1.2533826,1.2285291,1.2231262,1.1981992,1.2447538,1.1974422,1.2124245,1.2278504,1.230539,1.2285291,1.2231262,1.1981992,1.5417355,1.1974422,0.38017392,1.2278504,1.230539,1.2285291,1.3886951,1.1981992,1.1562018,1.3349705,1.1891339,1.2278504,1.230539,1.2285291,1.6555266,1.6665103,1.1562018,0.4466538,0.38017392,1.2278504,1.4322876,1.6324089,1.4146557,1.6690245,1.3432593,1.0806414,0.6281718,0.8770373,1.230539,1.332988,1.5947416,1.2249668,1.2557731,1.2261152,0.38017392,1.0111731,1.2635448,1.251277,1.5727375,1.6202236,1.8209941,0.4577989,0.38017392,1.2611561,1.6337469,1.5789596,1.5223969,1.557466,1.4147048,0.38017392,0.38017392,1.6650358,1.261939,1.2496713,1.3796754,1.223361,1.1866376,1.0692139,1.2532734,1.5568309,1.261939,1.2496713,1.4843338,1.358765,1.6498632,0.38017392,0.38017392,1.2611561,1.2955298,1.6535511,1.4710697,1.5266188,1.6543158,0.38017392,0.49686325,1.4850467,1.5625666,1.2496713,1.4989761,1.600588,1.2857944,0.5493041,0.38017392,1.2278504,1.230539,1.2285291,1.6137186,1.6665103,1.6665103,0.50834584,0.38017392,1.3960984,1.230539,1.2285291,1.4601765,1.1981992,1.1562018,1.1974422,0.76209307,1.2278504,1.230539,1.2285291,1.2231262,1.3471184,1.3913705,1.1974422,0.78566,1.2278504,1.230539,1.2285291,1.2231262,1.1981992,1.1562018,1.1974422,1.2124245,1.2278504,1.230539,1.2285291,1.2231262,1.3898981,1.6665103,0.41743383,1.2124245,1.2278504,1.230539,1.2285291,1.1907341,1.1763783,1.1441168,1.1688088,1.1814942,1.1936574,1.1965287,1.1953802,1.1907341,1.1763783,1.1441168,1.1688088,1.1814942,1.1936574,1.1965287,1.1953802,1.1907341,1.1763783,1.1656144,1.1688088,1.1814942,1.1936574,1.1965287,1.1953802
Distric heating|CHP|Gas,0.0,0.0,0.0,0.0,0.0,0.0,0.0,0.0,0.0,0.0,0.0,0.0,0.0,0.0,0.0,0.0,0.0,0.0,0.0,0.0,0.0,0.0,0.0,0.0,0.0,0.0,0.0,0.0,0.0,0.0,0.0,0.0,0.0,0.0,0.0,0.0,0.0,0.0,0.0,0.0,0.0,0.0,0.0,0.0,0.0,0.0,0.0,0.0,0.0,0.0,0.0,0.0,0.0,0.0,0.0,0.0,0.0,0.0,0.0,0.0,0.0,0.0,0.0,0.0,0.0,0.0,0.0,0.0,0.0,0.0,0.0,0.0,0.0,0.0,0.0,0.0,0.0,0.0,0.0,0.0,0.0,0.0,0.0,0.0,0.0,0.0,0.0,0.0,0.0,0.0,0.0,0.0,0.0,0.0,0.0,0.0,0.0,0.0,0.0,0.0,0.0,0.0,0.0,0.0,0.0,0.0,0.0,0.0,0.0,0.0,0.0,0.0,0.0,0.0,0.0,0.0,0.0,0.0,0.0,0.0,0.0,0.0,0.0,0.0,0.0,0.0,0.0,0.0,0.0,0.0,0.0,0.0,0.0,0.0,0.0,0.0,0.0,0.0,0.0,0.0,0.0,0.0,0.0,0.0,0.0,0.0,0.0,0.0,0.0,0.0,0.0,0.0,0.0,0.0,0.0,0.0,0.0,0.0,0.0,0.0,0.0,0.0,0.0,0.0,0.0,0.0,0.0,0.0,0.0,0.0,0.0,0.0,0.0,0.0,0.0,0.0,0.0,0.0,0.0,0.0,0.0,0.0,0.0,0.0,0.0,0.0,0.0,0.0,0.0,0.0,0.0,0.0
Distric heating|CHP|Oil,0.0,0.0,0.0,0.0,0.0,0.0,0.0,0.0,0.0,0.0,0.0,0.0,0.0,0.0,0.0,0.0,0.0,0.0,0.0,0.0,0.0,0.0,0.0,0.0,0.0,0.0,0.0,0.0,0.0,0.0,0.0,0.0,0.0,0.0,0.0,0.0,0.0,0.0,0.0,0.0,0.0,0.0,0.0,0.0,0.0,0.0,0.0,0.0,0.0,0.0,0.0,0.0,0.0,0.0,0.0,0.0,0.0,0.0,0.0,0.0,0.0,0.0,0.0,0.0,0.0,0.0,0.0,0.0,0.0,0.0,0.0,0.0,0.0,0.0,0.0,0.0,0.0,0.0,0.0,0.0,0.0,0.0,0.0,0.0,0.0,0.0,0.0,0.0,0.0,0.0,0.0,0.0,0.0,0.0,0.0,0.0,0.0,0.0,0.0,0.0,0.0,0.0,0.0,0.0,0.0,0.0,0.0,0.0,0.0,0.0,0.0,0.0,0.0,0.0,0.0,0.0,0.0,0.0,0.0,0.0,0.0,0.0,0.0,0.0,0.0,0.0,0.0,0.0,0.0,0.0,0.0,0.0,0.0,0.0,0.0,0.0,0.0,0.0,0.0,0.0,0.0,0.0,0.0,0.0,0.0,0.0,0.0,0.0,0.0,0.0,0.0,0.0,0.0,0.0,0.0,0.0,0.0,0.0,0.0,0.0,0.0,0.0,0.0,0.0,0.0,0.0,0.0,0.0,0.0,0.0,0.0,0.0,0.0,0.0,0.0,0.0,0.0,0.0,0.0,0.0,0.0,0.0,0.0,0.0,0.0,0.0,0.0,0.0,0.0,0.0,0.0,0.0
Distric heating|CHP|Wood,0.38017392,0.38017392,0.38017392,0.38017392,0.38017392,0.38017392,0.38017392,0.38017392,0.38017392,0.38017392,0.38017392,0.38017392,0.38017392,0.38017392,0.38017392,0.38017392,0.38017392,0.38017392,0.38017392,0.38017392,0.38017392,0.38017392,0.38017392,0.38017392,0.38017392,0.38017392,0.38017392,0.38017392,0.38017392,0.38017392,0.38017392,0.38017392,0.38017392,0.38017392,0.38017392,0.38017392,0.38017392,0.38017392,0.38017392,0.38017392,0.38017392,0.38017392,0.38017392,0.38017392,0.38017392,0.38017392,0.38017392,0.38017392,0.38017392,0.38017392,0.38017392,0.38017392,0.38017392,0.38017392,0.38017392,0.38017392,0.38017392,0.38017392,0.38017392,0.4466538,0.38017392,0.38017392,0.38017392,0.38017392,0.7658633,0.7658633,0.7658633,0.7658633,0.6281718,0.38017392,0.38017392,0.38017392,0.7658633,0.7658633,0.7658633,0.7658633,0.38017392,0.7658633,0.7658633,0.7658633,0.38017392,0.38017392,0.5346577,0.4577989,0.38017392,0.38017392,0.38017392,0.38017392,0.38017392,0.38017392,0.7658633,0.38017392,0.38017392,0.38017392,0.38017392,0.38017392,0.38017392,0.38017392,0.38017392,0.38017392,0.38017392,0.38017392,0.38017392,0.38017392,0.38017392,0.38017392,0.38017392,0.38017392,0.38017392,0.38017392,0.38017392,0.38017392,0.38017392,0.38017392,0.38017392,0.38017392,0.49686325,0.38017392,0.38017392,0.38017392,0.38017392,0.38017392,0.38017392,0.38017392,0.38017392,0.38017392,0.38017392,0.38017392,0.38017392,0.38017392,0.38017392,0.38017392,0.38017392,0.38017392,0.38017392,0.38017392,0.38017392,0.38017392,0.38017392,0.38017392,0.38017392,0.38017392,0.38017392,0.38017392,0.38017392,0.38017392,0.38017392,0.38017392,0.38017392,0.38017392,0.38017392,0.38017392,0.38017392,0.38017392,0.38017392,0.38017392,0.38017392,0.38017392,0.38017392,0.38017392,0.38017392,0.38017392,0.38017392,0.38017392,0.38017392,0.38017392,0.38017392,0.38017392,0.38017392,0.38017392,0.38017392,0.38017392,0.38017392,0.38017392,0.38017392,0.38017392,0.38017392,0.38017392,0.38017392,0.38017392,0.38017392,0.38017392,0.38017392,0.38017392,0.38017392,0.38017392,0.38017392,0.38017392,0.38017392,0.38017392,0.38017392,0.38017392
Distric heating|CHP|Waste,0.81056017,0.99798846,1.1219628,0.7886349,0.80132025,0.81348354,0.8163547,0.8152062,0.81056017,0.7962043,0.8837371,0.7886349,0.80132025,0.81348354,0.8163547,0.8152062,0.81056017,0.7962043,0.76394284,0.7886349,0.80132025,0.81348354,0.8163547,0.8152062,0.8429522,0.87641674,1.10317,0.81726825,0.0,1.0997726,0.87320864,0.8483552,0.8429522,0.81802523,0.86458,0.81726825,0.83225054,0.8476766,0.85036504,0.8483552,0.8429522,0.81802523,1.1615616,0.81726825,0.0,0.8476766,0.85036504,0.8483552,1.0085212,0.81802523,0.77602786,0.9547965,0.80896,0.8476766,0.85036504,0.8483552,1.2753527,1.2863364,0.77602786,0.0,0.0,0.8476766,1.0521137,1.2522349,0.6487923,0.90316117,0.57739604,0.31477806,0.0,0.49686337,0.85036504,0.95281404,0.8288783,0.4591034,0.48990977,0.46025187,0.0,0.24530979,0.49768147,0.48541373,1.1925635,1.2400497,1.2863364,0.0,0.0,0.8809821,1.253573,1.1987857,1.142223,1.1772921,0.64884144,0.0,0.0,1.2848619,0.8817652,0.8694974,0.9995015,0.8431871,0.80646366,0.68903995,0.87309945,1.176657,0.8817652,0.8694974,1.1041598,0.9785911,1.2696893,0.0,0.0,0.8809821,0.91535586,1.2733772,1.0908958,1.1464449,1.2741419,0.0,0.0,1.1048728,1.1823927,0.8694974,1.1188022,1.220414,0.90562046,0.16913019,0.0,0.8476766,0.85036504,0.8483552,1.2335447,1.2863364,1.2863364,0.12817194,0.0,1.0159245,0.85036504,0.8483552,1.0800025,0.81802523,0.77602786,0.81726825,0.38191918,0.8476766,0.85036504,0.8483552,0.8429522,0.9669445,1.0111966,0.81726825,0.40548608,0.8476766,0.85036504,0.8483552,0.8429522,0.81802523,0.77602786,0.81726825,0.83225054,0.8476766,0.85036504,0.8483552,0.8429522,1.0097241,1.2863364,0.037259918,0.83225054,0.8476766,0.85036504,0.8483552,0.81056017,0.7962043,0.76394284,0.7886349,0.80132025,0.81348354,0.8163547,0.8152062,0.81056017,0.7962043,0.76394284,0.7886349,0.80132025,0.81348354,0.8163547,0.8152062,0.81056017,0.7962043,0.7854405,0.7886349,0.80132025,0.81348354,0.8163547,0.8152062
Distric heating|Solar thermal,0.0,0.0,0.0,0.0,0.0,0.0,0.0,0.0,0.0,0.0,0.0,0.0,0.0,0.0,0.0,0.0,0.0,0.0,0.0,0.0,0.0,0.0,0.0,0.0,0.0,0.0,0.0,0.0,0.0,0.0,0.0,0.0,0.0,0.0,0.0,0.0,0.0,0.0,0.0,0.0,0.0,0.0,0.0,0.0,0.0,0.0,0.0,0.0,0.0,0.0,0.0,0.0,0.0,0.0,0.0,0.0,0.0,0.0,0.0,0.0,0.0,0.0,0.0,0.0,0.0,0.0,0.0,0.0,0.0,0.0,0.0,0.0,0.0,0.0,0.0,0.0,0.0,0.0,0.0,0.0,0.0,0.0,0.0,0.0,0.0,0.0,0.0,0.0,0.0,0.0,0.0,0.0,0.0,0.0,0.0,0.0,0.0,0.0,0.0,0.0,0.0,0.0,0.0,0.0,0.0,0.0,0.0,0.0,0.0,0.0,0.0,0.0,0.0,0.0,0.0,0.0,0.0,0.0,0.0,0.0,0.0,0.0,0.0,0.0,0.0,0.0,0.0,0.0,0.0,0.0,0.0,0.0,0.0,0.0,0.0,0.0,0.0,0.0,0.0,0.0,0.0,0.0,0.0,0.0,0.0,0.0,0.0,0.0,0.0,0.0,0.0,0.0,0.0,0.0,0.0,0.0,0.0,0.0,0.0,0.0,0.0,0.0,0.0,0.0,0.0,0.0,0.0,0.0,0.0,0.0,0.0,0.0,0.0,0.0,0.0,0.0,0.0,0.0,0.0,0.0,0.0,0.0,0.0,0.0,0.0,0.0,0.0,0.0,0.0,0.0,0.0,0.0
Industrial heating|Total,4.0758343,3.9338315,3.9378157,4.1922684,4.303443,4.059243,4.043873,4.050021,4.0748935,4.1517463,4.195085,4.337991,4.948968,6.017032,4.043873,4.050021,4.0748935,4.1517463,4.314666,4.1922684,5.10459,4.5489345,4.043873,4.050021,3.5900183,3.9008138,3.9064655,5.145078,8.165547,4.133203,3.4541707,3.5204506,3.5900183,3.9638731,5.1064625,4.615258,3.892784,3.7660253,3.4788406,3.508984,3.516455,3.763631,3.843406,6.4158144,8.347117,4.514071,3.1084332,3.1312084,3.0136309,3.4971175,4.2597594,4.15558,6.2598677,4.038807,3.4566183,3.508984,2.4994485,2.9691606,4.096126,7.780229,9.38005,4.636831,2.5812237,2.6950428,2.9873292,2.9681795,3.4221857,5.7770414,7.0714383,4.542456,2.9359622,3.0183992,2.3386662,2.742361,3.3822374,5.4860826,8.980845,5.6079345,2.3405042,2.730776,2.1099563,2.136799,2.592949,8.347562,8.056592,3.2836008,1.9306467,1.4479258,1.6168306,2.3977828,3.82141,9.664223,9.299816,2.4722173,2.1000433,2.8054347,2.7228658,3.5493724,3.8800654,6.631664,3.103113,2.718934,2.7716815,3.2035155,1.8923175,1.9090147,3.7437994,9.639166,8.29627,3.4365017,2.3042283,2.2946105,1.9974649,2.6225934,3.5121784,9.576798,6.2322106,2.3949168,2.1883156,2.903247,3.1296725,1.9893398,3.8432884,8.46655,9.136525,3.463938,2.8420026,2.7000313,3.044016,2.897705,3.3723872,8.228172,8.130128,3.346573,3.1084332,3.1312084,3.3340182,3.4749084,3.8868742,5.02552,8.7049,3.703215,3.1084332,3.1312084,3.1924355,3.8030493,3.8127806,4.8750343,8.225866,4.278424,3.1084332,3.508984,3.5900183,3.9638731,4.847422,4.338686,4.328968,4.1313276,3.4788406,3.508984,3.1924355,3.7568498,3.9690478,9.222232,4.1554527,3.5647414,3.1084332,3.508984,4.0758343,4.1517463,4.3244557,4.4936852,4.1243587,4.059243,4.043873,4.050021,4.0758343,4.1517463,4.41562,4.2182765,5.2970734,4.059243,4.043873,4.050021,4.0758343,4.1517463,4.3012395,4.211258,4.420476,4.059243,4.043873,4.050021
Industrial heating|Geothermal,1.7886178,1.7886178,1.7886178,1.7886178,1.7886178,1.7886178,1.7886178,1.7886178,1.7886178,1.7886178,1.7886178,1.7886178,1.7886178,1.7886178,1.7886178,1.7886178,1.7886178,1.7886178,1.7886178,1.7886178,1.7886178,1.7886178,1.7886178,1.7886178,1.4771508,1.7175611,1.7886178,0.9867345,0.4311774,0.87237585,1.405657,1.4365076,1.4771508,1.7175611,1.7387693,1.3210285,1.4906017,1.275826,1.405657,1.4250411,1.4771508,1.7175611,1.7886178,0.7154472,0.0,0.35478926,1.405657,1.4250411,1.4771508,1.7175611,1.7886178,1.1897378,0.11656714,0.6817734,1.405657,1.4250411,1.2511303,1.7175611,1.0939586,0.020787919,0.0,0.023153342,1.096324,1.4250411,1.4771508,1.7175611,1.2408445,0.1676738,0.0,0.16001537,1.233186,1.4250411,0.4311774,0.4311774,0.952503,0.0,0.0,0.0,0.07534262,0.45236614,0.6267675,0.85049826,0.0,0.0,0.0,0.0,0.4080158,0.0,0.22924353,1.0437077,0.25103125,0.0,0.0,0.6217184,0.4311774,1.1233203,0.8673149,1.4377625,0.36459184,0.0,0.9231252,1.1103679,1.1028157,1.2211329,0.46362466,0.34035438,0.9673883,0.0,0.0,0.0,0.6716383,1.048662,0.55444765,1.2352053,0.98693526,0.0,0.0,0.93378186,0.8441093,1.2211329,1.3369286,0.666548,1.0731707,0.0,0.0,1.0731707,1.1392266,0.99386364,1.4771508,1.1771408,0.8144643,0.0,0.17247096,1.2456417,1.405657,1.4250411,1.4771508,1.7175611,1.7886178,1.2754467,0.46098238,1.2754467,1.405657,1.4250411,1.4771508,1.7175611,1.7886178,1.1571208,0.4311774,0.9525248,1.405657,1.4250411,1.4771508,1.7175611,1.7886178,1.497092,1.2153883,1.0453361,1.405657,1.4250411,1.4771508,1.7175611,1.39481,0.5803457,1.2864448,1.4028279,1.405657,1.4250411,1.7886178,1.7886178,1.7886178,1.7886178,1.7886178,1.7886178,1.7886178,1.7886178,1.7886178,1.7886178,1.7886178,1.7886178,1.7886178,1.7886178,1.7886178,1.7886178,1.7886178,1.7886178,1.7886178,1.7886178,1.7886178,1.7886178,1.7886178,1.7886178
Industrial heating|Solar thermal,0.0,0.0,0.0,0.0,0.1790844,0.0,0.0,0.0,0.0,0.0,0.0,0.14572284,0.8246095,1.9577887,0.0,0.0,0.0,0.0,0.012432452,0.0,0.9802316,0.4896907,0.0,0.0,0.0,0.0,0.0,1.9079797,4.665432,1.4454993,0.0,0.0,0.0,0.0,0.99218297,1.0438656,0.23202485,0.4026235,0.0,0.0,0.0,0.0,0.0,2.4206893,5.099513,2.1146767,0.0,0.0,0.0,0.0,0.0,0.97547615,2.863752,1.2694576,0.0,0.0,0.0,0.0,0.7962173,3.4109263,4.7796497,2.526101,0.0,0.0,0.0,0.0,0.17313969,1.7545961,2.7402763,1.9185355,0.0,0.0,0.0,0.0,0.010535663,1.9180084,4.665432,2.5676203,0.0,0.0,0.0,0.0,0.9847506,4.329511,5.099513,1.6138893,0.0,0.0,0.0,0.0,1.2141855,5.099513,5.099513,0.59437823,0.0,0.0,0.0,0.0,1.2006807,4.0526085,0.23469996,0.0,0.0,0.0,0.0,0.0,1.1720154,5.099513,4.064564,1.7442153,0.0,0.0,0.0,0.0,0.9373519,5.048842,2.3340938,0.010636986,0.0,0.0,0.0,0.0,0.6826402,4.930383,4.9619365,0.30319136,0.0,0.0,0.0,0.0,0.9573854,4.971341,3.8044796,0.19505289,0.0,0.0,0.0,0.0,0.0,0.5806176,4.717594,0.34019235,0.0,0.0,0.0,0.0,0.017035896,1.4675493,4.079412,1.2383229,0.0,0.0,0.0,0.0,0.5876633,0.5887601,0.943422,0.9984154,0.0,0.0,0.0,0.0,0.654199,4.628172,0.7597487,0.07433746,0.0,0.0,0.0,0.0,0.0,0.30141667,0.0,0.0,0.0,0.0,0.0,0.0,0.014533572,0.026008157,1.172715,0.0,0.0,0.0,0.0,0.0,0.0,0.01898948,0.29611707,0.0,0.0,0.0
Industrial heating|Electric heater,0.5172718,0.5689596,0.68722975,0.596709,0.55020475,0.50561434,0.4950886,0.49929887,0.5163313,0.5689596,0.68722975,0.596709,0.55020475,0.50561434,0.4950886,0.49929887,0.5163313,0.5689596,0.66500753,0.596709,0.55020475,0.50561434,0.4950886,0.49929887,0.39758277,0.48896462,0.6429262,0.49173957,0.43681473,0.3802633,0.3704074,0.37777543,0.39758277,0.48896462,0.6429262,0.49173957,0.43681473,0.3802633,0.3704074,0.37777543,0.32401937,0.2887227,0.6429262,1.5210532,0.61548054,0.33729213,0.0,0.0,0.0,0.022209058,0.6429262,0.3802633,1.5210532,0.3802633,0.34818518,0.37777543,0.0,0.0,0.37773502,1.7787855,1.968275,0.3802633,0.0,0.0,0.0,0.0,0.3802633,1.968275,1.9657466,0.37773502,0.0,0.0,0.5962957,0.5962957,0.7143341,1.855124,1.6942943,1.0989027,0.5962957,0.5962957,0.14996652,0.0,0.51477766,1.4767498,0.33595988,0.0,0.25529504,0.121423066,0.0,0.0,0.82296497,1.939927,1.5791839,0.02257501,0.0,0.0,0.3138333,0.39672157,0.5369999,0.6983947,0.26706338,0.25816566,0.0,0.3002683,0.0,0.0,0.3268585,1.9148701,1.6105866,0.02257501,0.0,0.0,0.0,0.0,0.31516257,1.9031742,1.4024906,0.02257501,0.0,0.0,0.37536052,0.0,0.3992145,1.0775915,1.5424639,0.3802633,0.0,0.0,0.27339655,0.46896464,0.3234247,0.75402397,1.5210532,0.3802633,0.0,0.0,0.39758277,0.0,0.2700411,1.410831,1.3066484,0.3802633,0.0,0.0,0.0,0.48896462,0.43287957,0.49173957,1.5210532,0.3802633,0.0,0.37777543,0.39758277,0.48896462,0.6429262,0.4942087,0.43681473,0.3802633,0.3704074,0.37777543,0.0,0.48896462,0.6429262,1.4127269,0.3759163,0.3802633,0.0,0.37777543,0.5172718,0.5689596,0.68722975,0.596709,0.55020475,0.50561434,0.4950886,0.49929887,0.5172718,0.5689596,0.76386046,0.596709,0.55020475,0.50561434,0.4950886,0.49929887,0.5172718,0.5689596,0.68722975,0.596709,0.55020475,0.50561434,0.4950886,0.49929887
Industrial heating|CHP|Total,1.3166878,1.1142766,0.9803918,1.3403659,1.3266664,1.3135308,1.31043,1.3116703,1.3166878,1.3321912,1.2376612,1.3403659,1.3266664,1.3135308,1.31043,1.3116703,1.3166878,1.3321912,1.3670318,1.3403659,1.3266664,1.3135308,1.31043,1.3116703,1.2817065,1.2455667,1.0006869,1.3094435,2.1920438,1.0043559,1.2490313,1.2758715,1.2817065,1.308626,1.2583497,1.3094435,1.2932636,1.2766044,1.273701,1.2758715,1.2817065,1.308626,0.93762755,1.3094435,2.1920438,1.2766044,1.273701,1.2758715,1.1029018,1.308626,1.3539807,1.1609213,1.3184159,1.2766044,1.273701,1.2758715,0.81473994,0.80287826,1.3539807,2.1205485,2.1920438,1.2766044,1.0558248,0.83970577,1.0766001,0.8018971,1.1537038,1.4373155,1.9253361,1.6554615,1.273701,1.1630622,0.8821182,1.2814527,1.2481837,1.2802124,2.1920438,1.512337,1.2397907,1.2530391,0.9041473,0.8528651,0.6367397,2.1085625,2.1920438,1.2406363,0.83826077,0.89742774,0.95851207,0.9206395,1.0765471,2.1920438,2.1920438,0.80447066,1.2397908,1.2530391,1.1126426,1.2814528,1.3211118,1.4479223,1.2491492,0.9213254,1.2397908,1.2530391,0.99961793,1.1352246,0.82085603,2.1920438,2.1920438,1.2406363,1.2035148,0.8168734,1.0139422,0.95395255,0.81604755,2.1920438,2.0665512,0.99884796,0.9151311,1.2530391,0.98380506,0.87407047,1.2140285,2.0093937,2.1920438,1.2766044,1.273701,1.2758715,0.8598901,0.80287826,0.80287826,2.053626,2.1920438,1.0949068,1.273701,1.2758715,1.0257063,1.308626,1.3539807,1.3094435,1.7795942,1.2766044,1.273701,1.2758715,1.2817065,1.1478022,1.1000127,1.3094435,1.7541435,1.2766044,1.273701,1.2758715,1.2817065,1.308626,1.3539807,1.3094435,1.2932636,1.2766044,1.273701,1.2758715,1.2817065,1.1016028,0.80287826,2.1518054,1.2932636,1.2766044,1.273701,1.2758715,1.3166878,1.3321912,1.3670318,1.3403659,1.3266664,1.3135308,1.31043,1.3116703,1.3166878,1.3321912,1.3670318,1.3403659,1.3266664,1.3135308,1.31043,1.3116703,1.3166878,1.3321912,1.3438156,1.3403659,1.3266664,1.3135308,1.31043,1.3116703
Industrial heating|CHP|Gas,0.0,0.0,0.0,0.0,0.0,0.0,0.0,0.0,0.0,0.0,0.0,0.0,0.0,0.0,0.0,0.0,0.0,0.0,0.0,0.0,0.0,0.0,0.0,0.0,0.0,0.0,0.0,0.0,0.0,0.0,0.0,0.0,0.0,0.0,0.0,0.0,0.0,0.0,0.0,0.0,0.0,0.0,0.0,0.0,0.0,0.0,0.0,0.0,0.0,0.0,0.0,0.0,0.0,0.0,0.0,0.0,0.0,0.0,0.0,0.0,0.0,0.0,0.0,0.0,0.0,0.0,0.0,0.0,0.0,0.0,0.0,0.0,0.0,0.0,0.0,0.0,0.0,0.0,0.0,0.0,0.0,0.0,0.0,0.0,0.0,0.0,0.0,0.0,0.0,0.0,0.0,0.0,0.0,0.0,0.0,0.0,0.0,0.0,0.0,0.0,0.0,0.0,0.0,0.0,0.0,0.0,0.0,0.0,0.0,0.0,0.0,0.0,0.0,0.0,0.0,0.0,0.0,0.0,0.0,0.0,0.0,0.0,0.0,0.0,0.0,0.0,0.0,0.0,0.0,0.0,0.0,0.0,0.0,0.0,0.0,0.0,0.0,0.0,0.0,0.0,0.0,0.0,0.0,0.0,0.0,0.0,0.0,0.0,0.0,0.0,0.0,0.0,0.0,0.0,0.0,0.0,0.0,0.0,0.0,0.0,0.0,0.0,0.0,0.0,0.0,0.0,0.0,0.0,0.0,0.0,0.0,0.0,0.0,0.0,0.0,0.0,0.0,0.0,0.0,0.0,0.0,0.0,0.0,0.0,0.0,0.0,0.0,0.0,0.0,0.0,0.0,0.0
Industrial heating|CHP|Hydrogen,0.0,0.0,0.0,0.0,0.0,0.0,0.0,0.0,0.0,0.0,0.0,0.0,0.0,0.0,0.0,0.0,0.0,0.0,0.0,0.0,0.0,0.0,0.0,0.0,0.0,0.0,0.0,0.0,0.0,0.0,0.0,0.0,0.0,0.0,0.0,0.0,0.0,0.0,0.0,0.0,0.0,0.0,0.0,0.0,0.0,0.0,0.0,0.0,0.0,0.0,0.0,0.0,0.0,0.0,0.0,0.0,0.0,0.0,0.0,0.0,0.0,0.0,0.0,0.0,0.0,0.0,0.0,0.0,0.0,0.0,0.0,0.0,0.0,0.0,0.0,0.0,0.0,0.0,0.0,0.0,0.0,0.0,0.0,0.0,0.0,0.0,0.0,0.0,0.0,0.0,0.0,0.0,0.0,0.0,0.0,0.0,0.0,0.0,0.0,0.0,0.0,0.0,0.0,0.0,0.0,0.0,0.0,0.0,0.0,0.0,0.0,0.0,0.0,0.0,0.0,0.0,0.0,0.0,0.0,0.0,0.0,0.0,0.0,0.0,0.0,0.0,0.0,0.0,0.0,0.0,0.0,0.0,0.0,0.0,0.0,0.0,0.0,0.0,0.0,0.0,0.0,0.0,0.0,0.0,0.0,0.0,0.0,0.0,0.0,0.0,0.0,0.0,0.0,0.0,0.0,0.0,0.0,0.0,0.0,0.0,0.0,0.0,0.0,0.0,0.0,0.0,0.0,0.0,0.0,0.0,0.0,0.0,0.0,0.0,0.0,0.0,0.0,0.0,0.0,0.0,0.0,0.0,0.0,0.0,0.0,0.0,0.0,0.0,0.0,0.0,0.0,0.0
Industrial heating|CHP|Wood,0.80287826,0.80287826,0.80287826,0.80287826,0.80287826,0.80287826,0.80287826,0.80287826,0.80287826,0.80287826,0.80287826,0.80287826,0.80287826,0.80287826,0.80287826,0.80287826,0.80287826,0.80287826,0.80287826,0.80287826,0.80287826,0.80287826,0.80287826,0.80287826,0.80287826,0.80287826,0.80287826,0.80287826,0.80287826,0.80287826,0.80287826,0.80287826,0.80287826,0.80287826,0.80287826,0.80287826,0.80287826,0.80287826,0.80287826,0.80287826,0.80287826,0.80287826,0.80287826,0.80287826,0.80287826,0.80287826,0.80287826,0.80287826,0.80287826,0.80287826,0.80287826,0.80287826,0.80287826,0.80287826,0.80287826,0.80287826,0.80287826,0.80287826,0.80287826,0.73138285,0.80287826,0.80287826,0.80287826,0.80287826,0.38809103,0.38809103,0.38809103,0.38809103,0.5361705,0.80287826,0.80287826,0.80287826,0.38809103,0.38809103,0.38809103,0.38809103,0.80287826,0.38809103,0.38809103,0.38809103,0.80287826,0.80287826,0.6367397,0.71939695,0.80287826,0.80287826,0.80287826,0.80287826,0.80287826,0.80287826,0.38809103,0.80287826,0.80287826,0.80287826,0.80287826,0.80287826,0.80287826,0.80287826,0.80287826,0.80287826,0.80287826,0.80287826,0.80287826,0.80287826,0.80287826,0.80287826,0.80287826,0.80287826,0.80287826,0.80287826,0.80287826,0.80287826,0.80287826,0.80287826,0.80287826,0.80287826,0.67738545,0.80287826,0.80287826,0.80287826,0.80287826,0.80287826,0.80287826,0.80287826,0.80287826,0.80287826,0.80287826,0.80287826,0.80287826,0.80287826,0.80287826,0.80287826,0.80287826,0.80287826,0.80287826,0.80287826,0.80287826,0.80287826,0.80287826,0.80287826,0.80287826,0.80287826,0.80287826,0.80287826,0.80287826,0.80287826,0.80287826,0.80287826,0.80287826,0.80287826,0.80287826,0.80287826,0.80287826,0.80287826,0.80287826,0.80287826,0.80287826,0.80287826,0.80287826,0.80287826,0.80287826,0.80287826,0.80287826,0.80287826,0.80287826,0.80287826,0.80287826,0.80287826,0.80287826,0.80287826,0.80287826,0.80287826,0.80287826,0.80287826,0.80287826,0.80287826,0.80287826,0.80287826,0.80287826,0.80287826,0.80287826,0.80287826,0.80287826,0.80287826,0.80287826,0.80287826,0.80287826,0.80287826,0.80287826,0.80287826,0.80287826,0.80287826
Industrial heating|CHP|Waste,0.5138096,0.3113984,0.17751355,0.53748757,0.52378815,0.51065254,0.50755185,0.5087921,0.5138096,0.529313,0.43478295,0.53748757,0.52378815,0.51065254,0.50755185,0.5087921,0.5138096,0.529313,0.56415355,0.53748757,0.52378815,0.51065254,0.50755185,0.5087921,0.4788282,0.44268844,0.19780864,0.5065653,1.3891656,0.20147768,0.446153,0.47299325,0.4788282,0.5057478,0.45547146,0.5065653,0.4903853,0.47372615,0.47082275,0.47299325,0.4788282,0.5057478,0.13474926,0.5065653,1.3891656,0.47372615,0.47082275,0.47299325,0.3000236,0.5057478,0.5511024,0.35804304,0.5155376,0.47372615,0.47082275,0.47299325,0.011861667,0.0,0.5511024,1.3891656,1.3891656,0.47372615,0.25294647,0.03682749,0.6885091,0.41380608,0.7656128,1.0492244,1.3891656,0.8525832,0.47082275,0.36018395,0.49402717,0.8933617,0.8600927,0.89212143,1.3891656,1.1242459,0.8516997,0.86494815,0.10126906,0.049986854,0.0,1.3891656,1.3891656,0.43775815,0.03538249,0.09454948,0.15563378,0.11776125,0.68845606,1.3891656,1.3891656,0.001592376,0.4369125,0.4501609,0.30976436,0.47857448,0.51823354,0.6450441,0.44627094,0.11844713,0.4369125,0.4501609,0.19673967,0.33234638,0.017977778,1.3891656,1.3891656,0.43775815,0.4006366,0.013995135,0.21106403,0.15107429,0.013169266,1.3891656,1.3891656,0.19596969,0.112252824,0.4501609,0.18092677,0.07119219,0.41115025,1.2065153,1.3891656,0.47372615,0.47082275,0.47299325,0.057011865,0.0,0.0,1.2507477,1.3891656,0.2920286,0.47082275,0.47299325,0.22282806,0.5057478,0.5511024,0.5065653,0.976716,0.47372615,0.47082275,0.47299325,0.4788282,0.34492394,0.2971344,0.5065653,0.9512652,0.47372615,0.47082275,0.47299325,0.4788282,0.5057478,0.5511024,0.5065653,0.4903853,0.47372615,0.47082275,0.47299325,0.4788282,0.29872447,0.0,1.3489273,0.4903853,0.47372615,0.47082275,0.47299325,0.5138096,0.529313,0.56415355,0.53748757,0.52378815,0.51065254,0.50755185,0.5087921,0.5138096,0.529313,0.56415355,0.53748757,0.52378815,0.51065254,0.50755185,0.5087921,0.5138096,0.529313,0.54093736,0.53748757,0.52378815,0.51065254,0.50755185,0.5087921
Industrial heating|CHP|Oil,0.0,0.0,0.0,0.0,0.0,0.0,0.0,0.0,0.0,0.0,0.0,0.0,0.0,0.0,0.0,0.0,0.0,0.0,0.0,0.0,0.0,0.0,0.0,0.0,0.0,0.0,0.0,0.0,0.0,0.0,0.0,0.0,0.0,0.0,0.0,0.0,0.0,0.0,0.0,0.0,0.0,0.0,0.0,0.0,0.0,0.0,0.0,0.0,0.0,0.0,0.0,0.0,0.0,0.0,0.0,0.0,0.0,0.0,0.0,0.0,0.0,0.0,0.0,0.0,0.0,0.0,0.0,0.0,0.0,0.0,0.0,0.0,0.0,0.0,0.0,0.0,0.0,0.0,0.0,0.0,0.0,0.0,0.0,0.0,0.0,0.0,0.0,0.0,0.0,0.0,0.0,0.0,0.0,0.0,0.0,0.0,0.0,0.0,0.0,0.0,0.0,0.0,0.0,0.0,0.0,0.0,0.0,0.0,0.0,0.0,0.0,0.0,0.0,0.0,0.0,0.0,0.0,0.0,0.0,0.0,0.0,0.0,0.0,0.0,0.0,0.0,0.0,0.0,0.0,0.0,0.0,0.0,0.0,0.0,0.0,0.0,0.0,0.0,0.0,0.0,0.0,0.0,0.0,0.0,0.0,0.0,0.0,0.0,0.0,0.0,0.0,0.0,0.0,0.0,0.0,0.0,0.0,0.0,0.0,0.0,0.0,0.0,0.0,0.0,0.0,0.0,0.0,0.0,0.0,0.0,0.0,0.0,0.0,0.0,0.0,0.0,0.0,0.0,0.0,0.0,0.0,0.0,0.0,0.0,0.0,0.0,0.0,0.0,0.0,0.0,0.0,0.0
Industrial heating|Burner|Total,0.45325625,0.46197733,0.481576,0.4665757,0.45886946,0.45148033,0.4497361,0.4504338,0.45325625,0.46197733,0.481576,0.4665757,0.45886946,0.45148033,0.4497361,0.4504338,0.45325625,0.46197733,0.481576,0.4665757,0.45886946,0.45148033,0.4497361,0.4504338,0.43357828,0.4487213,0.4742344,0.4491811,0.44007945,0.43070826,0.42907503,0.430296,0.43357828,0.4487213,0.4742344,0.4491811,0.44007945,0.43070826,0.42907503,0.430296,0.43357828,0.4487213,0.4742344,0.4491811,0.44007945,0.43070826,0.42907503,0.430296,0.43357828,0.4487213,0.4742344,0.4491811,0.44007945,0.43070826,0.42907503,0.430296,0.43357828,0.4487213,0.4742344,0.4491811,0.44007945,0.43070826,0.42907503,0.430296,0.43357828,0.4487213,0.4742344,0.4491811,0.44007945,0.43070826,0.42907503,0.430296,0.42907503,0.4334356,0.45668125,0.4327379,0.42907503,0.42907503,0.42907503,0.42907503,0.42907503,0.4334356,0.45668125,0.4327379,0.42907503,0.42907503,0.42907503,0.42907503,0.42907503,0.4334356,0.45668125,0.4327379,0.42907503,0.42907503,0.42907503,0.42907503,0.42907503,0.4334356,0.45668125,0.4327379,0.42907503,0.42907503,0.42907503,0.42907503,0.42907503,0.4334356,0.45668125,0.4327379,0.42907503,0.42907503,0.42907503,0.42907503,0.42907503,0.4334356,0.45668125,0.4327379,0.42907503,0.42907503,0.42907503,0.42907503,0.43357828,0.4487213,0.4742344,0.4491811,0.44007945,0.43070826,0.42907503,0.430296,0.43357828,0.4487213,0.4742344,0.4491811,0.44007945,0.43070826,0.42907503,0.430296,0.43357828,0.4487213,0.4742344,0.4491811,0.44007945,0.43070826,0.42907503,0.430296,0.43357828,0.4487213,0.4742344,0.4491811,0.44007945,0.43070826,0.42907503,0.430296,0.43357828,0.4487213,0.4742344,0.4491811,0.44007945,0.43070826,0.42907503,0.430296,0.43357828,0.4487213,0.4742344,0.4491811,0.44007945,0.43070826,0.42907503,0.430296,0.45325625,0.46197733,0.481576,0.4665757,0.45886946,0.45148033,0.4497361,0.4504338,0.45325625,0.46197733,0.481576,0.4665757,0.45886946,0.45148033,0.4497361,0.4504338,0.45325625,0.46197733,0.481576,0.4665757,0.45886946,0.45148033,0.4497361,0.4504338
Industrial heating|Burner|Gas,0.0,0.0,0.0,0.0,0.0,0.0,0.0,0.0,0.0,0.0,0.0,0.0,0.0,0.0,0.0,0.0,0.0,0.0,0.0,0.0,0.0,0.0,0.0,0.0,0.0,0.0,0.0,0.0,0.0,0.0,0.0,0.0,0.0,0.0,0.0,0.0,0.0,0.0,0.0,0.0,0.0,0.0,0.0,0.0,0.0,0.0,0.0,0.0,0.0,0.0,0.0,0.0,0.0,0.0,0.0,0.0,0.0,0.0,0.0,0.0,0.0,0.0,0.0,0.0,0.0,0.0,0.0,0.0,0.0,0.0,0.0,0.0,0.0,0.0,0.0,0.0,0.0,0.0,0.0,0.0,0.0,0.0,0.0,0.0,0.0,0.0,0.0,0.0,0.0,0.0,0.0,0.0,0.0,0.0,0.0,0.0,0.0,0.0,0.0,0.0,0.0,0.0,0.0,0.0,0.0,0.0,0.0,0.0,0.0,0.0,0.0,0.0,0.0,0.0,0.0,0.0,0.0,0.0,0.0,0.0,0.0,0.0,0.0,0.0,0.0,0.0,0.0,0.0,0.0,0.0,0.0,0.0,0.0,0.0,0.0,0.0,0.0,0.0,0.0,0.0,0.0,0.0,0.0,0.0,0.0,0.0,0.0,0.0,0.0,0.0,0.0,0.0,0.0,0.0,0.0,0.0,0.0,0.0,0.0,0.0,0.0,0.0,0.0,0.0,0.0,0.0,0.0,0.0,0.0,0.0,0.0,0.0,0.0,0.0,0.0,0.0,0.0,0.0,0.0,0.0,0.0,0.0,0.0,0.0,0.0,0.0,0.0,0.0,0.0,0.0,0.0,0.0
Industrial heating|Burner|Hydrogen,0.0,0.0,0.0,0.0,0.0,0.0,0.0,0.0,0.0,0.0,0.0,0.0,0.0,0.0,0.0,0.0,0.0,0.0,0.0,0.0,0.0,0.0,0.0,0.0,0.0,0.0,0.0,0.0,0.0,0.0,0.0,0.0,0.0,0.0,0.0,0.0,0.0,0.0,0.0,0.0,0.0,0.0,0.0,0.0,0.0,0.0,0.0,0.0,0.0,0.0,0.0,0.0,0.0,0.0,0.0,0.0,0.0,0.0,0.0,0.0,0.0,0.0,0.0,0.0,0.0,0.0,0.0,0.0,0.0,0.0,0.0,0.0,0.0,0.0,0.0,0.0,0.0,0.0,0.0,0.0,0.0,0.0,0.0,0.0,0.0,0.0,0.0,0.0,0.0,0.0,0.0,0.0,0.0,0.0,0.0,0.0,0.0,0.0,0.0,0.0,0.0,0.0,0.0,0.0,0.0,0.0,0.0,0.0,0.0,0.0,0.0,0.0,0.0,0.0,0.0,0.0,0.0,0.0,0.0,0.0,0.0,0.0,0.0,0.0,0.0,0.0,0.0,0.0,0.0,0.0,0.0,0.0,0.0,0.0,0.0,0.0,0.0,0.0,0.0,0.0,0.0,0.0,0.0,0.0,0.0,0.0,0.0,0.0,0.0,0.0,0.0,0.0,0.0,0.0,0.0,0.0,0.0,0.0,0.0,0.0,0.0,0.0,0.0,0.0,0.0,0.0,0.0,0.0,0.0,0.0,0.0,0.0,0.0,0.0,0.0,0.0,0.0,0.0,0.0,0.0,0.0,0.0,0.0,0.0,0.0,0.0,0.0,0.0,0.0,0.0,0.0,0.0
Industrial heating|Burner|Wood,0.0,0.0,0.0,0.0,0.0,0.0,0.0,0.0,0.0,0.0,0.0,0.0,0.0,0.0,0.0,0.0,0.0,0.0,0.0,0.0,0.0,0.0,0.0,0.0,0.0,0.0,0.0,0.0,0.0,0.0,0.0,0.0,0.0,0.0,0.0,0.0,0.0,0.0,0.0,0.0,0.0,0.0,0.0,0.0,0.0,0.0,0.0,0.0,0.0,0.0,0.0,0.0,0.0,0.0,0.0,0.0,0.0,0.0,0.0,0.0,0.0,0.0,0.0,0.0,0.0,0.0,0.0,0.0,0.0,0.0,0.0,0.0,0.0,0.0,0.0,0.0,0.0,0.0,0.0,0.0,0.0,0.0,0.0,0.0,0.0,0.0,0.0,0.0,0.0,0.0,0.0,0.0,0.0,0.0,0.0,0.0,0.0,0.0,0.0,0.0,0.0,0.0,0.0,0.0,0.0,0.0,0.0,0.0,0.0,0.0,0.0,0.0,0.0,0.0,0.0,0.0,0.0,0.0,0.0,0.0,0.0,0.0,0.0,0.0,0.0,0.0,0.0,0.0,0.0,0.0,0.0,0.0,0.0,0.0,0.0,0.0,0.0,0.0,0.0,0.0,0.0,0.0,0.0,0.0,0.0,0.0,0.0,0.0,0.0,0.0,0.0,0.0,0.0,0.0,0.0,0.0,0.0,0.0,0.0,0.0,0.0,0.0,0.0,0.0,0.0,0.0,0.0,0.0,0.0,0.0,0.0,0.0,0.0,0.0,0.0,0.0,0.0,0.0,0.0,0.0,0.0,0.0,0.0,0.0,0.0,0.0,0.0,0.0,0.0,0.0,0.0,0.0
Industrial heating|Burner|Waste,0.45325625,0.46197733,0.481576,0.4665757,0.45886946,0.45148033,0.4497361,0.4504338,0.45325625,0.46197733,0.481576,0.4665757,0.45886946,0.45148033,0.4497361,0.4504338,0.45325625,0.46197733,0.481576,0.4665757,0.45886946,0.45148033,0.4497361,0.4504338,0.43357828,0.4487213,0.4742344,0.4491811,0.44007945,0.43070826,0.42907503,0.430296,0.43357828,0.4487213,0.4742344,0.4491811,0.44007945,0.43070826,0.42907503,0.430296,0.43357828,0.4487213,0.4742344,0.4491811,0.44007945,0.43070826,0.42907503,0.430296,0.43357828,0.4487213,0.4742344,0.4491811,0.44007945,0.43070826,0.42907503,0.430296,0.43357828,0.4487213,0.4742344,0.4491811,0.44007945,0.43070826,0.42907503,0.430296,0.43357828,0.4487213,0.4742344,0.4491811,0.44007945,0.43070826,0.42907503,0.430296,0.42907503,0.4334356,0.45668125,0.4327379,0.42907503,0.42907503,0.42907503,0.42907503,0.42907503,0.4334356,0.45668125,0.4327379,0.42907503,0.42907503,0.42907503,0.42907503,0.42907503,0.4334356,0.45668125,0.4327379,0.42907503,0.42907503,0.42907503,0.42907503,0.42907503,0.4334356,0.45668125,0.4327379,0.42907503,0.42907503,0.42907503,0.42907503,0.42907503,0.4334356,0.45668125,0.4327379,0.42907503,0.42907503,0.42907503,0.42907503,0.42907503,0.4334356,0.45668125,0.4327379,0.42907503,0.42907503,0.42907503,0.42907503,0.43357828,0.4487213,0.4742344,0.4491811,0.44007945,0.43070826,0.42907503,0.430296,0.43357828,0.4487213,0.4742344,0.4491811,0.44007945,0.43070826,0.42907503,0.430296,0.43357828,0.4487213,0.4742344,0.4491811,0.44007945,0.43070826,0.42907503,0.430296,0.43357828,0.4487213,0.4742344,0.4491811,0.44007945,0.43070826,0.42907503,0.430296,0.43357828,0.4487213,0.4742344,0.4491811,0.44007945,0.43070826,0.42907503,0.430296,0.43357828,0.4487213,0.4742344,0.4491811,0.44007945,0.43070826,0.42907503,0.430296,0.45325625,0.46197733,0.481576,0.4665757,0.45886946,0.45148033,0.4497361,0.4504338,0.45325625,0.46197733,0.481576,0.4665757,0.45886946,0.45148033,0.4497361,0.4504338,0.45325625,0.46197733,0.481576,0.4665757,0.45886946,0.45148033,0.4497361,0.4504338
Industrial heating|Burner|Oil,0.0,0.0,0.0,0.0,0.0,0.0,0.0,0.0,0.0,0.0,0.0,0.0,0.0,0.0,0.0,0.0,0.0,0.0,0.0,0.0,0.0,0.0,0.0,0.0,0.0,0.0,0.0,0.0,0.0,0.0,0.0,0.0,0.0,0.0,0.0,0.0,0.0,0.0,0.0,0.0,0.0,0.0,0.0,0.0,0.0,0.0,0.0,0.0,0.0,0.0,0.0,0.0,0.0,0.0,0.0,0.0,0.0,0.0,0.0,0.0,0.0,0.0,0.0,0.0,0.0,0.0,0.0,0.0,0.0,0.0,0.0,0.0,0.0,0.0,0.0,0.0,0.0,0.0,0.0,0.0,0.0,0.0,0.0,0.0,0.0,0.0,0.0,0.0,0.0,0.0,0.0,0.0,0.0,0.0,0.0,0.0,0.0,0.0,0.0,0.0,0.0,0.0,0.0,0.0,0.0,0.0,0.0,0.0,0.0,0.0,0.0,0.0,0.0,0.0,0.0,0.0,0.0,0.0,0.0,0.0,0.0,0.0,0.0,0.0,0.0,0.0,0.0,0.0,0.0,0.0,0.0,0.0,0.0,0.0,0.0,0.0,0.0,0.0,0.0,0.0,0.0,0.0,0.0,0.0,0.0,0.0,0.0,0.0,0.0,0.0,0.0,0.0,0.0,0.0,0.0,0.0,0.0,0.0,0.0,0.0,0.0,0.0,0.0,0.0,0.0,0.0,0.0,0.0,0.0,0.0,0.0,0.0,0.0,0.0,0.0,0.0,0.0,0.0,0.0,0.0,0.0,0.0,0.0,0.0,0.0,0.0,0.0,0.0,0.0,0.0,0.0,0.0
Industrial heating|Burner|Coal,0.0,0.0,0.0,0.0,0.0,0.0,0.0,0.0,0.0,0.0,0.0,0.0,0.0,0.0,0.0,0.0,0.0,0.0,0.0,0.0,0.0,0.0,0.0,0.0,0.0,0.0,0.0,0.0,0.0,0.0,0.0,0.0,0.0,0.0,0.0,0.0,0.0,0.0,0.0,0.0,0.0,0.0,0.0,0.0,0.0,0.0,0.0,0.0,0.0,0.0,0.0,0.0,0.0,0.0,0.0,0.0,0.0,0.0,0.0,0.0,0.0,0.0,0.0,0.0,0.0,0.0,0.0,0.0,0.0,0.0,0.0,0.0,0.0,0.0,0.0,0.0,0.0,0.0,0.0,0.0,0.0,0.0,0.0,0.0,0.0,0.0,0.0,0.0,0.0,0.0,0.0,0.0,0.0,0.0,0.0,0.0,0.0,0.0,0.0,0.0,0.0,0.0,0.0,0.0,0.0,0.0,0.0,0.0,0.0,0.0,0.0,0.0,0.0,0.0,0.0,0.0,0.0,0.0,0.0,0.0,0.0,0.0,0.0,0.0,0.0,0.0,0.0,0.0,0.0,0.0,0.0,0.0,0.0,0.0,0.0,0.0,0.0,0.0,0.0,0.0,0.0,0.0,0.0,0.0,0.0,0.0,0.0,0.0,0.0,0.0,0.0,0.0,0.0,0.0,0.0,0.0,0.0,0.0,0.0,0.0,0.0,0.0,0.0,0.0,0.0,0.0,0.0,0.0,0.0,0.0,0.0,0.0,0.0,0.0,0.0,0.0,0.0,0.0,0.0,0.0,0.0,0.0,0.0,0.0,0.0,0.0,0.0,0.0,0.0,0.0,0.0,0.0
Electricity|Total,7.1837034,9.469585,12.034788,12.595701,11.820656,11.005675,9.641119,11.000664,10.233435,8.032635,10.488179,10.3296,12.798762,11.144864,8.863246,7.0453167,6.2030716,8.449758,9.76321,9.375428,13.484655,9.817619,10.991084,10.072293,9.848276,7.415004,8.603037,13.221603,14.360078,9.450726,8.656702,6.85896,9.486257,6.8190928,9.908017,13.527258,9.57854,11.192213,8.61644,6.2599225,5.63282,5.943218,9.756084,15.534962,13.783672,12.498089,7.5864744,5.7030373,6.2612143,6.2930694,8.454848,12.679412,16.001099,12.89949,7.821679,6.8746185,5.5124464,6.404602,10.532849,18.260393,18.260395,6.1862297,8.365852,6.532395,5.151091,6.0706286,11.043474,17.939775,18.260395,6.212019,7.9139996,6.062056,4.490979,4.632368,9.042542,18.260395,17.708233,15.1365795,6.516191,5.658546,4.5852656,4.9260077,12.047454,18.260395,13.470375,5.389459,7.060231,6.506693,4.212945,4.829569,13.757257,18.260395,18.260395,8.982439,6.251361,4.7415466,7.291412,5.921336,7.719508,15.035718,14.093767,10.629451,9.408838,6.355419,5.0027256,4.2493,12.064897,18.260393,18.260393,8.665826,6.158207,5.7570815,4.357878,4.6629143,11.380487,18.260395,18.260395,6.0236263,5.9738393,5.4550896,7.754358,5.151114,7.603335,15.036537,18.260395,11.232822,6.0083547,5.751987,4.320661,4.98998,9.189329,14.265472,18.260393,9.704353,5.0907307,4.698923,6.6697464,4.336396,8.346179,14.900998,14.6290045,6.9482775,6.487241,6.9192333,7.173195,8.927876,7.6489935,10.305972,16.222662,8.565605,6.9155474,7.2448807,10.009216,7.4064426,7.936735,13.773333,9.919826,7.068964,7.1590443,8.637273,5.6184096,8.27491,8.625054,15.0616865,14.037206,8.955268,8.962477,6.3056526,6.0867796,8.605705,11.350327,12.3443985,12.326019,10.996374,8.568543,10.109685,9.808414,7.617944,10.685243,11.541071,12.058783,12.206456,9.564689,6.9675093,6.666751,9.295935,11.860115,13.494737,9.7013,11.473071,8.953805,10.545292
Electricity|Thermal,0.34002337,0.35415825,0.36350772,0.3383699,0.33932656,0.34024385,0.34046036,0.34037378,0.34002337,0.3389407,0.34554198,0.3383699,0.33932656,0.34024385,0.34046036,0.34037378,0.34002337,0.3389407,0.33650774,0.3383699,0.33932656,0.34024385,0.34046036,0.34037378,0.34246624,0.34498993,0.36209047,0.34052926,0.27889514,0.3618343,0.344748,0.3428737,0.34246624,0.34058633,0.34409726,0.34052926,0.34165916,0.3428225,0.34302524,0.3428737,0.34246624,0.34058633,0.3664941,0.34052926,0.27889514,0.3428225,0.34302524,0.3428737,0.35495257,0.34058633,0.33741912,0.35090092,0.3399027,0.3428225,0.34302524,0.3428737,0.3750756,0.37590393,0.33741912,0.28361562,0.27889514,0.3428225,0.3582401,0.37333217,0.35520992,0.37439308,0.34982556,0.33002028,0.2965045,0.31636602,0.34302524,0.35075143,0.36879104,0.34090456,0.3432278,0.3409912,0.27889514,0.32478136,0.3438139,0.34288874,0.36883208,0.37241322,0.3868732,0.28440696,0.27889514,0.34533423,0.37343308,0.36930132,0.36503565,0.36768037,0.3552136,0.27889514,0.27889514,0.3757927,0.34539327,0.34446812,0.35427234,0.3424839,0.33971444,0.33085898,0.34473976,0.36763248,0.34539327,0.34446812,0.36216512,0.35269538,0.3746485,0.27889514,0.27889514,0.34533423,0.3479265,0.37492663,0.3611648,0.36535403,0.3749843,0.27889514,0.28718078,0.3622189,0.36806506,0.34446812,0.3632694,0.37093243,0.34719232,0.2916501,0.27889514,0.3428225,0.34302524,0.3428737,0.37192264,0.37590393,0.37590393,0.28856122,0.27889514,0.35551086,0.34302524,0.3428737,0.3603433,0.34058633,0.33741912,0.34052926,0.30769753,0.3428225,0.34302524,0.3428737,0.34246624,0.35181704,0.3551543,0.34052926,0.3094748,0.3428225,0.34302524,0.3428737,0.34246624,0.34058633,0.33741912,0.34052926,0.34165916,0.3428225,0.34302524,0.3428737,0.34246624,0.3550433,0.37590393,0.28170508,0.34165916,0.3428225,0.34302524,0.3428737,0.34002337,0.3389407,0.33650774,0.3383699,0.33932656,0.34024385,0.34046036,0.34037378,0.34002337,0.3389407,0.33650774,0.3383699,0.33932656,0.34024385,0.34046036,0.34037378,0.34002337,0.3389407,0.33812898,0.3383699,0.33932656,0.34024385,0.34046036,0.34037378
Electricity|Thermal|Hydrogen,0.0,0.0,0.0,0.0,0.0,0.0,0.0,0.0,0.0,0.0,0.0,0.0,0.0,0.0,0.0,0.0,0.0,0.0,0.0,0.0,0.0,0.0,0.0,0.0,0.0,0.0,0.0,0.0,0.0,0.0,0.0,0.0,0.0,0.0,0.0,0.0,0.0,0.0,0.0,0.0,0.0,0.0,0.0,0.0,0.0,0.0,0.0,0.0,0.0,0.0,0.0,0.0,0.0,0.0,0.0,0.0,0.0,0.0,0.0,0.0,0.0,0.0,0.0,0.0,0.0,0.0,0.0,0.0,0.0,0.0,0.0,0.0,0.0,0.0,0.0,0.0,0.0,0.0,0.0,0.0,0.0,0.0,0.0,0.0,0.0,0.0,0.0,0.0,0.0,0.0,0.0,0.0,0.0,0.0,0.0,0.0,0.0,0.0,0.0,0.0,0.0,0.0,0.0,0.0,0.0,0.0,0.0,0.0,0.0,0.0,0.0,0.0,0.0,0.0,0.0,0.0,0.0,0.0,0.0,0.0,0.0,0.0,0.0,0.0,0.0,0.0,0.0,0.0,0.0,0.0,0.0,0.0,0.0,0.0,0.0,0.0,0.0,0.0,0.0,0.0,0.0,0.0,0.0,0.0,0.0,0.0,0.0,0.0,0.0,0.0,0.0,0.0,0.0,0.0,0.0,0.0,0.0,0.0,0.0,0.0,0.0,0.0,0.0,0.0,0.0,0.0,0.0,0.0,0.0,0.0,0.0,0.0,0.0,0.0,0.0,0.0,0.0,0.0,0.0,0.0,0.0,0.0,0.0,0.0,0.0,0.0,0.0,0.0,0.0,0.0,0.0,0.0
Electricity|Thermal|Gas,0.0,0.0,0.0,0.0,0.0,0.0,0.0,0.0,0.0,0.0,0.0,0.0,0.0,0.0,0.0,0.0,0.0,0.0,0.0,0.0,0.0,0.0,0.0,0.0,0.0,0.0,0.0,0.0,0.0,0.0,0.0,0.0,0.0,0.0,0.0,0.0,0.0,0.0,0.0,0.0,0.0,0.0,0.0,0.0,0.0,0.0,0.0,0.0,0.0,0.0,0.0,0.0,0.0,0.0,0.0,0.0,0.0,0.0,0.0,0.0,0.0,0.0,0.0,0.0,0.0,0.0,0.0,0.0,0.0,0.0,0.0,0.0,0.0,0.0,0.0,0.0,0.0,0.0,0.0,0.0,0.0,0.0,0.0,0.0,0.0,0.0,0.0,0.0,0.0,0.0,0.0,0.0,0.0,0.0,0.0,0.0,0.0,0.0,0.0,0.0,0.0,0.0,0.0,0.0,0.0,0.0,0.0,0.0,0.0,0.0,0.0,0.0,0.0,0.0,0.0,0.0,0.0,0.0,0.0,0.0,0.0,0.0,0.0,0.0,0.0,0.0,0.0,0.0,0.0,0.0,0.0,0.0,0.0,0.0,0.0,0.0,0.0,0.0,0.0,0.0,0.0,0.0,0.0,0.0,0.0,0.0,0.0,0.0,0.0,0.0,0.0,0.0,0.0,0.0,0.0,0.0,0.0,0.0,0.0,0.0,0.0,0.0,0.0,0.0,0.0,0.0,0.0,0.0,0.0,0.0,0.0,0.0,0.0,0.0,0.0,0.0,0.0,0.0,0.0,0.0,0.0,0.0,0.0,0.0,0.0,0.0,0.0,0.0,0.0,0.0,0.0,0.0
Electricity|Thermal|Wood,0.14502305,0.14502305,0.14502305,0.14502305,0.14502305,0.14502305,0.14502305,0.14502305,0.14502305,0.14502305,0.14502305,0.14502305,0.14502305,0.14502305,0.14502305,0.14502305,0.14502305,0.14502305,0.14502305,0.14502305,0.14502305,0.14502305,0.14502305,0.14502305,0.14502305,0.14502305,0.14502305,0.14502305,0.14502305,0.14502305,0.14502305,0.14502305,0.14502305,0.14502305,0.14502305,0.14502305,0.14502305,0.14502305,0.14502305,0.14502305,0.14502305,0.14502305,0.14502305,0.14502305,0.14502305,0.14502305,0.14502305,0.14502305,0.14502305,0.14502305,0.14502305,0.14502305,0.14502305,0.14502305,0.14502305,0.14502305,0.14502305,0.14502305,0.14502305,0.14974351,0.14502305,0.14502305,0.14502305,0.14502305,0.17240927,0.17240927,0.17240927,0.17240927,0.16263238,0.14502305,0.14502305,0.14502305,0.17240927,0.17240927,0.17240927,0.17240927,0.14502305,0.17240927,0.17240927,0.17240927,0.14502305,0.14502305,0.1559923,0.15053487,0.14502305,0.14502305,0.14502305,0.14502305,0.14502305,0.14502305,0.17240927,0.14502305,0.14502305,0.14502305,0.14502305,0.14502305,0.14502305,0.14502305,0.14502305,0.14502305,0.14502305,0.14502305,0.14502305,0.14502305,0.14502305,0.14502305,0.14502305,0.14502305,0.14502305,0.14502305,0.14502305,0.14502305,0.14502305,0.14502305,0.14502305,0.14502305,0.15330869,0.14502305,0.14502305,0.14502305,0.14502305,0.14502305,0.14502305,0.14502305,0.14502305,0.14502305,0.14502305,0.14502305,0.14502305,0.14502305,0.14502305,0.14502305,0.14502305,0.14502305,0.14502305,0.14502305,0.14502305,0.14502305,0.14502305,0.14502305,0.14502305,0.14502305,0.14502305,0.14502305,0.14502305,0.14502305,0.14502305,0.14502305,0.14502305,0.14502305,0.14502305,0.14502305,0.14502305,0.14502305,0.14502305,0.14502305,0.14502305,0.14502305,0.14502305,0.14502305,0.14502305,0.14502305,0.14502305,0.14502305,0.14502305,0.14502305,0.14502305,0.14502305,0.14502305,0.14502305,0.14502305,0.14502305,0.14502305,0.14502305,0.14502305,0.14502305,0.14502305,0.14502305,0.14502305,0.14502305,0.14502305,0.14502305,0.14502305,0.14502305,0.14502305,0.14502305,0.14502305,0.14502305,0.14502305,0.14502305,0.14502305,0.14502305
Electricity|Thermal|Waste,0.19500034,0.20913519,0.2184847,0.19334684,0.1943035,0.1952208,0.19543733,0.19535072,0.19500034,0.19391769,0.20051895,0.19334684,0.1943035,0.1952208,0.19543733,0.19535072,0.19500034,0.19391769,0.19148469,0.19334684,0.1943035,0.1952208,0.19543733,0.19535072,0.19744316,0.19996688,0.21706744,0.19550622,0.1338721,0.21681121,0.19972494,0.19785064,0.19744316,0.1955633,0.19907422,0.19550622,0.1966361,0.19779944,0.19800219,0.19785064,0.19744316,0.1955633,0.22147103,0.19550622,0.1338721,0.19779944,0.19800219,0.19785064,0.20992951,0.1955633,0.19239609,0.20587789,0.19487965,0.19779944,0.19800219,0.19785064,0.23005256,0.23088089,0.19239609,0.1338721,0.1338721,0.19779944,0.21321703,0.22830914,0.18280065,0.20198381,0.1774163,0.15761103,0.1338721,0.17134295,0.19800219,0.20572838,0.19638178,0.1684953,0.17081854,0.1685819,0.1338721,0.15237209,0.17140464,0.17047948,0.22380903,0.22739018,0.23088089,0.1338721,0.1338721,0.20031118,0.22841004,0.22427827,0.2200126,0.22265734,0.18280435,0.1338721,0.1338721,0.23076968,0.20037024,0.19944507,0.20924929,0.19746089,0.19469139,0.18583591,0.19971672,0.22260945,0.20037024,0.19944507,0.21714209,0.20767234,0.22962546,0.1338721,0.1338721,0.20031118,0.20290346,0.22990356,0.21614178,0.22033101,0.22996125,0.1338721,0.1338721,0.21719585,0.22304201,0.19944507,0.21824634,0.22590937,0.20216928,0.14662702,0.1338721,0.19779944,0.19800219,0.19785064,0.22689961,0.23088089,0.23088089,0.14353818,0.1338721,0.21048783,0.19800219,0.19785064,0.21532026,0.1955633,0.19239609,0.19550622,0.16267446,0.19779944,0.19800219,0.19785064,0.19744316,0.20679402,0.21013127,0.19550622,0.16445175,0.19779944,0.19800219,0.19785064,0.19744316,0.1955633,0.19239609,0.19550622,0.1966361,0.19779944,0.19800219,0.19785064,0.19744316,0.21002024,0.23088089,0.13668205,0.1966361,0.19779944,0.19800219,0.19785064,0.19500034,0.19391769,0.19148469,0.19334684,0.1943035,0.1952208,0.19543733,0.19535072,0.19500034,0.19391769,0.19148469,0.19334684,0.1943035,0.1952208,0.19543733,0.19535072,0.19500034,0.19391769,0.19310594,0.19334684,0.1943035,0.1952208,0.19543733,0.19535072
Electricity|Thermal|Biogas,0.0,0.0,0.0,0.0,0.0,0.0,0.0,0.0,0.0,0.0,0.0,0.0,0.0,0.0,0.0,0.0,0.0,0.0,0.0,0.0,0.0,0.0,0.0,0.0,0.0,0.0,0.0,0.0,0.0,0.0,0.0,0.0,0.0,0.0,0.0,0.0,0.0,0.0,0.0,0.0,0.0,0.0,0.0,0.0,0.0,0.0,0.0,0.0,0.0,0.0,0.0,0.0,0.0,0.0,0.0,0.0,0.0,0.0,0.0,0.0,0.0,0.0,0.0,0.0,0.0,0.0,0.0,0.0,0.0,0.0,0.0,0.0,0.0,0.0,0.0,0.0,0.0,0.0,0.0,0.0,0.0,0.0,0.0,0.0,0.0,0.0,0.0,0.0,0.0,0.0,0.0,0.0,0.0,0.0,0.0,0.0,0.0,0.0,0.0,0.0,0.0,0.0,0.0,0.0,0.0,0.0,0.0,0.0,0.0,0.0,0.0,0.0,0.0,0.0,0.0,0.0,0.0,0.0,0.0,0.0,0.0,0.0,0.0,0.0,0.0,0.0,0.0,0.0,0.0,0.0,0.0,0.0,0.0,0.0,0.0,0.0,0.0,0.0,0.0,0.0,0.0,0.0,0.0,0.0,0.0,0.0,0.0,0.0,0.0,0.0,0.0,0.0,0.0,0.0,0.0,0.0,0.0,0.0,0.0,0.0,0.0,0.0,0.0,0.0,0.0,0.0,0.0,0.0,0.0,0.0,0.0,0.0,0.0,0.0,0.0,0.0,0.0,0.0,0.0,0.0,0.0,0.0,0.0,0.0,0.0,0.0,0.0,0.0,0.0,0.0,0.0,0.0
Electricity|Thermal|Geothermal,0.0,0.0,0.0,0.0,0.0,0.0,0.0,0.0,0.0,0.0,0.0,0.0,0.0,0.0,0.0,0.0,0.0,0.0,0.0,0.0,0.0,0.0,0.0,0.0,0.0,0.0,0.0,0.0,0.0,0.0,0.0,0.0,0.0,0.0,0.0,0.0,0.0,0.0,0.0,0.0,0.0,0.0,0.0,0.0,0.0,0.0,0.0,0.0,0.0,0.0,0.0,0.0,0.0,0.0,0.0,0.0,0.0,0.0,0.0,0.0,0.0,0.0,0.0,0.0,0.0,0.0,0.0,0.0,0.0,0.0,0.0,0.0,0.0,0.0,0.0,0.0,0.0,0.0,0.0,0.0,0.0,0.0,0.0,0.0,0.0,0.0,0.0,0.0,0.0,0.0,0.0,0.0,0.0,0.0,0.0,0.0,0.0,0.0,0.0,0.0,0.0,0.0,0.0,0.0,0.0,0.0,0.0,0.0,0.0,0.0,0.0,0.0,0.0,0.0,0.0,0.0,0.0,0.0,0.0,0.0,0.0,0.0,0.0,0.0,0.0,0.0,0.0,0.0,0.0,0.0,0.0,0.0,0.0,0.0,0.0,0.0,0.0,0.0,0.0,0.0,0.0,0.0,0.0,0.0,0.0,0.0,0.0,0.0,0.0,0.0,0.0,0.0,0.0,0.0,0.0,0.0,0.0,0.0,0.0,0.0,0.0,0.0,0.0,0.0,0.0,0.0,0.0,0.0,0.0,0.0,0.0,0.0,0.0,0.0,0.0,0.0,0.0,0.0,0.0,0.0,0.0,0.0,0.0,0.0,0.0,0.0,0.0,0.0,0.0,0.0,0.0,0.0
Electricity|Hydro|Total,3.3894215,5.8134212,8.237422,7.240864,4.816864,7.240864,6.1332197,7.5394907,7.2564726,4.832473,7.2564726,4.832473,2.5449233,2.5449233,4.8918233,3.098668,2.7446153,5.1686153,6.500433,4.0764327,4.7661123,5.6763573,8.100357,7.177577,6.205744,3.7817435,3.9654906,2.265463,2.265463,3.13378,5.5577803,3.7728567,5.5225496,3.0985498,2.5272279,4.951228,2.5272279,4.951228,5.6919355,3.2679358,2.5272279,2.5272279,2.5272279,2.5272279,2.5272279,2.5272279,4.6015577,2.634754,2.8182023,2.8854136,4.0601,2.8182023,2.8182023,2.8182023,4.4749837,3.759002,4.6987157,2.8182023,3.3383617,2.8182023,2.8182023,2.8182023,5.2422023,4.375201,3.9367154,4.870994,6.3607154,3.9367154,3.9367154,4.8876038,7.3116035,5.566827,3.9367154,3.9367154,3.9367154,3.9367154,3.9367154,3.5964231,3.9367154,3.9367154,3.6361868,3.6361868,3.6361868,3.6361868,3.6361868,3.6361868,6.011091,5.785788,3.6361868,3.6361868,3.6361868,3.6361868,3.6361868,3.6361868,4.641522,3.891424,6.458153,5.054646,3.7573943,2.9750538,2.9750538,5.3990536,7.823054,5.3990536,4.2469296,2.9750538,2.9750538,2.9750538,2.9750538,3.191045,4.2203245,4.654252,3.0560555,3.0560555,3.0560555,3.0560555,3.0560555,3.0560555,5.0729523,4.941029,6.7687116,4.3447113,3.0560555,3.0560555,3.0560555,3.0560555,5.0513163,4.967186,3.2884026,3.7010326,5.0032454,2.5792453,1.7441308,2.5792453,3.9975603,2.5792453,6.129236,3.7052367,3.0496278,2.5792453,2.5792453,3.10614,2.5792453,2.5792453,3.5372076,5.475399,4.230139,2.6601665,2.6601665,2.6601665,3.8763587,4.210472,6.529977,4.1059766,3.6735988,2.6601665,2.6601665,3.5203056,4.024841,5.5048685,2.554611,4.978611,2.554611,2.554611,2.554611,2.8050704,5.2290707,2.8050704,3.1181598,5.54216,7.9051476,5.481148,7.9051476,8.044808,5.6208086,7.049634,6.8725805,4.4485807,6.8725805,4.4485807,5.143675,7.5676746,5.143675,2.7196746,3.379117,5.803117,8.227118,7.9488196,5.5248194,7.9488196,5.5248194,7.0131774
Electricity|Hydro|Dams,1.6524981,4.076498,6.5004983,5.5039406,3.0799408,5.5039406,4.3962965,5.8025675,5.5195494,3.0955493,5.5195494,3.0955493,0.808,0.808,3.1549,1.3617449,1.2871523,3.7111523,5.0429697,2.6189697,3.308649,4.2188945,6.6428943,5.7201138,4.7482805,2.3242805,2.5080276,0.808,0.808,1.6763169,4.100317,2.3153937,3.8033218,1.3793218,0.808,3.232,0.808,3.232,3.9727077,1.5487078,0.808,0.808,0.808,0.808,0.808,0.808,2.8823297,0.91552603,0.808,0.8752115,2.049898,0.808,0.808,0.808,2.4647815,1.7487998,2.6885135,0.808,1.3281595,0.808,0.808,0.808,3.232,2.3649993,0.808,1.7422789,3.232,0.808,0.808,1.7588886,4.1828885,2.4381113,0.808,0.808,0.808,0.808,0.808,0.808,0.808,0.808,0.808,0.808,0.808,0.808,0.808,0.808,3.1829047,2.9576013,0.808,0.808,0.808,0.808,0.808,0.808,1.8133351,1.0632372,4.291099,2.8875923,1.5903406,0.808,0.808,3.232,5.656,3.232,2.079876,0.808,0.808,0.808,0.808,1.0239913,2.0532706,2.487198,0.808,0.808,0.808,0.808,0.808,0.808,2.8248966,2.6929736,4.520656,2.0966558,0.808,0.808,0.808,0.808,2.803261,2.7191308,1.5171574,1.9297875,3.232,0.808,0.808,0.808,2.226315,0.808,4.357991,1.9339914,1.2783825,0.808,0.808,1.3348947,0.808,0.808,1.6850411,3.6232326,2.3779726,0.808,0.808,0.808,2.0241923,2.358306,4.67781,2.2538102,1.8214325,0.808,0.808,1.6681391,2.1726744,3.6527019,0.808,3.232,0.808,0.808,0.808,1.0584594,3.4824595,1.0584594,1.371549,3.795549,6.158537,3.734537,6.158537,6.2981973,3.8741975,5.3030233,5.050794,2.6267943,5.050794,2.6267943,3.3218882,5.745888,3.3218882,0.8978883,1.5573306,3.9813306,6.4053307,6.127033,3.7030332,6.127033,3.7030332,5.191391
Electricity|Hydro|RoR,1.7369233,1.7369233,1.7369233,1.7369233,1.7369233,1.7369233,1.7369233,1.7369233,1.7369233,1.7369233,1.7369233,1.7369233,1.7369233,1.7369233,1.7369233,1.7369233,1.457463,1.457463,1.457463,1.457463,1.457463,1.457463,1.457463,1.457463,1.457463,1.457463,1.457463,1.457463,1.457463,1.457463,1.457463,1.457463,1.7192279,1.7192279,1.7192279,1.7192279,1.7192279,1.7192279,1.7192279,1.7192279,1.7192279,1.7192279,1.7192279,1.7192279,1.7192279,1.7192279,1.7192279,1.7192279,2.0102022,2.0102022,2.0102022,2.0102022,2.0102022,2.0102022,2.0102022,2.0102022,2.0102022,2.0102022,2.0102022,2.0102022,2.0102022,2.0102022,2.0102022,2.0102022,3.1287153,3.1287153,3.1287153,3.1287153,3.1287153,3.1287153,3.1287153,3.1287153,3.1287153,3.1287153,3.1287153,3.1287153,3.1287153,2.788423,3.1287153,3.1287153,2.8281868,2.8281868,2.8281868,2.8281868,2.8281868,2.8281868,2.8281868,2.8281868,2.8281868,2.8281868,2.8281868,2.8281868,2.8281868,2.8281868,2.8281868,2.8281868,2.1670537,2.1670537,2.1670537,2.1670537,2.1670537,2.1670537,2.1670537,2.1670537,2.1670537,2.1670537,2.1670537,2.1670537,2.1670537,2.1670537,2.1670537,2.1670537,2.2480555,2.2480555,2.2480555,2.2480555,2.2480555,2.2480555,2.2480555,2.2480555,2.2480555,2.2480555,2.2480555,2.2480555,2.2480555,2.2480555,2.2480555,2.2480555,1.7712452,1.7712452,1.7712452,1.7712452,0.93613076,1.7712452,1.7712452,1.7712452,1.7712452,1.7712452,1.7712452,1.7712452,1.7712452,1.7712452,1.7712452,1.7712452,1.8521664,1.8521664,1.8521664,1.8521664,1.8521664,1.8521664,1.8521664,1.8521664,1.8521664,1.8521664,1.8521664,1.8521664,1.8521664,1.8521664,1.8521664,1.8521664,1.7466109,1.7466109,1.7466109,1.7466109,1.7466109,1.7466109,1.7466109,1.7466109,1.7466109,1.7466109,1.7466109,1.7466109,1.7466109,1.7466109,1.7466109,1.7466109,1.8217864,1.8217864,1.8217864,1.8217864,1.8217864,1.8217864,1.8217864,1.8217864,1.8217864,1.8217864,1.8217864,1.8217864,1.8217864,1.8217864,1.8217864,1.8217864
Electricity|Nuclear,0.0,0.0,0.0,0.0,0.0,0.0,0.0,0.0,0.0,0.0,0.0,0.0,0.0,0.0,0.0,0.0,0.0,0.0,0.0,0.0,0.0,0.0,0.0,0.0,0.0,0.0,0.0,0.0,0.0,0.0,0.0,0.0,0.0,0.0,0.0,0.0,0.0,0.0,0.0,0.0,0.0,0.0,0.0,0.0,0.0,0.0,0.0,0.0,0.0,0.0,0.0,0.0,0.0,0.0,0.0,0.0,0.0,0.0,0.0,0.0,0.0,0.0,0.0,0.0,0.0,0.0,0.0,0.0,0.0,0.0,0.0,0.0,0.0,0.0,0.0,0.0,0.0,0.0,0.0,0.0,0.0,0.0,0.0,0.0,0.0,0.0,0.0,0.0,0.0,0.0,0.0,0.0,0.0,0.0,0.0,0.0,0.0,0.0,0.0,0.0,0.0,0.0,0.0,0.0,0.0,0.0,0.0,0.0,0.0,0.0,0.0,0.0,0.0,0.0,0.0,0.0,0.0,0.0,0.0,0.0,0.0,0.0,0.0,0.0,0.0,0.0,0.0,0.0,0.0,0.0,0.0,0.0,0.0,0.0,0.0,0.0,0.0,0.0,0.0,0.0,0.0,0.0,0.0,0.0,0.0,0.0,0.0,0.0,0.0,0.0,0.0,0.0,0.0,0.0,0.0,0.0,0.0,0.0,0.0,0.0,0.0,0.0,0.0,0.0,0.0,0.0,0.0,0.0,0.0,0.0,0.0,0.0,0.0,0.0,0.0,0.0,0.0,0.0,0.0,0.0,0.0,0.0,0.0,0.0,0.0,0.0,0.0,0.0,0.0,0.0,0.0,0.0
Electricity|Solar,0.0,0.0,0.16303937,1.8154467,3.3289165,0.38242286,0.0,0.0,0.0,0.0,0.06498314,2.127234,6.514511,4.6573567,0.0,0.0,0.0,0.0,0.08064398,2.1737995,5.6764135,1.2303774,0.0,0.0,0.0,0.0,1.1094995,7.77586,10.6173725,3.1252172,0.0,0.0,0.0,0.0,3.9864964,5.363342,4.0513935,3.2827892,0.000604,0.0,0.0,0.0,4.1191807,12.514517,10.784783,7.1605296,0.05228701,0.0,0.0,0.0,1.4142799,7.3396063,12.371828,7.573903,0.15321201,0.0,0.0,0.24251784,6.557775,15.158576,15.163297,1.8893559,0.11555318,0.0,0.0,0.18591157,3.7034047,13.049299,14.027174,0.6773808,0.10218969,0.0,0.0,0.21879372,4.5171847,13.982688,13.492622,11.215375,1.2621152,0.0,0.0,0.27602744,7.36245,14.339801,9.194022,0.99316716,0.23354347,0.0,0.0,0.7127322,9.628578,14.345312,14.345312,4.5648823,0.70073354,0.0,0.0,0.16629454,3.0414429,10.964464,10.342707,4.6236963,0.94332916,0.0,0.0,0.595014,8.507928,15.006445,15.006445,4.2179236,0.60669523,0.0,0.0,0.41053578,7.4819407,14.925444,14.917158,2.4231517,0.43928167,0.0,0.0,0.012782681,4.123515,11.622636,14.925444,7.707239,0.41191077,0.0,0.0,0.0,3.602487,11.251721,16.237368,6.6111856,0.21412037,0.0,0.0,0.0,2.1933043,11.497451,11.118076,0.52262276,0.010860799,0.0,0.0,0.0,0.15101983,4.562284,13.007843,2.8480568,0.0,0.0,0.0,0.0,1.1516966,10.718057,4.304512,0.43925124,0.0,0.0,0.0,0.0,2.3201256,11.05275,7.6869144,2.4983523,0.0,0.0,0.0,0.0,0.40771347,4.0050273,1.5510386,0.087400295,0.0,0.0,0.0,0.0,0.5673614,3.8910058,3.1882942,0.27763453,0.0,0.0,0.0,0.0,0.19576953,2.4874446,1.1528254,0.4479773,0.0,0.0
Electricity|Wind,0.98492485,0.83267194,0.80148643,0.7316878,0.86621505,0.57281137,0.6981052,0.651465,0.16760516,0.3918883,0.3518479,0.5621901,0.9306677,1.1330066,1.1616293,1.1369413,0.64909947,0.47286803,0.3762916,0.31749257,0.23346922,0.10130747,0.080932416,0.08500901,0.8307322,0.8189361,0.6966228,0.3704172,0.29564306,0.36056086,0.2848405,0.273896,1.1519071,0.9106237,0.58086205,0.40282488,0.18892643,0.14603949,0.111542284,0.17977972,0.3847365,0.6060706,0.27384868,0.15268663,0.19276646,0.19689034,0.120271064,0.25607574,0.61872613,0.5977361,0.17371611,0.3454925,0.47116485,0.49228892,0.38112515,0.30340984,0.43865466,0.4986443,0.29929385,0.0,0.0,0.7840052,1.0453876,1.155755,0.8591658,0.63932985,0.62952864,0.6237411,0.0,0.33066857,0.15718111,0.14447825,0.18547276,0.13595448,0.2454151,0.0,0.0,0.0,0.9735467,1.3789421,0.580247,0.64138,0.66194427,0.0,0.36127052,0.41477078,0.44216356,0.35160342,0.21172217,0.11296949,0.13727918,0.0,0.0,0.4055768,0.563712,0.50565416,0.47898683,0.35791147,0.58095664,0.7653412,0.43126634,0.23906761,0.29706237,0.6118977,0.39363086,0.32653677,0.20726712,0.0,0.0,0.9115227,0.98326105,0.72790295,0.94065803,0.83096874,0.4675062,0.0,0.0,0.18220046,0.09354066,0.16959222,0.6223769,0.42268738,0.07657198,0.06619522,0.0,0.12670529,0.20210238,0.44192696,0.6603357,0.62592524,0.20769292,0.14594486,0.0,0.15841118,0.15381418,0.08667275,0.18016611,0.29057294,0.29649463,0.48377305,0.62398547,1.1900551,1.4650472,1.5277807,0.8241876,0.6313265,0.4433463,0.27365944,0.24517857,0.24522588,0.22682998,0.22220144,0.6674401,0.49054632,0.30468723,0.054580502,0.14415497,0.2972516,0.32184514,0.32019714,0.25199914,0.4719218,0.90508056,1.1726211,0.9846882,0.8396897,0.92104787,0.6883751,0.15926278,0.25527146,0.23162411,0.050519682,0.06117242,0.054588377,0.13794152,0.2503433,0.12647662,0.36108917,0.43945894,0.39378068,0.91815406,1.5515702,1.6112206,1.4381274,0.47827718,0.6845429,0.6297653,0.25076908,0.21499446,0.26669693,0.61919135,0.722407
Electricity|Imports,2.4693334,2.4693334,2.4693334,2.4693334,2.4693334,2.4693334,2.4693334,2.4693334,2.4693334,2.4693334,2.4693334,2.4693334,2.4693334,2.4693334,2.4693334,2.4693334,2.4693334,2.4693334,2.4693334,2.4693334,2.4693334,2.4693334,2.4693334,2.4693334,2.4693334,2.4693334,2.4693334,2.4693334,0.9027042,2.4693334,2.4693334,2.4693334,2.4693334,2.4693334,2.4693334,2.4693334,2.4693334,2.4693334,2.4693334,2.4693334,2.3783891,2.4693334,2.4693334,0.0,0.0,2.2706184,2.4693334,2.4693334,2.4693334,2.4693334,2.4693334,1.8252107,0.0,1.6722741,2.4693334,2.4693334,0.0,2.4693334,0.0,0.0,0.0,0.351844,1.6044683,0.6281063,0.0,0.0,0.0,0.0,0.0,0.0,0.0,0.0,0.0,0.0,0.0,0.0,0.0,0.0,0.0,0.0,0.0,0.0,0.0,0.0,0.0,0.0,0.0,0.0,0.0,0.0,0.0,0.0,0.0,0.0,0.0,0.0,0.0,0.0,0.0,0.0,0.0,0.0,0.0,0.0,0.0,0.0,0.0,0.0,0.0,0.0,0.0,0.0,0.0,0.0,0.0,0.0,0.0,0.0,0.0,0.0,0.0,0.0,0.0,0.0,0.0,0.0,0.0,0.0,0.0,0.28711823,0.0,0.0,0.0,0.0,0.38221008,1.6901313,0.0,0.0,2.4693334,0.0,0.0,1.7866375,2.0890625,2.4693334,2.4693334,2.4693334,2.4693334,2.4693334,0.0,2.4693334,2.4693334,2.4693334,2.4693334,2.4693334,2.4693334,0.0,2.4693334,2.4693334,2.4693334,2.4693334,2.4693334,2.4693334,2.4693334,0.0,2.4693334,2.4693334,2.4693334,2.4693334,2.4693334,2.4693334,2.4693334,2.4693334,2.4693334,2.4693334,2.4693334,2.4693334,2.4693334,2.4693334,2.4693334,2.4693334,2.4693334,2.4693334,2.4693334,2.4693334,2.4693334,2.4693334,2.4693334,2.4693334,2.4693334,2.4693334,2.4693334,2.4693334
CO2|Total,0.0,,,,,,,,,,,,,,,,,,,,,,,,,,,,,,,,,,,,,,,,,,,,,,,,,,,,,,,,,,,,,,,,,,,,,,,,,,,,,,,,,,,,,,,,,,,,,,,,,,,,,,,,,,,,,,,,,,,,,,,,,,,,,,,,,,,,,,,,,,,,,,,,,,,,,,,,,,,,,,,,,,,,,,,,,,,,,,,,,,,,,,,,,,,,,,,
Costs|System cost,28450.23568,,,,,,,,,,,,,,,,,,,,,,,,,,,,,,,,,,,,,,,,,,,,,,,,,,,,,,,,,,,,,,,,,,,,,,,,,,,,,,,,,,,,,,,,,,,,,,,,,,,,,,,,,,,,,,,,,,,,,,,,,,,,,,,,,,,,,,,,,,,,,,,,,,,,,,,,,,,,,,,,,,,,,,,,,,,,,,,,,,,,,,,,,,,,,,,
