index,0_0,0_1,0_2,0_3,0_4,0_5,0_6,0_7,1_0,1_1,1_2,1_3,1_4,1_5,1_6,1_7,2_0,2_1,2_2,2_3,2_4,2_5,2_6,2_7,3_0,3_1,3_2,3_3,3_4,3_5,3_6,3_7,4_0,4_1,4_2,4_3,4_4,4_5,4_6,4_7,5_0,5_1,5_2,5_3,5_4,5_5,5_6,5_7,6_0,6_1,6_2,6_3,6_4,6_5,6_6,6_7,7_0,7_1,7_2,7_3,7_4,7_5,7_6,7_7,8_0,8_1,8_2,8_3,8_4,8_5,8_6,8_7,9_0,9_1,9_2,9_3,9_4,9_5,9_6,9_7,10_0,10_1,10_2,10_3,10_4,10_5,10_6,10_7,11_0,11_1,11_2,11_3,11_4,11_5,11_6,11_7,12_0,12_1,12_2,12_3,12_4,12_5,12_6,12_7,13_0,13_1,13_2,13_3,13_4,13_5,13_6,13_7,14_0,14_1,14_2,14_3,14_4,14_5,14_6,14_7,15_0,15_1,15_2,15_3,15_4,15_5,15_6,15_7,16_0,16_1,16_2,16_3,16_4,16_5,16_6,16_7,17_0,17_1,17_2,17_3,17_4,17_5,17_6,17_7,18_0,18_1,18_2,18_3,18_4,18_5,18_6,18_7,19_0,19_1,19_2,19_3,19_4,19_5,19_6,19_7,20_0,20_1,20_2,20_3,20_4,20_5,20_6,20_7,21_0,21_1,21_2,21_3,21_4,21_5,21_6,21_7,22_0,22_1,22_2,22_3,22_4,22_5,22_6,22_7,23_0,23_1,23_2,23_3,23_4,23_5,23_6,23_7
Transport|Total,1.2878157,1.5085692,3.441304,3.3393066,3.7323534,4.413306,3.4228141,2.1372724,1.2878157,1.5085692,3.441304,3.3393066,3.7323534,4.413306,3.4228141,2.1372724,1.2879859,1.5160491,3.5127819,3.4074066,3.8134682,4.516969,3.4936798,2.1655703,1.2879859,1.5160491,3.5127819,3.4074066,3.8134682,4.516969,3.4936798,2.1655703,1.288921,1.5571585,3.9056232,3.7816856,4.259277,5.0867023,3.883156,2.3210952,1.288921,1.5571585,3.9056232,3.7816856,4.259277,5.0867023,3.883156,2.3210952,1.2886828,1.5466866,3.8055542,3.6863458,4.1457157,4.9415736,3.7839444,2.2814784,1.2886828,1.5466866,3.8055542,3.6863458,4.1457157,4.9415736,3.7839444,2.2814784,1.2889184,1.5570388,3.9044797,3.780596,4.257979,5.085044,3.8820221,2.3206427,1.2889184,1.5570388,3.9044797,3.780596,4.257979,5.085044,3.8820221,2.3206427,1.2889374,1.5578765,3.912485,3.7882235,4.267064,5.096654,3.8899586,2.3238118,1.2889374,1.5578765,3.912485,3.7882235,4.267064,5.096654,3.8899586,2.3238118,1.2891647,1.5678695,4.0079794,3.8792055,4.3754334,5.235148,3.9846356,2.3616178,1.2891647,1.5678695,4.0079794,3.8792055,4.3754334,5.235148,3.9846356,2.3616178,1.2886637,1.5458488,3.7975485,3.6787183,4.136631,4.9299636,3.776008,2.2783089,1.2886637,1.5458488,3.7975485,3.6787183,4.136631,4.9299636,3.776008,2.2783089,1.2889034,1.5563805,3.8981893,3.7746036,4.2508407,5.0759215,3.875786,2.3181524,1.2889034,1.5563805,3.8981893,3.7746036,4.2508407,5.0759215,3.875786,2.3181524,1.2890652,1.5635014,3.9662364,3.8394349,4.3280625,5.1746087,3.94325,2.345092,1.2890652,1.5635014,3.9662364,3.8394349,4.3280625,5.1746087,3.94325,2.345092,1.2887195,1.5483023,3.8209937,3.7010548,4.1632366,4.963965,3.7992513,2.2875907,1.2887195,1.5483023,3.8209937,3.7010548,4.1632366,4.963965,3.7992513,2.2875907,1.2886556,1.5454899,3.7941177,3.6754491,4.132737,4.9249873,3.7726061,2.2769506,1.2886556,1.5454899,3.7941177,3.6754491,4.132737,4.9249873,3.7726061,2.2769506
Transport|Hydrogen,0.54009616,0.54009616,0.54009616,0.54009616,0.54009616,0.54009616,0.54009616,0.54009616,0.54009616,0.54009616,0.54009616,0.54009616,0.54009616,0.54009616,0.54009616,0.54009616,0.54009616,0.54009616,0.54009616,0.54009616,0.54009616,0.54009616,0.54009616,0.54009616,0.54009616,0.54009616,0.54009616,0.54009616,0.54009616,0.54009616,0.54009616,0.54009616,0.54009616,0.54009616,0.54009616,0.54009616,0.54009616,0.54009616,0.54009616,0.54009616,0.54009616,0.54009616,0.54009616,0.54009616,0.54009616,0.54009616,0.54009616,0.54009616,0.54009616,0.54009616,0.54009616,0.54009616,0.54009616,0.54009616,0.54009616,0.54009616,0.54009616,0.54009616,0.54009616,0.54009616,0.54009616,0.54009616,0.54009616,0.54009616,0.54009616,0.54009616,0.54009616,0.54009616,0.54009616,0.54009616,0.54009616,0.54009616,0.54009616,0.54009616,0.54009616,0.54009616,0.54009616,0.54009616,0.54009616,0.54009616,0.54009616,0.54009616,0.54009616,0.54009616,0.54009616,0.54009616,0.54009616,0.54009616,0.54009616,0.54009616,0.54009616,0.54009616,0.54009616,0.54009616,0.54009616,0.54009616,0.54009616,0.54009616,0.54009616,0.54009616,0.54009616,0.54009616,0.54009616,0.54009616,0.54009616,0.54009616,0.54009616,0.54009616,0.54009616,0.54009616,0.54009616,0.54009616,0.54009616,0.54009616,0.54009616,0.54009616,0.54009616,0.54009616,0.54009616,0.54009616,0.54009616,0.54009616,0.54009616,0.54009616,0.54009616,0.54009616,0.54009616,0.54009616,0.54009616,0.54009616,0.54009616,0.54009616,0.54009616,0.54009616,0.54009616,0.54009616,0.54009616,0.54009616,0.54009616,0.54009616,0.54009616,0.54009616,0.54009616,0.54009616,0.54009616,0.54009616,0.54009616,0.54009616,0.54009616,0.54009616,0.54009616,0.54009616,0.54009616,0.54009616,0.54009616,0.54009616,0.54009616,0.54009616,0.54009616,0.54009616,0.54009616,0.54009616,0.54009616,0.54009616,0.54009616,0.54009616,0.54009616,0.54009616,0.54009616,0.54009616,0.54009616,0.54009616,0.54009616,0.54009616,0.54009616,0.54009616,0.54009616,0.54009616,0.54009616,0.54009616,0.54009616,0.54009616,0.54009616,0.54009616,0.54009616,0.54009616,0.54009616,0.54009616,0.54009616,0.54009616,0.54009616,0.54009616
Transport|Gas,0,0,0,0,0,0,0,0,0,0,0,0,0,0,0,0,0,0,0,0,0,0,0,0,0,0,0,0,0,0,0,0,0,0,0,0,0,0,0,0,0,0,0,0,0,0,0,0,0,0,0,0,0,0,0,0,0,0,0,0,0,0,0,0,0,0,0,0,0,0,0,0,0,0,0,0,0,0,0,0,0,0,0,0,0,0,0,0,0,0,0,0,0,0,0,0,0,0,0,0,0,0,0,0,0,0,0,0,0,0,0,0,0,0,0,0,0,0,0,0,0,0,0,0,0,0,0,0,0,0,0,0,0,0,0,0,0,0,0,0,0,0,0,0,0,0,0,0,0,0,0,0,0,0,0,0,0,0,0,0,0,0,0,0,0,0,0,0,0,0,0,0,0,0,0,0,0,0,0,0,0,0,0,0,0,0,0,0,0,0,0,0
Transport|Liquid petroleum products,0,0,0,0,0,0,0,0,0,0,0,0,0,0,0,0,0,0,0,0,0,0,0,0,0,0,0,0,0,0,0,0,0,0,0,0,0,0,0,0,0,0,0,0,0,0,0,0,0,0,0,0,0,0,0,0,0,0,0,0,0,0,0,0,0,0,0,0,0,0,0,0,0,0,0,0,0,0,0,0,0,0,0,0,0,0,0,0,0,0,0,0,0,0,0,0,0,0,0,0,0,0,0,0,0,0,0,0,0,0,0,0,0,0,0,0,0,0,0,0,0,0,0,0,0,0,0,0,0,0,0,0,0,0,0,0,0,0,0,0,0,0,0,0,0,0,0,0,0,0,0,0,0,0,0,0,0,0,0,0,0,0,0,0,0,0,0,0,0,0,0,0,0,0,0,0,0,0,0,0,0,0,0,0,0,0,0,0,0,0,0,0
Transport|Electricity,0.74771965,0.96847314,2.9012074,2.79921,3.192257,3.8732104,2.882718,1.5971762,0.74771965,0.96847314,2.9012074,2.79921,3.192257,3.8732104,2.882718,1.5971762,0.74788976,0.97595304,2.9726853,2.8673105,3.2733722,3.9768739,2.9535832,1.6254741,0.74788976,0.97595304,2.9726853,2.8673105,3.2733722,3.9768739,2.9535832,1.6254741,0.7488249,1.0170624,3.3655267,3.2415895,3.7191806,4.546606,3.3430595,1.780999,0.7488249,1.0170624,3.3655267,3.2415895,3.7191806,4.546606,3.3430595,1.780999,0.74858665,1.0065906,3.265458,3.1462493,3.60562,4.401478,3.2438478,1.7413821,0.74858665,1.0065906,3.265458,3.1462493,3.60562,4.401478,3.2438478,1.7413821,0.7488222,1.0169427,3.3643832,3.2405,3.717883,4.5449476,3.341926,1.7805463,0.7488222,1.0169427,3.3643832,3.2405,3.717883,4.5449476,3.341926,1.7805463,0.7488412,1.0177804,3.3723888,3.2481275,3.7269678,4.5565577,3.3498626,1.7837155,0.7488412,1.0177804,3.3723888,3.2481275,3.7269678,4.5565577,3.3498626,1.7837155,0.74906856,1.0277735,3.467883,3.3391094,3.8353376,4.6950517,3.444539,1.8215216,0.74906856,1.0277735,3.467883,3.3391094,3.8353376,4.6950517,3.444539,1.8215216,0.74856764,1.0057528,3.2574525,3.1386218,3.5965347,4.389868,3.2359114,1.7382127,0.74856764,1.0057528,3.2574525,3.1386218,3.5965347,4.389868,3.2359114,1.7382127,0.7488072,1.0162845,3.3580928,3.234507,3.7107449,4.5358253,3.3356895,1.7780561,0.7488072,1.0162845,3.3580928,3.234507,3.7107449,4.5358253,3.3356895,1.7780561,0.7489692,1.0234053,3.4261398,3.2993388,3.7879667,4.6345124,3.4031534,1.8049957,0.7489692,1.0234053,3.4261398,3.2993388,3.7879667,4.6345124,3.4031534,1.8049957,0.74862343,1.0082062,3.2808976,3.1609588,3.6231408,4.423869,3.2591548,1.7474943,0.74862343,1.0082062,3.2808976,3.1609588,3.6231408,4.423869,3.2591548,1.7474943,0.7485595,1.0053937,3.2540216,3.135353,3.5926409,4.384892,3.2325096,1.7368544,0.7485595,1.0053937,3.2540216,3.135353,3.5926409,4.384892,3.2325096,1.7368544
Heating|Total,7.276742,7.276742,7.276742,7.276742,7.3344636,7.276742,7.276742,7.276742,5.664696,5.7814326,6.8617363,6.366493,5.2716775,3.9280496,5.2830844,4.915115,4.656968,5.068931,6.724308,5.662226,4.53091,4.9655237,4.527614,4.780581,6.6588564,6.7971377,6.8617363,5.241503,6.189611,4.1571465,5.169534,5.645126,2.5623395,2.8758457,4.6357183,2.8479152,2.0603554,2.4120953,2.8002126,2.7501569,2.9548826,2.896178,5.5164657,3.8996568,4.7674294,2.005546,2.3509173,2.5186121,5.570787,6.857955,6.801675,3.8629155,5.8928995,2.9896522,3.2044456,3.5679257,3.6314533,6.2835608,6.666821,6.1066976,6.7597656,3.4382844,4.86317,6.2808743,6.2160225,5.264667,4.6479483,2.8782785,4.635167,1.3705783,2.4163823,4.2009406,1.5704963,2.3901014,4.890234,3.4271333,3.5975428,2.0643983,0.97829914,1.6135669,0.38017392,0.38017392,1.3523728,3.2161608,1.1319228,1.5077975,1.2017949,0.65047276,0.38017392,0.38017392,1.7715498,2.46077,2.3246317,1.6575546,0.8496799,0.49525782,0.38017392,0.4556917,2.1293561,2.6501064,0.92677194,0.87218255,1.2096469,0.51720774,0.38017392,0.38017392,0.7579329,2.5092072,1.9617759,1.0725745,0.67740333,0.83174443,0.38017392,0.4972455,0.70707494,3.8761935,2.9386094,0.73739266,0.8189586,0.466122,0.38017392,0.38017392,0.6001996,2.9069438,3.6398587,0.70029044,1.086801,0.8503861,0.38017392,0.38017392,0.6887543,1.3512874,2.3495402,0.8914336,0.8099901,0.38017392,0.38017392,0.6247925,1.4596238,1.689034,3.1605659,1.1096812,0.7619089,0.38017392,2.597067,1.6799943,4.1104803,1.5592344,4.0028095,1.1932068,1.1415489,2.0938241,2.555553,2.8298542,4.055257,1.4717557,1.4368916,1.7200108,1.041594,0.38017392,2.7113683,3.3798745,4.6835313,4.0267906,3.083477,3.182825,2.652979,2.554209,4.41596,5.3464713,6.4622927,5.3604445,5.2527094,4.551696,4.183084,4.3573117,5.1526046,6.044935,6.7819977,5.698521,5.630619,5.440155,4.8325267,5.2628217,5.9836955,6.8617363,6.8617363,6.7696896,6.3868604,6.30577,6.0286207,6.1331115
Heating|Biomass,2.3315032,2.3315032,2.3315032,2.3315032,2.3315032,2.3315032,2.3315032,2.3315032,1.789987,1.8295283,2.3315032,1.9807326,1.276184,0.57071954,1.6244518,1.5360867,1.4486467,1.5845108,2.1900673,1.7591555,1.090004,1.3953264,1.4048315,1.4739966,2.128623,2.2669044,2.3315032,1.03167,0,0.73397255,1.5042524,2.032271,0.7391488,0.84534043,1.1216528,0.49942547,0.49433017,0.55848575,0.81972176,0.80276674,1.0205332,0.5280431,1.7397778,0,0,0,0.6675353,0.7243373,1.8332356,2.3277216,2.2714415,0.8652719,0.6054264,0.47472313,0.95664465,1.0797635,1.7693511,1.7533274,1.8799542,0.6858404,0,0,1.518492,1.9987004,1.8460919,1.4011106,1.6979526,0,0,0,0.6930191,1.29418,0.8046329,0,1.3936214,0,0,0,0,0,0,0,0,0,0,0,0,0,0,0,0,0,0,0,0.033583924,0.038981512,0,0.015054976,0,0,0,0,0.28096125,0.04641644,0,0,0,0,0,0,0,0,0,0,0,0,0,0,0,0,0,0,0,0,0,0,0,0.040825006,0,0,0,0,0,0,0,0,0,0,0.20469972,0.09556816,0,0,0.12930225,0,0.7509118,0.30191115,1.2580482,0.13224682,0,0,0,0.580452,0.74264985,0.8239622,1.0554203,0.17997679,0.053854365,0.13202795,0.22403795,0,0.7896282,0.68041646,1.3515483,0,0.67079085,0.9253611,0.7698504,0.73639476,1.3670118,1.682197,2.0601509,1.5897787,1.6504377,1.4129885,1.2881316,1.3471463,1.61653,1.9187825,2.2470798,1.7930615,1.4004596,1.6586043,1.4708577,1.653863,1.8980392,2.3315032,2.3315032,2.2333355,1.7611836,1.9296236,1.6626781,2.075689
Heating|Gas,0,0,0,0,0,0,0,0,0,0,0,0,0,0,0,0,0,0,0,0,0,0,0,0,0,0,0,0,0,0,0,0,0,0,0,0,0,0,0,0,0,0,0,0,0,0,0,0,0,0,0,0,0,0,0,0,0,0,0,0,0,0,0,0,0,0,0,0,0,0,0,0,0,0,0,0,0,0,0,0,0,0,0,0,0,0,0,0,0,0,0,0,0,0,0,0,0,0,0,0,0,0,0,0,0,0,0,0,0,0,0,0,0,0,0,0,0,0,0,0,0,0,0,0,0,0,0,0,0,0,0,0,0,0,0,0,0,0,0,0,0,0,0,0,0,0,0,0,0,0,0,0,0,0,0,0,0,0,0,0,0,0,0,0,0,0,0,0,0,0,0,0,0,0,0,0,0,0,0,0,0,0,0,0,0,0,0,0,0,0,0,0
Heating|Geothermal,0,0,0,0,0,0,0,0,0,0,0,0,0,0,0,0,0,0,0,0,0,0,0,0,0,0,0,0,0,0,0,0,0,0,0,0,0,0,0,0,0,0,0,0,0,0,0,0,0,0,0,0,0,0,0,0,0,0,0,0,0,0,0,0,0,0,0,0,0,0,0,0,0,0,0,0,0,0,0,0,0,0,0,0,0,0,0,0,0,0,0,0,0,0,0,0,0,0,0,0,0,0,0,0,0,0,0,0,0,0,0,0,0,0,0,0,0,0,0,0,0,0,0,0,0,0,0,0,0,0,0,0,0,0,0,0,0,0,0,0,0,0,0,0,0,0,0,0,0,0,0,0,0,0,0,0,0,0,0,0,0,0,0,0,0,0,0,0,0,0,0,0,0,0,0,0,0,0,0,0,0,0,0,0,0,0,0,0,0,0,0,0
Heating|Liquid petroleum products,0,0,0,0,0,0,0,0,0,0,0,0,0,0,0,0,0,0,0,0,0,0,0,0,0,0,0,0,0,0,0,0,0,0,0,0,0,0,0,0,0,0,0,0,0,0,0,0,0,0,0,0,0,0,0,0,0,0,0,0,0,0,0,0,0,0,0,0,0,0,0,0,0,0,0,0,0,0,0,0,0,0,0,0,0,0,0,0,0,0,0,0,0,0,0,0,0,0,0,0,0,0,0,0,0,0,0,0,0,0,0,0,0,0,0,0,0,0,0,0,0,0,0,0,0,0,0,0,0,0,0,0,0,0,0,0,0,0,0,0,0,0,0,0,0,0,0,0,0,0,0,0,0,0,0,0,0,0,0,0,0,0,0,0,0,0,0,0,0,0,0,0,0,0,0,0,0,0,0,0,0,0,0,0,0,0,0,0,0,0,0,0
Heating|Heat pumps|Total,4.150059,4.150059,4.150059,4.150059,4.150059,4.150059,4.150059,4.150059,3.494535,3.5717306,4.150059,3.9586177,3.3495345,2.3461301,3.278458,2.9988537,2.8281474,3.1042461,4.150059,3.5228963,2.7447882,3.0321882,2.7426085,2.9264104,4.150059,4.150059,4.150059,3.2146869,4.150059,2.5770926,3.2851076,3.2326803,1.443017,1.6503315,2.8140955,1.6318617,1.1110661,1.3436637,1.600317,1.5672162,1.5541755,1.987961,3.3965135,2.7392566,2.4061522,0.94377875,1.3032081,1.4141009,3.357377,4.150059,4.150059,2.3030584,3.9842663,1.725589,1.8676271,2.107988,1.4819281,4.150059,4.150059,3.874808,4.150059,2.2439084,2.9645042,3.902,3.6040668,3.097693,2.1283264,1.5468812,3.083851,0.37203023,1.3431892,2.526587,0,1.6242383,2.6645255,1.8760655,1.6460043,0.3039504,0.21243586,0.84177005,0,0,0.5003145,1.4705012,0.4971146,0.745672,0.82162094,0.27029884,0,0,0.6143354,0.4740161,1.5027202,1.0858033,0.43592203,0.07610238,0,0.060462773,1.362184,0.9637128,0.47095054,0.49200863,0.5485118,0.09061735,0,0,0,1.1209365,1.0058464,0.45786887,0.2972294,0.4515705,0,0.11707155,0.024777755,1.8686982,1.8982913,0.35379025,0.43878466,0.08594806,0,0,0,0.93762994,2.6439056,0.2223932,0.7066272,0.42938715,0,0,0,0,1.9693662,0.44839108,0.4298162,0,0,0.24461858,0.87475014,1.0261496,1.259837,0.619858,0.2524327,0,1.4659815,0.9979092,2.4667675,0.57379943,2.3077772,0.4139019,0.76137495,1.1331983,1.4327292,1.6257182,2.4302492,0.7218384,0.69878346,0.88600373,0.43738222,0,1.5415664,2.319284,2.74095,2.154884,1.7876333,1.8533299,1.5029546,1.4376403,2.6687741,3.2841,4.021968,3.2933404,3.2220974,2.758533,2.5147786,2.6299913,3.1559005,3.7459786,4.150059,3.516903,3.4720006,3.4013765,2.981495,3.2287846,3.7054822,4.150059,4.150059,4.150059,4.150059,3.9959722,3.9857683,3.6772485
Heating|Heat pumps|Air source,2.4800563,2.4800563,2.4800563,2.4800563,2.4800563,2.4800563,2.4800563,2.4800563,2.088318,2.1344497,2.4800563,2.3656516,1.7989633,1.4020365,2.1618948,1.7921011,1.6900878,1.8485959,2.4800563,2.1409006,1.6402727,1.8120217,1.6389701,1.7196627,2.4800563,2.4800563,2.4800563,1.9210821,2.4800563,1.3998597,2.1033642,1.9318349,0.8623403,0.9862305,1.6816905,0.975193,0.663968,0.8029672,0.95634204,0.93656117,0.7524428,0.90134954,2.0297408,1.9243407,1.6649454,0.56399786,0.7787912,0.84506017,1.9171838,2.4800563,2.4800563,1.3762971,2.4800563,1.0312041,1.1160854,1.259724,0.8855935,2.4800563,2.4800563,2.4088788,2.4800563,1.3467878,1.771574,2.3318172,2.1537738,2.3724744,0.7505707,0.8920661,1.8926009,0.22232355,0.8085223,1.5098767,0,0.97063726,1.6298535,0.6731234,1.6247593,0.28143796,0.13278922,0.50658375,0,0,0,1.2174582,0.2970734,0.44561014,0.4909969,0.16152933,0,0,0,0.38306844,1.3992456,0.648871,0.26634353,0.045478433,0,0,0.81403494,0.6225446,0.28143787,0.29402208,0.32778814,0.05415251,0,0,0,0.618825,0.85172784,0.27362034,0.18346146,0.26985645,0,0.08476849,0,0.59141827,1.6532301,0.21142343,0.26805422,0.051362164,0,0,0,0.52965105,1.6114129,0.13290115,0.42466503,0.25659978,0,0,0,0,1.1768842,0.2440217,0.28662947,0,0,0,0.24122573,0.8040519,1.043757,0.3704243,0.15085262,0,0.87606376,0.31963322,1.474129,0.09830524,1.9583474,0.24734586,0.45499417,0.67719406,0.86642486,0.9612893,1.4523057,0.4313673,0.41758978,0.52947176,0.2613776,0,0.92123294,1.3859934,1.5135204,1.4260364,1.0682814,1.1075414,0.8981587,0.8591272,1.5948471,1.9625632,2.4035094,1.968085,1.9255106,1.6484866,1.5028201,1.5716707,1.8859516,2.2385795,2.4800563,2.101685,2.0748515,2.098374,1.7160007,1.9295068,2.214379,2.4800563,2.4800563,2.4800563,2.4800563,2.4800563,2.4800563,2.0072455
Heating|Heat pumps|Ground source,1.6700029,1.6700029,1.6700029,1.6700029,1.6700029,1.6700029,1.6700029,1.6700029,1.406217,1.4372808,1.6700029,1.592966,1.5505713,0.9440936,1.1165634,1.2067525,1.1380595,1.2556502,1.6700029,1.3819958,1.1045153,1.2201664,1.1036383,1.2067478,1.6700029,1.6700029,1.6700029,1.2936049,1.6700029,1.1772329,1.1817435,1.3008455,0.5806767,0.664101,1.1324049,0.65666866,0.44709814,0.54069644,0.64397496,0.630655,0.8017327,1.0866115,1.3667727,0.81491584,0.7412069,0.37978092,0.524417,0.5690407,1.4401933,1.6700029,1.6700029,0.9267613,1.5042101,0.694385,0.7515418,0.84826416,0.5963347,1.6700029,1.6700029,1.4659293,1.6700029,0.89712054,1.1929301,1.5701827,1.4502932,0.72521853,1.3777558,0.654815,1.1912502,0.14970668,0.534667,1.0167103,0,0.65360093,1.0346721,1.2029421,0.021245053,0.022512438,0.07964663,0.33518627,0,0,0.5003145,0.2530429,0.2000412,0.30006185,0.33062404,0.10876949,0,0,0.6143354,0.09094766,0.10347459,0.4369322,0.16957848,0.030623948,0,0.060462773,0.54814917,0.34116825,0.18951267,0.19798654,0.22072367,0.03646484,0,0,0,0.5021115,0.15411851,0.18424855,0.11376794,0.18171404,0,0.032303058,0.024777755,1.27728,0.24506128,0.14236683,0.17073043,0.034585893,0,0,0,0.4079789,1.0324926,0.08949205,0.28196216,0.17278735,0,0,0,0,0.792482,0.20436938,0.14318673,0,0,0.24461858,0.6335244,0.22209775,0.21608002,0.24943373,0.101580076,0,0.58991766,0.678276,0.9926386,0.47549418,0.3494297,0.16655603,0.3063808,0.4560042,0.5663044,0.66442895,0.9779434,0.2904711,0.28119367,0.35653198,0.17600462,0,0.6203334,0.93329054,1.2274297,0.72884774,0.7193519,0.7457885,0.6047959,0.5785131,1.0739269,1.321537,1.6184583,1.3252554,1.2965869,1.1100464,1.0119585,1.0583206,1.269949,1.5073991,1.6700029,1.4152179,1.397149,1.3030026,1.2654943,1.2992778,1.4911032,1.6700029,1.6700029,1.6700029,1.6700029,1.5159159,1.505712,1.6700029
Heating|Electric heater,0.41500592,0.41500592,0.41500592,0.41500592,0.41500592,0.41500592,0.41500592,0.41500592,0,0,0,0,0,0,0,0,0,0,0,0,0,0,0,0,0,0,0,0,0,0,0,0,0,0,0,0,0,0,0,0,0,0,0,0,0,0,0,0,0,0,0,0,0,0,0,0,0,0,0,0,0.1670003,0,0,0,0,0,0,0,0.039909985,0,0,0,0,0,0.06282712,0.1670003,0.1670003,0.1670003,0,0.005933563,0,0,0,0,0,0,0,0,0,0,0,0.1670003,0.1670003,0,0,0,0,0,0,0,0,0,0,0,0,0,0,0.1670003,0.1670003,0,0,0,0,0,0,0,0,0,0,0,0,0,0,0,0,0,0,0,0,0,0,0,0,0,0,0,0,0,0,0,0,0,0,0,0,0,0,0,0,0,0,0,0,0,0,0,0,0,0,0,0,0,0,0,0,0,0,0,0,0,0,0,0,0,0,0,0,0,0,0,0,0,0,0,0,0,0,0,0,0,0,0
Heating|CHPs,0.38017392,0.38017392,0.38017392,0.38017392,0.38017392,0.38017392,0.38017392,0.38017392,0.38017392,0.38017392,0.38017392,0.38017392,0.38017392,0.38017392,0.38017392,0.38017392,0.38017392,0.38017392,0.38017392,0.38017392,0.38017392,0.38017392,0.38017392,0.38017392,0.38017392,0.38017392,0.38017392,0.38017392,0.38017392,0.38017392,0.38017392,0.38017392,0.38017392,0.38017392,0.38017392,0.38017392,0.38017392,0.38017392,0.38017392,0.38017392,0.38017392,0.38017392,0.38017392,0.38017392,0.38017392,0.38017392,0.38017392,0.38017392,0.38017392,0.38017392,0.38017392,0.38017392,0.38017392,0.38017392,0.38017392,0.38017392,0.38017392,0.38017392,0.38017392,0.4466538,0.38017392,0.38017392,0.38017392,0.38017392,0.7658633,0.7658633,0.7658633,0.7658633,0.6281718,0.38017392,0.38017392,0.38017392,0.7658633,0.7658633,0.7658633,0.7658633,0.38017392,0.7658633,0.7658633,0.7658633,0.38017392,0.38017392,0.5346577,0.4577989,0.38017392,0.38017392,0.38017392,0.38017392,0.38017392,0.38017392,0.7658633,0.38017392,0.38017392,0.38017392,0.38017392,0.38017392,0.38017392,0.38017392,0.38017392,0.38017392,0.38017392,0.38017392,0.38017392,0.38017392,0.38017392,0.38017392,0.38017392,0.38017392,0.38017392,0.38017392,0.38017392,0.38017392,0.38017392,0.38017392,0.38017392,0.38017392,0.49686325,0.38017392,0.38017392,0.38017392,0.38017392,0.38017392,0.38017392,0.38017392,0.38017392,0.38017392,0.38017392,0.38017392,0.38017392,0.38017392,0.38017392,0.38017392,0.38017392,0.38017392,0.38017392,0.38017392,0.38017392,0.38017392,0.38017392,0.38017392,0.38017392,0.38017392,0.38017392,0.38017392,0.38017392,0.38017392,0.38017392,0.38017392,0.38017392,0.38017392,0.38017392,0.38017392,0.38017392,0.38017392,0.38017392,0.38017392,0.38017392,0.38017392,0.38017392,0.38017392,0.38017392,0.38017392,0.38017392,0.38017392,0.38017392,0.38017392,0.38017392,0.38017392,0.38017392,0.38017392,0.38017392,0.38017392,0.38017392,0.38017392,0.38017392,0.38017392,0.38017392,0.38017392,0.38017392,0.38017392,0.38017392,0.38017392,0.38017392,0.38017392,0.38017392,0.38017392,0.38017392,0.38017392,0.38017392,0.38017392,0.38017392,0.38017392
Heating|Solar Thermal,0,0,0,0,0.05772172,0,0,0,0,0,0,0.04696876,0.2657846,0.6310261,0,0,0,0,0.004007175,0,0.31594405,0.157835,0,0,0,0,0,0.6149718,1.6593777,0.46590716,0,0,0,0,0.31979617,0.33645427,0.074785255,0.12977187,0,0,0,0,0,0.78022623,1.9811033,0.68159354,0,0,0,0,0,0.3144113,0.9230323,0.4091661,0,0,0,0,0.25663337,1.0993952,2.0625317,0.81420213,0,0,0,0,0.055805646,0.5655339,0.8832342,0.6183741,0,0,0,0,0.00339581,0.6182043,1.4043641,0.8275844,0,0,0,0,0.3174006,1.2878608,0.25463435,0.38195154,0,0,0,0,0.39135107,1.4395796,0.27473718,0.19157745,0,0,0,0,0.38699824,1.3062195,0.07564749,0,0,0,0,0,0.377759,0.84109646,0.40875515,0.23453173,0,0,0,0,0.30212325,1.6273212,0.5434548,0.003428468,0,0,0,0,0.22002566,1.5891399,0.61577904,0.097723335,0,0,0,0,0.30858037,0.9711135,0,0.06286861,0,0,0,0,0,0.18714218,1.5205548,0.10964934,0,0,0,0,0.005490937,0.47301424,1.3148586,0.39913094,0,0,0,0,0.1894131,0.18976662,0.30407974,0.321805,0,0,0,0,0.21085861,1.4917326,0.24487895,0.023960132,0,0,0,0,0,0.09715133,0,0,0,0,0,0,0.004684398,0.008382837,0.37798446,0,0,0,0,0,0,0.006120607,0.09544319,0,0,0
Electricity|Total,11.940092,9.366463,11.943176,11.076648,10.301601,9.486622,9.641119,10.983996,6.494975,8.267637,8.743211,10.466051,12.798762,13.110521,8.864194,10.209381,9.991194,7.389879,9.795515,9.407733,12.033849,9.880568,11.054033,8.634023,6.6348534,7.1298656,8.6723,13.45863,14.360078,9.4500885,8.656065,10.052505,6.4909344,6.2477713,9.908017,11.103258,11.30166,12.915331,7.969879,9.620697,5.7237644,5.943218,9.441273,15.534962,13.783672,12.696804,7.3791733,5.715378,6.904237,6.0937757,8.357526,12.65342,16.001099,12.899491,7.824195,6.5768423,3.6319325,5.6410775,10.667352,18.260393,18.260395,10.727719,7.8387313,5.027561,5.151091,5.836128,8.619474,17.939775,18.260395,7.1890984,8.89108,6.3599133,4.490979,4.632368,9.042542,18.260395,17.36794,15.4768715,6.516191,5.658546,4.5852656,4.9260077,12.047454,18.260395,13.63473,5.907665,7.1601872,6.289975,4.212945,4.829569,13.757257,18.260395,18.260395,8.951981,6.0668674,5.2608137,5.006159,6.307096,8.011277,15.035718,14.093767,10.315623,7.7950864,9.589667,4.454034,4.2609186,12.064897,18.260393,18.260393,8.449834,6.7913184,6.0753284,4.357878,4.6629143,11.380487,18.260395,18.260395,6.5495677,6.0648904,4.615226,7.0250115,5.7205753,7.603335,15.036537,18.260395,11.232822,6.0302415,5.751987,5.9132056,4.778409,6.81208,14.265472,18.260395,10.41351,6.43235,3.7179492,7.7431316,4.32422,6.7982063,14.900998,14.6290045,9.209239,6.889824,4.6689224,7.173195,6.989684,7.741378,12.621663,16.222662,9.592679,6.898881,5.694575,10.040398,7.437624,7.936735,13.773333,9.919826,7.076618,7.1590443,8.637273,5.6184096,6.415333,8.625054,15.0616865,14.037206,11.128809,8.813828,6.1570044,6.0857153,8.604641,11.350681,12.344753,12.326374,10.996374,8.568543,10.093019,10.280269,8.089798,10.201008,11.056836,13.303454,8.603128,8.579722,10.252656,6.4965477,9.1257305,11.703831,13.874384,10.080947,11.440989,8.921722,10.420115
Electricity|Thermal,0.34002337,0.3426472,0.36350772,0.3383699,0.33932656,0.34024385,0.34046036,0.34037378,0.34002337,0.3389407,0.34313348,0.3383699,0.33932656,0.34024385,0.34046036,0.34037378,0.34002337,0.3389407,0.33650774,0.3383699,0.33932656,0.34024385,0.34046036,0.34037378,0.34246624,0.34058633,0.3664941,0.34052926,0.27889514,0.3618343,0.344748,0.3428737,0.34246624,0.34058633,0.34409726,0.34052926,0.34165916,0.3428225,0.34302524,0.3428737,0.34246624,0.34058633,0.3664941,0.34052926,0.27889514,0.3428225,0.34302524,0.3428737,0.35495257,0.34058633,0.33741912,0.35090092,0.3399027,0.3428225,0.34302524,0.3428737,0.3750756,0.37590393,0.33741912,0.28361562,0.27889514,0.3428225,0.3582401,0.37333217,0.35520992,0.37439308,0.34982556,0.33002028,0.2965045,0.31636602,0.34302524,0.35075143,0.36879104,0.34090456,0.3432278,0.3409912,0.27889514,0.32478136,0.3438139,0.34288874,0.36883208,0.37241322,0.3868732,0.28440696,0.27889514,0.34533423,0.37343308,0.36930132,0.36503565,0.36768037,0.3552136,0.27889514,0.27889514,0.34533423,0.34539327,0.36269832,0.35427234,0.36550775,0.3395982,0.33085898,0.34473976,0.34533423,0.34539327,0.34446812,0.36216512,0.36431438,0.3746485,0.27889514,0.27889514,0.34533423,0.3479265,0.37492663,0.3611648,0.36535403,0.3749843,0.27889514,0.28718078,0.3622189,0.36806506,0.34446812,0.3632694,0.37093243,0.34719232,0.2916501,0.27889514,0.3428225,0.34302524,0.3428737,0.37192264,0.37590393,0.37590393,0.28856122,0.27889514,0.35551086,0.34302524,0.3428737,0.3603433,0.34058633,0.33741912,0.34052926,0.30769753,0.3428225,0.34302524,0.3428737,0.34246624,0.35181704,0.3551543,0.34052926,0.3094748,0.3428225,0.34302524,0.3428737,0.34246624,0.34058633,0.33741912,0.34052926,0.34165916,0.3428225,0.34302524,0.3428737,0.34246624,0.3550433,0.37590393,0.28170508,0.34165916,0.3428225,0.34302524,0.3428737,0.34002337,0.3389407,0.33650774,0.3383699,0.33932656,0.34024385,0.34046036,0.34037378,0.34002337,0.3389407,0.33650774,0.3383699,0.33932656,0.34024385,0.34046036,0.34037378,0.34002337,0.3389407,0.35204858,0.3383699,0.33932656,0.34024385,0.34046036,0.34037378
Electricity|Thermal|Hydrogen,0,0,0,0,0,0,0,0,0,0,0,0,0,0,0,0,0,0,0,0,0,0,0,0,0,0,0,0,0,0,0,0,0,0,0,0,0,0,0,0,0,0,0,0,0,0,0,0,0,0,0,0,0,0,0,0,0,0,0,0,0,0,0,0,0,0,0,0,0,0,0,0,0,0,0,0,0,0,0,0,0,0,0,0,0,0,0,0,0,0,0,0,0,0,0,0,0,0,0,0,0,0,0,0,0,0,0,0,0,0,0,0,0,0,0,0,0,0,0,0,0,0,0,0,0,0,0,0,0,0,0,0,0,0,0,0,0,0,0,0,0,0,0,0,0,0,0,0,0,0,0,0,0,0,0,0,0,0,0,0,0,0,0,0,0,0,0,0,0,0,0,0,0,0,0,0,0,0,0,0,0,0,0,0,0,0,0,0,0,0,0,0
Electricity|Thermal|Gas,0,0,0,0,0,0,0,0,0,0,0,0,0,0,0,0,0,0,0,0,0,0,0,0,0,0,0,0,0,0,0,0,0,0,0,0,0,0,0,0,0,0,0,0,0,0,0,0,0,0,0,0,0,0,0,0,0,0,0,0,0,0,0,0,0,0,0,0,0,0,0,0,0,0,0,0,0,0,0,0,0,0,0,0,0,0,0,0,0,0,0,0,0,0,0,0,0,0,0,0,0,0,0,0,0,0,0,0,0,0,0,0,0,0,0,0,0,0,0,0,0,0,0,0,0,0,0,0,0,0,0,0,0,0,0,0,0,0,0,0,0,0,0,0,0,0,0,0,0,0,0,0,0,0,0,0,0,0,0,0,0,0,0,0,0,0,0,0,0,0,0,0,0,0,0,0,0,0,0,0,0,0,0,0,0,0,0,0,0,0,0,0
Electricity|Thermal|Wood,0.14502305,0.14502305,0.14502305,0.14502305,0.14502305,0.14502305,0.14502305,0.14502305,0.14502305,0.14502305,0.14502305,0.14502305,0.14502305,0.14502305,0.14502305,0.14502305,0.14502305,0.14502305,0.14502305,0.14502305,0.14502305,0.14502305,0.14502305,0.14502305,0.14502305,0.14502305,0.14502305,0.14502305,0.14502305,0.14502305,0.14502305,0.14502305,0.14502305,0.14502305,0.14502305,0.14502305,0.14502305,0.14502305,0.14502305,0.14502305,0.14502305,0.14502305,0.14502305,0.14502305,0.14502305,0.14502305,0.14502305,0.14502305,0.14502305,0.14502305,0.14502305,0.14502305,0.14502305,0.14502305,0.14502305,0.14502305,0.14502305,0.14502305,0.14502305,0.14974351,0.14502305,0.14502305,0.14502305,0.14502305,0.17240927,0.17240927,0.17240927,0.17240927,0.16263238,0.14502305,0.14502305,0.14502305,0.17240927,0.17240927,0.17240927,0.17240927,0.14502305,0.17240927,0.17240927,0.17240927,0.14502305,0.14502305,0.1559923,0.15053487,0.14502305,0.14502305,0.14502305,0.14502305,0.14502305,0.14502305,0.17240927,0.14502305,0.14502305,0.14502305,0.14502305,0.14502305,0.14502305,0.14502305,0.14502305,0.14502305,0.14502305,0.14502305,0.14502305,0.14502305,0.14502305,0.14502305,0.14502305,0.14502305,0.14502305,0.14502305,0.14502305,0.14502305,0.14502305,0.14502305,0.14502305,0.14502305,0.15330869,0.14502305,0.14502305,0.14502305,0.14502305,0.14502305,0.14502305,0.14502305,0.14502305,0.14502305,0.14502305,0.14502305,0.14502305,0.14502305,0.14502305,0.14502305,0.14502305,0.14502305,0.14502305,0.14502305,0.14502305,0.14502305,0.14502305,0.14502305,0.14502305,0.14502305,0.14502305,0.14502305,0.14502305,0.14502305,0.14502305,0.14502305,0.14502305,0.14502305,0.14502305,0.14502305,0.14502305,0.14502305,0.14502305,0.14502305,0.14502305,0.14502305,0.14502305,0.14502305,0.14502305,0.14502305,0.14502305,0.14502305,0.14502305,0.14502305,0.14502305,0.14502305,0.14502305,0.14502305,0.14502305,0.14502305,0.14502305,0.14502305,0.14502305,0.14502305,0.14502305,0.14502305,0.14502305,0.14502305,0.14502305,0.14502305,0.14502305,0.14502305,0.14502305,0.14502305,0.14502305,0.14502305,0.14502305,0.14502305,0.14502305,0.14502305
Electricity|Thermal|Waste,0.19500034,0.19762413,0.2184847,0.19334684,0.1943035,0.1952208,0.19543733,0.19535072,0.19500034,0.19391769,0.1981104,0.19334684,0.1943035,0.1952208,0.19543733,0.19535072,0.19500034,0.19391769,0.19148469,0.19334684,0.1943035,0.1952208,0.19543733,0.19535072,0.19744316,0.1955633,0.22147103,0.19550622,0.1338721,0.21681121,0.19972494,0.19785064,0.19744316,0.1955633,0.19907422,0.19550622,0.1966361,0.19779944,0.19800219,0.19785064,0.19744316,0.1955633,0.22147103,0.19550622,0.1338721,0.19779944,0.19800219,0.19785064,0.20992951,0.1955633,0.19239609,0.20587789,0.19487965,0.19779944,0.19800219,0.19785064,0.23005256,0.23088089,0.19239609,0.1338721,0.1338721,0.19779944,0.21321703,0.22830914,0.18280065,0.20198381,0.1774163,0.15761103,0.1338721,0.17134295,0.19800219,0.20572838,0.19638178,0.1684953,0.17081854,0.1685819,0.1338721,0.15237209,0.17140464,0.17047948,0.22380903,0.22739018,0.23088089,0.1338721,0.1338721,0.20031118,0.22841004,0.22427827,0.2200126,0.22265734,0.18280435,0.1338721,0.1338721,0.20031118,0.20037024,0.21767527,0.20924929,0.2204847,0.19457515,0.18583591,0.19971672,0.20031118,0.20037024,0.19944507,0.21714209,0.21929133,0.22962546,0.1338721,0.1338721,0.20031118,0.20290346,0.22990356,0.21614178,0.22033101,0.22996125,0.1338721,0.1338721,0.21719585,0.22304201,0.19944507,0.21824634,0.22590937,0.20216928,0.14662702,0.1338721,0.19779944,0.19800219,0.19785064,0.22689961,0.23088089,0.23088089,0.14353818,0.1338721,0.21048783,0.19800219,0.19785064,0.21532026,0.1955633,0.19239609,0.19550622,0.16267446,0.19779944,0.19800219,0.19785064,0.19744316,0.20679402,0.21013127,0.19550622,0.16445175,0.19779944,0.19800219,0.19785064,0.19744316,0.1955633,0.19239609,0.19550622,0.1966361,0.19779944,0.19800219,0.19785064,0.19744316,0.21002024,0.23088089,0.13668205,0.1966361,0.19779944,0.19800219,0.19785064,0.19500034,0.19391769,0.19148469,0.19334684,0.1943035,0.1952208,0.19543733,0.19535072,0.19500034,0.19391769,0.19148469,0.19334684,0.1943035,0.1952208,0.19543733,0.19535072,0.19500034,0.19391769,0.20702553,0.19334684,0.1943035,0.1952208,0.19543733,0.19535072
Electricity|Thermal|Biogas,0,0,0,0,0,0,0,0,0,0,0,0,0,0,0,0,0,0,0,0,0,0,0,0,0,0,0,0,0,0,0,0,0,0,0,0,0,0,0,0,0,0,0,0,0,0,0,0,0,0,0,0,0,0,0,0,0,0,0,0,0,0,0,0,0,0,0,0,0,0,0,0,0,0,0,0,0,0,0,0,0,0,0,0,0,0,0,0,0,0,0,0,0,0,0,0,0,0,0,0,0,0,0,0,0,0,0,0,0,0,0,0,0,0,0,0,0,0,0,0,0,0,0,0,0,0,0,0,0,0,0,0,0,0,0,0,0,0,0,0,0,0,0,0,0,0,0,0,0,0,0,0,0,0,0,0,0,0,0,0,0,0,0,0,0,0,0,0,0,0,0,0,0,0,0,0,0,0,0,0,0,0,0,0,0,0,0,0,0,0,0,0
Electricity|Thermal|Geothermal,0,0,0,0,0,0,0,0,0,0,0,0,0,0,0,0,0,0,0,0,0,0,0,0,0,0,0,0,0,0,0,0,0,0,0,0,0,0,0,0,0,0,0,0,0,0,0,0,0,0,0,0,0,0,0,0,0,0,0,0,0,0,0,0,0,0,0,0,0,0,0,0,0,0,0,0,0,0,0,0,0,0,0,0,0,0,0,0,0,0,0,0,0,0,0,0,0,0,0,0,0,0,0,0,0,0,0,0,0,0,0,0,0,0,0,0,0,0,0,0,0,0,0,0,0,0,0,0,0,0,0,0,0,0,0,0,0,0,0,0,0,0,0,0,0,0,0,0,0,0,0,0,0,0,0,0,0,0,0,0,0,0,0,0,0,0,0,0,0,0,0,0,0,0,0,0,0,0,0,0,0,0,0,0,0,0,0,0,0,0,0,0
Electricity|Hydro|Total,8.14581,5.72181,8.14581,5.72181,3.2978098,5.72181,6.1332197,7.522824,3.5180132,5.0674753,5.513912,4.9689236,2.5449233,4.51058,4.8927712,6.262732,6.5327377,4.1087375,6.5327377,4.1087375,3.3153062,5.7393064,8.163306,5.7393064,2.9923215,3.5010095,4.0303507,2.502489,2.265463,3.133143,5.557143,6.966401,2.5272279,2.5272279,2.5272279,2.5272279,4.2503467,6.6743464,5.0453744,6.6287107,2.5272279,2.5272279,2.5272279,2.5272279,2.5272279,2.5272279,4.3942566,2.6470947,3.461225,2.9596725,3.9627774,2.8182023,2.8182023,3.7309961,4.477499,3.461225,2.8182023,2.8182023,2.8182023,2.8182023,2.8182023,5.2422023,4.858112,3.4984741,3.9367154,4.6364937,3.9367154,3.9367154,3.9367154,5.8646836,8.288684,5.8646836,3.9367154,3.9367154,3.9367154,3.9367154,2.7613087,3.9367154,3.9367154,3.9367154,3.6361868,3.6361868,3.6361868,3.6361868,3.800542,4.154393,6.1110473,5.56907,3.6361868,3.6361868,3.6361868,3.6361868,3.6361868,3.6361868,4.4570284,4.392461,4.1728992,5.4173822,4.049279,2.9750538,2.9750538,5.1075244,6.2093015,8.633302,3.698238,2.9750538,2.9750538,2.9750538,2.9750538,2.9750538,4.8534355,4.972499,3.0560555,3.0560555,3.0560555,3.0560555,3.0560555,3.5819967,5.164003,4.1011653,6.039365,4.914173,3.0560555,3.0560555,3.0560555,3.0560555,5.0732036,4.967186,4.880947,3.7765799,2.6259956,2.5792453,2.5792453,3.2884026,3.2884026,3.2884026,4.733289,2.5792453,3.970989,2.5792453,2.5792453,4.6844053,2.6015577,2.5792453,3.5372076,3.5372076,4.322524,4.975856,2.6601665,3.6872404,3.859692,2.6601665,6.561158,4.137158,3.6735988,2.6601665,2.6601665,3.5279593,4.024841,5.5048685,2.554611,3.1190338,2.554611,2.554611,2.554611,4.978611,5.080422,2.656422,3.1170955,5.5410957,7.9055023,5.4815025,7.9055023,8.044808,5.6208086,7.0329676,7.3444347,4.920435,6.388346,3.9643464,6.388346,3.9643464,4.1587076,6.0048213,3.2089133,5.6329136,8.056913,8.328466,5.904467,7.916737,5.4927373,6.888001
Electricity|Hydro|Dams,6.4088864,3.9848864,6.4088864,3.9848864,1.5608865,3.9848864,4.3962965,5.7859006,1.7810899,3.330552,3.7769887,3.232,0.808,2.7736566,3.1558478,4.525809,5.0752745,2.6512744,5.0752745,2.6512744,1.8578432,4.281843,6.7058434,4.281843,1.5348586,2.0435464,2.5728874,1.0450261,0.808,1.6756799,4.09968,5.508938,0.808,0.808,0.808,0.808,2.5311186,4.9551187,3.3261466,4.909483,0.808,0.808,0.808,0.808,0.808,0.808,2.6750286,0.92786676,1.4510227,0.94947016,1.9525752,0.808,0.808,1.720794,2.4672968,1.4510227,0.808,0.808,0.808,0.808,0.808,3.232,2.8479097,1.4882718,0.808,1.5077784,0.808,0.808,0.808,2.7359684,5.1599684,2.7359684,0.808,0.808,0.808,0.808,0.808,0.808,0.808,0.808,0.808,0.808,0.808,0.808,0.9723553,1.3262066,3.2828605,2.7408834,0.808,0.808,0.808,0.808,0.808,0.808,1.6288415,1.5642743,2.0058458,3.2503283,1.8822256,0.808,0.808,2.9404707,4.042248,6.466248,1.5311842,0.808,0.808,0.808,0.808,0.808,2.686382,2.8054454,0.808,0.808,0.808,0.808,0.808,1.3339412,2.9159474,1.85311,3.7913096,2.6661174,0.808,0.808,0.808,0.808,2.825148,2.7191308,3.109702,2.0053346,0.8547505,0.808,0.808,1.5171574,1.5171574,1.5171574,2.9620438,0.808,2.1997437,0.808,0.808,2.91316,0.8303125,0.808,1.6850411,1.6850411,2.4703574,3.1236894,0.808,1.835074,2.0075257,0.808,4.7089915,2.2849915,1.8214325,0.808,0.808,1.6757928,2.1726744,3.6527019,0.808,1.372423,0.808,0.808,0.808,3.232,3.333811,0.90981096,1.3704845,3.7944846,6.1588917,3.734892,6.1588917,6.2981973,3.8741975,5.2863564,5.5226483,3.0986483,4.56656,2.14256,4.56656,2.14256,2.3369215,4.183035,1.387127,3.8111272,6.235127,6.5066805,4.0826807,6.0949507,3.670951,5.0662146
Electricity|Hydro|RoR,1.7369233,1.7369233,1.7369233,1.7369233,1.7369233,1.7369233,1.7369233,1.7369233,1.7369233,1.7369233,1.7369233,1.7369233,1.7369233,1.7369233,1.7369233,1.7369233,1.457463,1.457463,1.457463,1.457463,1.457463,1.457463,1.457463,1.457463,1.457463,1.457463,1.457463,1.457463,1.457463,1.457463,1.457463,1.457463,1.7192279,1.7192279,1.7192279,1.7192279,1.7192279,1.7192279,1.7192279,1.7192279,1.7192279,1.7192279,1.7192279,1.7192279,1.7192279,1.7192279,1.7192279,1.7192279,2.0102022,2.0102022,2.0102022,2.0102022,2.0102022,2.0102022,2.0102022,2.0102022,2.0102022,2.0102022,2.0102022,2.0102022,2.0102022,2.0102022,2.0102022,2.0102022,3.1287153,3.1287153,3.1287153,3.1287153,3.1287153,3.1287153,3.1287153,3.1287153,3.1287153,3.1287153,3.1287153,3.1287153,1.9533087,3.1287153,3.1287153,3.1287153,2.8281868,2.8281868,2.8281868,2.8281868,2.8281868,2.8281868,2.8281868,2.8281868,2.8281868,2.8281868,2.8281868,2.8281868,2.8281868,2.8281868,2.8281868,2.8281868,2.1670537,2.1670537,2.1670537,2.1670537,2.1670537,2.1670537,2.1670537,2.1670537,2.1670537,2.1670537,2.1670537,2.1670537,2.1670537,2.1670537,2.1670537,2.1670537,2.2480555,2.2480555,2.2480555,2.2480555,2.2480555,2.2480555,2.2480555,2.2480555,2.2480555,2.2480555,2.2480555,2.2480555,2.2480555,2.2480555,2.2480555,2.2480555,1.7712452,1.7712452,1.7712452,1.7712452,1.7712452,1.7712452,1.7712452,1.7712452,1.7712452,1.7712452,1.7712452,1.7712452,1.7712452,1.7712452,1.7712452,1.7712452,1.8521664,1.8521664,1.8521664,1.8521664,1.8521664,1.8521664,1.8521664,1.8521664,1.8521664,1.8521664,1.8521664,1.8521664,1.8521664,1.8521664,1.8521664,1.8521664,1.7466109,1.7466109,1.7466109,1.7466109,1.7466109,1.7466109,1.7466109,1.7466109,1.7466109,1.7466109,1.7466109,1.7466109,1.7466109,1.7466109,1.7466109,1.7466109,1.8217864,1.8217864,1.8217864,1.8217864,1.8217864,1.8217864,1.8217864,1.8217864,1.8217864,1.8217864,1.8217864,1.8217864,1.8217864,1.8217864,1.8217864,1.8217864
Electricity|Nuclear,0,0,0,0,0,0,0,0,0,0,0,0,0,0,0,0,0,0,0,0,0,0,0,0,0,0,0,0,0,0,0,0,0,0,0,0,0,0,0,0,0,0,0,0,0,0,0,0,0,0,0,0,0,0,0,0,0,0,0,0,0,0,0,0,0,0,0,0,0,0,0,0,0,0,0,0,0,0,0,0,0,0,0,0,0,0,0,0,0,0,0,0,0,0,0,0,0,0,0,0,0,0,0,0,0,0,0,0,0,0,0,0,0,0,0,0,0,0,0,0,0,0,0,0,0,0,0,0,0,0,0,0,0,0,0,0,0,0,0,0,0,0,0,0,0,0,0,0,0,0,0,0,0,0,0,0,0,0,0,0,0,0,0,0,0,0,0,0,0,0,0,0,0,0,0,0,0,0,0,0,0,0,0,0,0,0,0,0,0,0,0,0
Electricity|Solar,0,0,0.16303937,1.8154467,3.3289165,0.38242286,0,0,0,0,0.06498314,2.127234,6.514511,4.6573567,0,0,0,0,0.08064398,2.1737995,5.6764135,1.2303774,0,0,0,0,1.1094995,7.77586,10.6173725,3.1252172,0,0,0,0,3.9864964,5.363342,4.0513935,3.2827892,6.04E-04,0,0,0,4.1191807,12.514517,10.784783,7.1605296,0.05228701,0,0,0,1.4142799,7.3396063,12.371828,7.573903,0.15321201,0,0,0.24251784,6.557775,15.158576,15.163297,1.8893559,0.11555318,0,0,0.18591157,3.7034047,13.049299,14.027174,0.6773808,0.10218969,0,0,0.21879372,4.5171847,13.982688,14.327737,11.215375,1.2621152,0,0,0.27602744,7.36245,14.339801,9.194022,0.99316716,0.23354347,0,0,0.7127322,9.628578,14.345312,14.345312,4.5648823,0.70073354,0,0,0.16629454,3.0414429,10.964464,10.342707,4.6236963,0.94332916,0,0,0.595014,8.507928,15.006445,15.006445,4.2179236,0.60669523,0,0,0.41053578,7.4819407,14.925444,14.917158,2.4231517,0.43928167,0,0,0.012782681,4.123515,11.622636,14.925444,7.707239,0.41191077,0,0,0,3.602487,11.251721,15.402254,6.6111856,0.21412037,0,0,0,2.1933043,11.497451,11.118076,0.52262276,0.010860799,0,0,0,0.15101983,4.562284,13.007843,2.8480568,0,0,0,0,1.1516966,10.718057,4.304512,0.43925124,0,0,0,0,2.3201256,11.05275,7.6869144,2.4983523,0,0,0,0,0.40771347,4.0050273,1.5510386,0.087400295,0,0,0,0,0.5673614,3.8910058,3.1882942,0.27763453,0,0,0,0,0.19576953,2.4874446,1.1528254,0.4479773,0,0
Electricity|Wind,0.98492485,0.83267194,0.80148643,0.7316878,0.86621505,0.57281137,0.6981052,0.651465,0.16760516,0.3918883,0.3518479,0.5621901,0.9306677,1.1330066,1.1616293,1.1369413,0.64909947,0.47286803,0.3762916,0.31749257,0.23346922,0.10130747,0.080932416,0.08500901,0.8307322,0.8189361,0.6966228,0.3704172,0.29564306,0.36056086,0.2848405,0.273896,1.1519071,0.9106237,0.58086205,0.40282488,0.18892643,0.14603949,0.111542284,0.17977972,0.3847365,0.6060706,0.27384868,0.15268663,0.19276646,0.19689034,0.120271064,0.25607574,0.61872613,0.5977361,0.17371611,0.3454925,0.47116485,0.49228892,0.38112515,0.30340984,0.43865466,0.4986443,0.29929385,0,0,0.7840052,1.0453876,1.155755,0.8591658,0.63932985,0.62952864,0.6237411,0,0.33066857,0.15718111,0.14447825,0.18547276,0.13595448,0.2454151,0,0,0,0.9735467,1.3789421,0.580247,0.64138,0.66194427,0,0.36127052,0.41477078,0.44216356,0.35160342,0.21172217,0.11296949,0.13727918,0,0,0.4055768,0.563712,0.50565416,0.47898683,0.35791147,0.58095664,0.7653412,0.43126634,0.23906761,0.29706237,0.6118977,0.39363086,0.32653677,0.20726712,0,0,0.9115227,0.98326105,0.72790295,0.94065803,0.83096874,0.4675062,0,0,0.18220046,0.09354066,0.16959222,0.6223769,0.42268738,0.07657198,0.06619522,0,0.12670529,0.20210238,0.44192696,0.6603357,0.62592524,0.20769292,0.14594486,0,0.15841118,0.15381418,0.08667275,0.18016611,0.29057294,0.29649463,0.48377305,0.62398547,1.1900551,1.4650472,1.5277807,0.8241876,0.6313265,0.4433463,0.27365944,0.24517857,0.24522588,0.22682998,0.22220144,0.6674401,0.49054632,0.30468723,0.054580502,0.14415497,0.2972516,0.32184514,0.32019714,0.25199914,0.4719218,0.90508056,1.1726211,0.9846882,0.8396897,0.92104787,0.6883751,0.15926278,0.25527146,0.23162411,0.050519682,0.06117242,0.054588377,0.13794152,0.2503433,0.12647662,0.36108917,0.43945894,0.39378068,0.91815406,1.5515702,1.6112206,1.4381274,0.47827718,0.6845429,0.6297653,0.25076908,0.21499446,0.26669693,0.61919135,0.722407
Electricity|Imports,2.4693334,2.4693334,2.4693334,2.4693334,2.4693334,2.4693334,2.4693334,2.4693334,2.4693334,2.4693334,2.4693334,2.4693334,2.4693334,2.4693334,2.4693334,2.4693334,2.4693334,2.4693334,2.4693334,2.4693334,2.4693334,2.4693334,2.4693334,2.4693334,2.4693334,2.4693334,2.4693334,2.4693334,0.9027042,2.4693334,2.4693334,2.4693334,2.4693334,2.4693334,2.4693334,2.4693334,2.4693334,2.4693334,2.4693334,2.4693334,2.4693334,2.4693334,2.1545217,0,0,2.4693334,2.4693334,2.4693334,2.4693334,2.195781,2.4693334,1.7992188,0,0.7594802,2.4693334,2.4693334,0,1.705809,0.6546623,0,0,2.4693334,1.4614381,0,0,0,0,0,0,0,0,0,0,0,0,0,0,0,0,0,0,0,0,0,0,0,0,0,0,0,0,0,0,0,0,0,0,0,0,0,0,0,0,0,0,0,0,0,0,0,0,0,0,0,0,0,0,0,0,0,0,0,0,0,0,0,0,0,0,0,0,0,0,0,2.4329882,0,2.4693334,1.1138154,0,0,0,2.4693334,2.4693334,0.21902266,2.4693334,2.4693334,2.4693334,2.4693334,0,2.4693334,2.4693334,2.4693334,2.4693334,2.4693334,2.4693334,0,2.4693334,2.4693334,2.4693334,2.4693334,2.4693334,2.4693334,2.4693334,0,2.4693334,2.4693334,2.4693334,2.4693334,2.4693334,2.4693334,2.4693334,2.4693334,2.4693334,2.4693334,2.4693334,2.4693334,2.4693334,2.4693334,2.4693334,2.4693334,2.4693334,2.4693334,2.4693334,2.4693334,2.4693334,2.4693334,2.4693334,2.4693334,2.4693334,2.4693334,2.4693334,2.4693334
Costs|System cost,28839.92944,,,,,,,,,,,,,,,,,,,,,,,,,,,,,,,,,,,,,,,,,,,,,,,,,,,,,,,,,,,,,,,,,,,,,,,,,,,,,,,,,,,,,,,,,,,,,,,,,,,,,,,,,,,,,,,,,,,,,,,,,,,,,,,,,,,,,,,,,,,,,,,,,,,,,,,,,,,,,,,,,,,,,,,,,,,,,,,,,,,,,,,,,,,,,,,
CO2|Total,0,,,,,,,,,,,,,,,,,,,,,,,,,,,,,,,,,,,,,,,,,,,,,,,,,,,,,,,,,,,,,,,,,,,,,,,,,,,,,,,,,,,,,,,,,,,,,,,,,,,,,,,,,,,,,,,,,,,,,,,,,,,,,,,,,,,,,,,,,,,,,,,,,,,,,,,,,,,,,,,,,,,,,,,,,,,,,,,,,,,,,,,,,,,,,,,