Transport|Total,1.3956119,1.6163653,3.5491002,3.4471028,3.8401496,4.521102,3.5306103,2.2450686,1.3956119,1.6163653,3.5491002,3.4471028,3.8401496,4.521102,3.5306103,2.2450686,1.395782,1.6238452,3.620578,3.5152028,3.9212644,4.6247654,3.601476,2.2733665,1.395782,1.6238452,3.620578,3.5152028,3.9212644,4.6247654,3.601476,2.2733665,1.3967172,1.6649545,4.0134196,3.8894818,4.367073,5.1944985,3.9909523,2.4288914,1.3967172,1.6649545,4.0134196,3.8894818,4.367073,5.1944985,3.9909523,2.4288914,1.3964789,1.6544827,3.9133503,3.794142,4.253512,5.04937,3.8917406,2.3892744,1.3964789,1.6544827,3.9133503,3.794142,4.253512,5.04937,3.8917406,2.3892744,1.3967143,1.6648349,4.012276,3.8883922,4.365775,5.19284,3.9898183,2.428439,1.3967143,1.6648349,4.012276,3.8883922,4.365775,5.19284,3.9898183,2.428439,1.3967334,1.6656725,4.0202813,3.8960197,4.3748603,5.20445,3.9977548,2.431608,1.3967334,1.6656725,4.0202813,3.8960197,4.3748603,5.20445,3.9977548,2.431608,1.3969607,1.6756657,4.115775,3.9870017,4.483229,5.342944,4.092432,2.469414,1.3969607,1.6756657,4.115775,3.9870017,4.483229,5.342944,4.092432,2.469414,1.3964598,1.6536449,3.9053447,3.7865145,4.244427,5.03776,3.883804,2.386105,1.3964598,1.6536449,3.9053447,3.7865145,4.244427,5.03776,3.883804,2.386105,1.3966994,1.6641766,4.0059857,3.8823998,4.358637,5.1837177,3.9835823,2.4259484,1.3966994,1.6641766,4.0059857,3.8823998,4.358637,5.1837177,3.9835823,2.4259484,1.3968614,1.6712974,4.074033,3.947231,4.4358582,5.2824044,4.0510464,2.4528883,1.3968614,1.6712974,4.074033,3.947231,4.4358582,5.2824044,4.0510464,2.4528883,1.3965157,1.6560984,3.9287899,3.808851,4.271033,5.071761,3.9070475,2.3953867,1.3965157,1.6560984,3.9287899,3.808851,4.271033,5.071761,3.9070475,2.3953867,1.3964516,1.6532859,3.901914,3.7832453,4.2405334,5.0327835,3.8804023,2.3847468,1.3964516,1.6532859,3.901914,3.7832453,4.2405334,5.0327835,3.8804023,2.3847468
Transport|Hydrogen,0.001115741,0.001115741,0.001115741,0.001115741,0.001115741,0.001115741,0.001115741,0.001115741,0.001115741,0.001115741,0.001115741,0.001115741,0.001115741,0.001115741,0.001115741,0.001115741,0.001115741,0.001115741,0.001115741,0.001115741,0.001115741,0.001115741,0.001115741,0.001115741,0.001115741,0.001115741,0.001115741,0.001115741,0.001115741,0.001115741,0.001115741,0.001115741,0.001115741,0.001115741,0.001115741,0.001115741,0.001115741,0.001115741,0.001115741,0.001115741,0.001115741,0.001115741,0.001115741,0.001115741,0.001115741,0.001115741,0.001115741,0.001115741,0.001115741,0.001115741,0.001115741,0.001115741,0.001115741,0.001115741,0.001115741,0.001115741,0.001115741,0.001115741,0.001115741,0.001115741,0.001115741,0.001115741,0.001115741,0.001115741,0.001115741,0.001115741,0.001115741,0.001115741,0.001115741,0.001115741,0.001115741,0.001115741,0.001115741,0.001115741,0.001115741,0.001115741,0.001115741,0.001115741,0.001115741,0.001115741,0.001115741,0.001115741,0.001115741,0.001115741,0.001115741,0.001115741,0.001115741,0.001115741,0.001115741,0.001115741,0.001115741,0.001115741,0.001115741,0.001115741,0.001115741,0.001115741,0.001115741,0.001115741,0.001115741,0.001115741,0.001115741,0.001115741,0.001115741,0.001115741,0.001115741,0.001115741,0.001115741,0.001115741,0.001115741,0.001115741,0.001115741,0.001115741,0.001115741,0.001115741,0.001115741,0.001115741,0.001115741,0.001115741,0.001115741,0.001115741,0.001115741,0.001115741,0.001115741,0.001115741,0.001115741,0.001115741,0.001115741,0.001115741,0.001115741,0.001115741,0.001115741,0.001115741,0.001115741,0.001115741,0.001115741,0.001115741,0.001115741,0.001115741,0.001115741,0.001115741,0.001115741,0.001115741,0.001115741,0.001115741,0.001115741,0.001115741,0.001115741,0.001115741,0.001115741,0.001115741,0.001115741,0.001115741,0.001115741,0.001115741,0.001115741,0.001115741,0.001115741,0.001115741,0.001115741,0.001115741,0.001115741,0.001115741,0.001115741,0.001115741,0.001115741,0.001115741,0.001115741,0.001115741,0.001115741,0.001115741,0.001115741,0.001115741,0.001115741,0.001115741,0.001115741,0.001115741,0.001115741,0.001115741,0.001115741,0.001115741,0.001115741,0.001115741,0.001115741,0.001115741,0.001115741,0.001115741,0.001115741,0.001115741,0.001115741,0.001115741,0.001115741,0.001115741
Transport|Gas,0.6467765,0.6467765,0.6467765,0.6467765,0.6467765,0.6467765,0.6467765,0.6467765,0.6467765,0.6467765,0.6467765,0.6467765,0.6467765,0.6467765,0.6467765,0.6467765,0.6467765,0.6467765,0.6467765,0.6467765,0.6467765,0.6467765,0.6467765,0.6467765,0.6467765,0.6467765,0.6467765,0.6467765,0.6467765,0.6467765,0.6467765,0.6467765,0.6467765,0.6467765,0.6467765,0.6467765,0.6467765,0.6467765,0.6467765,0.6467765,0.6467765,0.6467765,0.6467765,0.6467765,0.6467765,0.6467765,0.6467765,0.6467765,0.6467765,0.6467765,0.6467765,0.6467765,0.6467765,0.6467765,0.6467765,0.6467765,0.6467765,0.6467765,0.6467765,0.6467765,0.6467765,0.6467765,0.6467765,0.6467765,0.6467765,0.6467765,0.6467765,0.6467765,0.6467765,0.6467765,0.6467765,0.6467765,0.6467765,0.6467765,0.6467765,0.6467765,0.6467765,0.6467765,0.6467765,0.6467765,0.6467765,0.6467765,0.6467765,0.6467765,0.6467765,0.6467765,0.6467765,0.6467765,0.6467765,0.6467765,0.6467765,0.6467765,0.6467765,0.6467765,0.6467765,0.6467765,0.6467765,0.6467765,0.6467765,0.6467765,0.6467765,0.6467765,0.6467765,0.6467765,0.6467765,0.6467765,0.6467765,0.6467765,0.6467765,0.6467765,0.6467765,0.6467765,0.6467765,0.6467765,0.6467765,0.6467765,0.6467765,0.6467765,0.6467765,0.6467765,0.6467765,0.6467765,0.6467765,0.6467765,0.6467765,0.6467765,0.6467765,0.6467765,0.6467765,0.6467765,0.6467765,0.6467765,0.6467765,0.6467765,0.6467765,0.6467765,0.6467765,0.6467765,0.6467765,0.6467765,0.6467765,0.6467765,0.6467765,0.6467765,0.6467765,0.6467765,0.6467765,0.6467765,0.6467765,0.6467765,0.6467765,0.6467765,0.6467765,0.6467765,0.6467765,0.6467765,0.6467765,0.6467765,0.6467765,0.6467765,0.6467765,0.6467765,0.6467765,0.6467765,0.6467765,0.6467765,0.6467765,0.6467765,0.6467765,0.6467765,0.6467765,0.6467765,0.6467765,0.6467765,0.6467765,0.6467765,0.6467765,0.6467765,0.6467765,0.6467765,0.6467765,0.6467765,0.6467765,0.6467765,0.6467765,0.6467765,0.6467765,0.6467765,0.6467765,0.6467765,0.6467765,0.6467765
Transport|Liquid petroleum products,0.0,0.0,0.0,0.0,0.0,0.0,0.0,0.0,0.0,0.0,0.0,0.0,0.0,0.0,0.0,0.0,0.0,0.0,0.0,0.0,0.0,0.0,0.0,0.0,0.0,0.0,0.0,0.0,0.0,0.0,0.0,0.0,0.0,0.0,0.0,0.0,0.0,0.0,0.0,0.0,0.0,0.0,0.0,0.0,0.0,0.0,0.0,0.0,0.0,0.0,0.0,0.0,0.0,0.0,0.0,0.0,0.0,0.0,0.0,0.0,0.0,0.0,0.0,0.0,0.0,0.0,0.0,0.0,0.0,0.0,0.0,0.0,0.0,0.0,0.0,0.0,0.0,0.0,0.0,0.0,0.0,0.0,0.0,0.0,0.0,0.0,0.0,0.0,0.0,0.0,0.0,0.0,0.0,0.0,0.0,0.0,0.0,0.0,0.0,0.0,0.0,0.0,0.0,0.0,0.0,0.0,0.0,0.0,0.0,0.0,0.0,0.0,0.0,0.0,0.0,0.0,0.0,0.0,0.0,0.0,0.0,0.0,0.0,0.0,0.0,0.0,0.0,0.0,0.0,0.0,0.0,0.0,0.0,0.0,0.0,0.0,0.0,0.0,0.0,0.0,0.0,0.0,0.0,0.0,0.0,0.0,0.0,0.0,0.0,0.0,0.0,0.0,0.0,0.0,0.0,0.0,0.0,0.0,0.0,0.0,0.0,0.0,0.0,0.0,0.0,0.0,0.0,0.0,0.0,0.0,0.0,0.0,0.0,0.0,0.0,0.0,0.0,0.0,0.0,0.0,0.0,0.0,0.0,0.0,0.0,0.0,0.0,0.0,0.0,0.0,0.0,0.0
Transport|Electricity,0.74771965,0.96847314,2.9012074,2.79921,3.192257,3.8732104,2.882718,1.5971762,0.74771965,0.96847314,2.9012074,2.79921,3.192257,3.8732104,2.882718,1.5971762,0.74788976,0.97595304,2.9726853,2.8673105,3.2733722,3.9768739,2.9535832,1.6254741,0.74788976,0.97595304,2.9726853,2.8673105,3.2733722,3.9768739,2.9535832,1.6254741,0.7488249,1.0170624,3.3655267,3.2415895,3.7191806,4.546606,3.3430595,1.780999,0.7488249,1.0170624,3.3655267,3.2415895,3.7191806,4.546606,3.3430595,1.780999,0.74858665,1.0065906,3.265458,3.1462493,3.60562,4.401478,3.2438478,1.7413821,0.74858665,1.0065906,3.265458,3.1462493,3.60562,4.401478,3.2438478,1.7413821,0.7488222,1.0169427,3.3643832,3.2405,3.717883,4.5449476,3.341926,1.7805463,0.7488222,1.0169427,3.3643832,3.2405,3.717883,4.5449476,3.341926,1.7805463,0.7488412,1.0177804,3.3723888,3.2481275,3.7269678,4.5565577,3.3498626,1.7837155,0.7488412,1.0177804,3.3723888,3.2481275,3.7269678,4.5565577,3.3498626,1.7837155,0.74906856,1.0277735,3.467883,3.3391094,3.8353376,4.6950517,3.444539,1.8215216,0.74906856,1.0277735,3.467883,3.3391094,3.8353376,4.6950517,3.444539,1.8215216,0.74856764,1.0057528,3.2574525,3.1386218,3.5965347,4.389868,3.2359114,1.7382127,0.74856764,1.0057528,3.2574525,3.1386218,3.5965347,4.389868,3.2359114,1.7382127,0.7488072,1.0162845,3.3580928,3.234507,3.7107449,4.5358253,3.3356895,1.7780561,0.7488072,1.0162845,3.3580928,3.234507,3.7107449,4.5358253,3.3356895,1.7780561,0.7489692,1.0234053,3.4261398,3.2993388,3.7879667,4.6345124,3.4031534,1.8049957,0.7489692,1.0234053,3.4261398,3.2993388,3.7879667,4.6345124,3.4031534,1.8049957,0.74862343,1.0082062,3.2808976,3.1609588,3.6231408,4.423869,3.2591548,1.7474943,0.74862343,1.0082062,3.2808976,3.1609588,3.6231408,4.423869,3.2591548,1.7474943,0.7485595,1.0053937,3.2540216,3.135353,3.5926409,4.384892,3.2325096,1.7368544,0.7485595,1.0053937,3.2540216,3.135353,3.5926409,4.384892,3.2325096,1.7368544
Residential heating|Total,7.905062,7.905062,7.905062,7.905062,7.9427133,7.6921196,7.1548195,7.8966417,5.9666233,6.098428,7.5740647,7.0598474,5.139895,4.005819,5.0737624,5.3800926,4.828822,5.2817025,7.207215,5.9229445,4.686493,5.2362976,4.6827717,4.913322,7.090956,7.336579,7.5740647,6.222967,5.1523056,4.6837025,5.33244,5.8853664,2.4638293,2.8178012,4.80483,2.7862659,1.8970516,2.294192,2.7324061,2.675889,3.3846776,3.8234043,4.8744845,5.092235,3.43155,1.6114224,2.2251177,2.4144576,6.1107855,7.2967343,7.344638,3.7844057,6.0249104,2.9462974,3.1888156,3.5992117,5.8978367,6.526936,6.2496204,6.481012,5.295844,3.8479652,5.06164,6.662335,6.0781584,5.991376,4.921087,3.4094796,2.3551822,0.7000781,2.3100636,4.3139334,1.2891945,2.7776835,4.656724,2.0363648,3.0048633,0.9154394,0.35730758,1.4473822,0.0,0.0,0.26987436,2.5351105,1.4922622,1.2510816,1.4028482,0.4615124,0.0,0.0,0.39453337,2.3788877,2.2996123,1.8539171,0.73889124,0.12993838,0.0,0.22542161,2.325814,1.5282304,0.782018,0.8400631,0.93653756,0.15472147,0.0,0.0,0.24640696,2.046255,1.881539,0.7596822,0.5241756,0.77101845,0.03473651,0.004518061,1.9037887,2.6764734,1.8715216,0.5819768,0.7658692,0.14674903,0.047419894,0.0,1.5855742,1.4408846,2.9072733,0.3576274,1.2133287,0.7331422,0.0,0.0,0.20128268,1.0451851,2.0352983,0.8274541,0.6666019,6.35e-12,0.0,0.61706746,2.688064,0.9423678,1.4201112,1.0583552,0.41827953,0.0,2.4422004,2.2057688,3.884124,1.5463178,3.1847615,0.7067025,1.2999833,1.9348402,2.436785,2.8022242,3.386786,2.079877,1.1931137,1.4958078,0.74679315,0.0,2.6320941,2.4889119,5.2080235,4.727045,3.0522327,3.1644042,2.5661678,2.4546492,4.556706,5.6073236,6.8671694,5.6231003,5.501459,4.7099614,4.293772,4.4904876,5.3884335,6.3959417,7.309686,6.113811,5.928147,5.528681,5.011856,5.5128765,6.3267975,7.2856727,7.5740647,7.5780573,6.607821,6.4320784,6.1005044,6.5731564
Residential heating|Biomass,4.264089,4.264089,4.264089,4.264089,4.264089,4.0511465,3.5138464,4.2556686,3.179476,3.2497115,4.264089,3.795579,2.565564,1.7229989,2.5245652,2.728484,2.573168,2.8144975,3.8946252,3.1247113,2.2912383,2.6558595,2.495341,2.618196,3.7809806,4.026603,4.264089,3.2578819,1.6631557,1.8273892,2.6719382,2.9412293,1.3129178,1.5015414,2.3517845,1.2652724,0.9621136,1.1378736,1.4560361,1.4259197,1.8127286,2.4568434,3.0902915,1.3336052,0.38363266,0.41409585,1.1857139,1.2866088,3.2562966,4.1346307,4.0346622,1.8903339,2.1128535,1.3031206,1.6992463,1.9179369,3.1428213,3.9345472,3.6277292,2.453916,0.7355041,1.5193993,2.6972313,3.5502045,3.2207515,3.6121056,3.0787234,0.96820605,0.13492413,0.0,1.2309797,2.2987957,0.70450735,1.8483828,2.479246,0.62158805,0.0,0.0,0.18008211,0.7712766,0.0,0.0,0.06283835,0.0,0.0,0.31704625,0.7475455,0.24592932,0.0,0.0,0.1392605,0.0,0.0,0.8629464,0.38341928,0.069241166,0.0,0.086218886,0.98693913,0.0,0.3570567,0.44765025,0.49905926,0.0824475,0.0,0.0,0.0,0.0,0.0,0.027790857,0.27932107,0.41085795,0.0,0.0,1.6328372,0.0,0.0,0.29756677,0.40811405,0.07819918,0.0,0.0,0.9289656,0.0,0.0,0.116508946,0.6465549,0.39067456,0.0,0.0,0.0,0.0,0.0,0.42107362,0.32374716,0.0,0.0,0.100136764,1.4324074,0.3800958,0.0,0.49245033,0.22967394,0.0,1.2729731,1.5335913,2.2407877,0.76655823,0.0,0.11623789,0.69273114,1.0310317,1.280422,1.5022829,2.087592,0.532977,0.43743578,0.5962148,0.39794886,0.0,1.4025823,2.1101828,2.6376953,0.6748982,1.4667333,1.6706091,1.3674517,1.308026,2.4281635,2.9880133,3.6593564,2.93305,2.9316006,2.50983,2.288052,2.3928773,2.871372,3.4082499,3.9966552,3.194359,2.9124188,2.9461067,2.6126206,2.9376848,3.3714046,3.9756973,4.264089,4.264089,3.235589,3.4275064,2.9533427,3.4259944
Residential heating|Gas,0.0,0.0,0.0,0.0,0.0,0.0,0.0,0.0,0.0,0.0,0.0,0.0,0.0,0.0,0.0,0.0,0.0,0.0,0.0,0.0,0.0,0.0,0.0,0.0,0.0,0.0,0.0,0.0,0.0,0.0,0.0,0.0,0.0,0.0,0.0,0.0,0.0,0.0,0.0,0.0,0.0,0.0,0.0,0.0,0.0,0.0,0.0,0.0,0.0,0.0,0.0,0.0,0.0,0.0,0.0,0.0,0.0,0.0,0.0,0.0,0.0,0.0,0.0,0.0,0.0,0.0,0.0,0.0,0.0,0.0,0.0,0.0,0.0,0.0,0.0,0.0,0.0,0.0,0.0,0.0,0.0,0.0,0.0,0.0,0.0,0.0,0.0,0.0,0.0,0.0,0.0,0.0,0.0,0.0,0.0,0.0,0.0,0.0,0.0,0.0,0.0,0.0,0.0,0.0,0.0,0.0,0.0,0.0,0.0,0.0,0.0,0.0,0.0,0.0,0.0,0.0,0.0,0.0,0.0,0.0,0.0,0.0,0.0,0.0,0.0,0.0,0.0,0.0,0.0,0.0,0.0,0.0,0.0,0.0,0.0,0.0,0.0,0.0,0.0,0.0,0.0,0.0,0.0,0.0,0.0,0.0,0.0,0.0,0.0,0.0,0.0,0.0,0.0,0.0,0.0,0.0,0.0,0.0,0.0,0.0,0.0,0.0,0.0,0.0,0.0,0.0,0.0,0.0,0.0,0.0,0.0,0.0,0.0,0.0,0.0,0.0,0.0,0.0,0.0,0.0,0.0,0.0,0.0,0.0,0.0,0.0,0.0,0.0,0.0,0.0,0.0,0.0
Residential heating|Liquid petroleum products,0.0,0.0,0.0,0.0,0.0,0.0,0.0,0.0,0.0,0.0,0.0,0.0,0.0,0.0,0.0,0.0,0.0,0.0,0.0,0.0,0.0,0.0,0.0,0.0,0.0,0.0,0.0,0.0,0.0,0.0,0.0,0.0,0.0,0.0,0.0,0.0,0.0,0.0,0.0,0.0,0.0,0.0,0.0,0.0,0.0,0.0,0.0,0.0,0.0,0.0,0.0,0.0,0.0,0.0,0.0,0.0,0.0,0.0,0.0,0.0,0.0,0.0,0.0,0.0,0.0,0.0,0.0,0.0,0.0,0.0,0.0,0.0,0.0,0.0,0.0,0.0,0.0,0.0,0.0,0.0,0.0,0.0,0.0,0.0,0.0,0.0,0.0,0.0,0.0,0.0,0.0,0.0,0.0,0.0,0.0,0.0,0.0,0.0,0.0,0.0,0.0,0.0,0.0,0.0,0.0,0.0,0.0,0.0,0.0,0.0,0.0,0.0,0.0,0.0,0.0,0.0,0.0,0.0,0.0,0.0,0.0,0.0,0.0,0.0,0.0,0.0,0.0,0.0,0.0,0.0,0.0,0.0,0.0,0.0,0.0,0.0,0.0,0.0,0.0,0.0,0.0,0.0,0.0,0.0,0.0,0.0,0.0,0.0,0.0,0.0,0.0,0.0,0.0,0.0,0.0,0.0,0.0,0.0,0.0,0.0,0.0,0.0,0.0,0.0,0.0,0.0,0.0,0.0,0.0,0.0,0.0,0.0,0.0,0.0,0.0,0.0,0.0,0.0,0.0,0.0,0.0,0.0,0.0,0.0,0.0,0.0,0.0,0.0,0.0,0.0,0.0,0.0
Residential heating|Heat pumps|Total,3.3099756,3.3099756,3.3099756,3.3099756,3.3099756,3.3099756,3.3099756,3.3099756,2.7871473,2.8487163,3.3099756,3.2336311,2.4009635,1.8712103,2.549197,2.651609,2.255654,2.467205,3.3099756,2.798233,2.1891692,2.4774847,2.1874306,2.295126,3.3099756,3.3099756,3.3099756,2.563948,2.4067607,2.5524082,2.6605017,2.944137,1.1509115,1.31626,2.2444468,1.301529,0.8861565,1.0716699,1.2763698,1.2499695,1.571949,1.3665607,1.784193,3.2496994,1.7556713,0.7527326,1.0394038,1.1278487,2.8544888,3.1621037,3.3099756,1.6889856,3.3099756,1.3762834,1.4895693,1.6812748,2.7550156,2.5923886,2.4544928,3.3099756,3.2149794,1.7974733,2.3644087,3.1121302,2.8574073,2.3792703,1.8059618,2.0723839,1.6406198,0.2967213,1.079084,2.015138,0.5846871,0.9293004,2.1752632,0.8460317,1.6469896,0.21011883,0.17722546,0.6761056,0.0,0.0,0.0,1.6248652,0.39648524,0.59472793,0.65530276,0.21558309,0.0,0.0,0.0,1.2311066,1.147636,0.86600745,0.355472,0.060697213,0.0,0.13920271,1.0864414,0.6762016,0.37561747,0.39241284,0.43747827,0.07227396,0.0,0.0,0.0,0.9356581,1.0269966,0.36518392,0.24485451,0.3601605,0.03473651,0.004518061,0.07388061,1.6149944,1.3807969,0.2821736,0.35775515,0.06854986,0.047419894,0.0,0.5130889,0.4043107,1.8640656,0.17737484,0.56677383,0.34246764,0.0,0.0,0.0,0.0,1.5707135,0.36537212,0.34285474,0.0,0.0,0.5169307,1.2556567,0.44020173,0.42827445,0.4943821,0.1886056,0.0,1.1692274,0.67217755,1.6397545,0.47121897,2.3270974,0.33011702,0.6072522,0.9038085,1.1563629,1.2999413,1.1756423,1.4231178,0.5573309,0.68968403,0.3488443,0.0,1.2295119,0.3787291,2.4327877,3.0791106,1.4257683,1.4781661,1.1987162,1.1466233,2.1285424,2.61931,3.2078133,2.6266797,2.5698583,2.2001317,2.00572,2.0976102,2.5170615,2.9876919,3.3099756,2.913984,2.769174,2.5825744,2.3992355,2.5751917,2.955393,3.3099756,3.3099756,3.3099756,3.3099756,3.0045722,3.147162,3.147162
Residential heating|Heat pumps|Air source,1.6549878,1.6549878,1.6549878,1.6549878,1.6549878,1.6549878,1.6549878,1.6549878,1.3935736,1.4243581,1.6549878,1.5786434,1.2004818,0.93560517,1.4426726,1.1959025,1.127827,1.2336025,1.6549878,1.3695701,1.0945846,1.2682887,1.0937153,1.147563,1.6549878,1.6549878,1.6549878,1.281974,1.2033803,1.6182557,1.1711184,1.2891494,0.5754557,0.65813,1.1222234,0.6507645,0.44307825,0.53583497,0.6381849,0.62498474,0.77742475,1.0768417,0.50708497,1.6549878,0.84769756,0.3763663,0.5197019,0.5639244,1.4272444,1.6549878,1.6549878,0.7705568,1.6549878,0.6881417,0.74478465,0.8406374,1.3775078,1.6549878,0.86845297,1.6549878,1.6074897,0.89873666,1.1822044,1.5560651,1.4201539,1.5831965,0.51796937,0.699208,1.1590523,0.14836065,0.539542,1.007569,0.5285755,0.11914888,1.0876316,0.5623427,0.97107726,0.1878088,0.08861273,0.3380528,0.0,0.0,0.0,0.8124326,0.19824262,0.29736397,0.32765138,0.10779154,0.0,0.0,0.0,0.2556287,0.93374264,0.43300372,0.177736,0.030348606,0.0,0.06960136,0.5432207,0.3381008,0.18780874,0.19620642,0.21873914,0.03613698,0.0,0.0,0.0,0.2725623,0.7087651,0.18259196,0.122427255,0.18008025,0.017368255,0.0,0.039199337,0.47051334,1.0273824,0.1410868,0.17887758,0.03427493,0.023709947,0.0,0.4315755,0.0,0.96217096,0.08868742,0.28338692,0.17123382,0.0,0.0,0.0,0.0,0.78535676,0.16284023,0.19127318,0.0,0.0,0.26482934,0.62782836,0.22010086,0.21413723,0.24719106,0.087938845,0.0,0.5846137,0.67217755,0.69227374,0.0,1.1936868,0.16505851,0.3036261,0.45190424,0.57818145,0.658455,0.20649165,1.1352583,0.27866545,0.33635765,0.17442214,0.0,0.6147559,0.16224025,1.2163938,1.5696934,0.7128841,0.73908305,0.5993581,0.5733116,1.0642712,1.309655,1.6039066,1.3133398,1.2849292,1.1000658,1.00286,1.0488051,1.2585307,1.4938459,1.6549878,1.4024936,1.384587,1.2912872,1.2541162,1.2875959,1.4776965,1.6549878,1.6549878,1.6549878,1.6549878,1.5022861,1.6549878,1.492174
Residential heating|Heat pumps|Ground source,1.6549878,1.6549878,1.6549878,1.6549878,1.6549878,1.6549878,1.6549878,1.6549878,1.3935736,1.4243581,1.6549878,1.6549878,1.2004818,0.93560517,1.1065243,1.4557065,1.127827,1.2336025,1.6549878,1.428663,1.0945846,1.2091959,1.0937153,1.147563,1.6549878,1.6549878,1.6549878,1.281974,1.2033803,0.9341524,1.4893833,1.6549878,0.5754557,0.65813,1.1222234,0.6507645,0.44307825,0.53583497,0.6381849,0.62498474,0.79452425,0.289719,1.2771081,1.5947115,0.90797377,0.3763663,0.5197019,0.5639244,1.4272444,1.5071158,1.6549878,0.9184287,1.6549878,0.6881417,0.74478465,0.8406374,1.3775078,0.9374009,1.5860398,1.6549878,1.6074897,0.89873666,1.1822044,1.5560651,1.4372535,0.7960738,1.2879925,1.3731757,0.4815675,0.14836065,0.539542,1.007569,0.05611164,0.8101516,1.0876316,0.28368902,0.6759124,0.022310026,0.08861273,0.3380528,0.0,0.0,0.0,0.8124326,0.19824262,0.29736397,0.32765138,0.10779154,0.0,0.0,0.0,0.97547793,0.21389344,0.43300372,0.177736,0.030348606,0.0,0.06960136,0.5432207,0.3381008,0.18780874,0.19620642,0.21873914,0.03613698,0.0,0.0,0.0,0.6630958,0.31823158,0.18259196,0.122427255,0.18008025,0.017368255,0.004518061,0.034681275,1.1444811,0.3534146,0.1410868,0.17887758,0.03427493,0.023709947,0.0,0.08151338,0.4043107,0.90189475,0.08868742,0.28338692,0.17123382,0.0,0.0,0.0,0.0,0.78535676,0.20253187,0.15158154,0.0,0.0,0.2521014,0.62782836,0.22010086,0.21413723,0.24719106,0.10066676,0.0,0.5846137,0.0,0.94748086,0.47121897,1.1334106,0.16505851,0.3036261,0.45190424,0.57818145,0.6414862,0.96915066,0.28785947,0.27866545,0.35332638,0.17442214,0.0,0.6147559,0.21648884,1.2163938,1.5094173,0.7128841,0.73908305,0.5993581,0.5733116,1.0642712,1.309655,1.6039066,1.3133398,1.2849292,1.1000658,1.00286,1.0488051,1.2585307,1.4938459,1.6549878,1.5114905,1.384587,1.2912872,1.1451193,1.2875959,1.4776965,1.6549878,1.6549878,1.6549878,1.6549878,1.5022861,1.492174,1.6549878
Residential heating|Electric heater,0.33099756,0.33099756,0.33099756,0.33099756,0.33099756,0.33099756,0.33099756,0.33099756,0.0,0.0,0.0,0.0,0.0,0.0,0.0,0.0,0.0,0.0,0.0,0.0,0.0,0.0,0.0,0.0,0.0,0.0,0.0,0.0,0.0,0.0,0.0,0.0,0.0,0.0,0.0,0.0,0.0,0.0,0.0,0.0,0.0,0.0,0.0,0.0,0.0,0.0,0.0,0.0,0.0,0.0,0.0,0.0,0.0,0.0,0.0,0.0,0.0,0.0,0.0,0.0,0.0,0.0,0.0,0.0,0.0,0.0,0.0,0.0,0.003516976,0.0,0.0,0.0,0.0,0.0,0.0,0.16549878,0.16549878,0.16549878,0.0,0.0,0.0,0.0,0.0,0.0,0.0,0.0,0.0,0.0,0.0,0.0,0.0,0.0,0.0,0.0,0.0,0.0,0.0,0.0,0.0,0.0,0.0,0.0,0.0,0.0,0.0,0.0,0.0,0.0,0.0,0.0,0.0,0.0,0.0,0.0,0.0,0.0,0.0,0.0,0.0,0.0,0.0,0.0,0.0,0.0,0.0,0.0,0.0,0.0,0.0,0.0,0.0,0.0,0.0,0.0,0.0,6.35e-12,0.0,0.0,0.0,0.0,0.0,0.0,0.0,0.0,0.0,0.0,0.0,0.0,0.0,0.0,0.0,0.0,0.0,0.0,0.0,0.0,0.0,0.0,0.0,0.0,0.0,0.0,0.0,0.0,0.0,0.0,0.0,0.0,0.0,0.0,0.0,0.0,0.0,0.0,0.0,0.0,0.0,0.0,0.0,0.0,0.0,0.0,0.0,0.0,0.0,0.0,0.0,0.0,0.0,0.0,0.0,0.0
Residential heating|Solar thermal,0.0,0.0,0.0,0.0,0.037651077,0.0,0.0,0.0,0.0,0.0,0.0,0.03063707,0.1733676,0.41160956,0.0,0.0,0.0,0.0,0.002613825,0.0,0.20608592,0.10295358,0.0,0.0,0.0,0.0,0.0,0.4011376,1.082389,0.30390477,0.0,0.0,0.0,0.0,0.2085986,0.21946445,0.048781384,0.08464839,0.0,0.0,0.0,0.0,0.0,0.50893074,1.2922462,0.444594,0.0,0.0,0.0,0.0,0.0,0.20508613,0.6020812,0.26689336,0.0,0.0,0.0,0.0,0.16739838,0.7171202,1.3453608,0.53109276,0.0,0.0,0.0,0.0,0.036401246,0.3688899,0.5761214,0.40335685,0.0,0.0,0.0,0.0,0.00221504,0.40324607,1.1923748,0.5398218,0.0,0.0,0.0,0.0,0.207036,0.91024536,1.095777,0.33930743,0.0,0.0,0.0,0.0,0.25527287,1.1477811,1.1519762,0.12496331,0.0,0.0,0.0,0.0,0.2524336,0.85202885,0.049343806,0.0,0.0,0.0,0.0,0.0,0.24640696,1.110597,0.8545424,0.3667074,0.0,0.0,0.0,0.0,0.19707079,1.061479,0.4907247,0.002236342,0.0,0.0,0.0,0.0,0.14351968,1.0365739,1.0432078,0.06374358,0.0,0.0,0.0,0.0,0.20128268,1.0451851,0.46458486,0.041008323,0.0,0.0,0.0,0.0,0.0,0.122070245,0.9918367,0.07152274,0.0,0.0,0.0,0.0,0.003581662,0.3085406,0.857664,0.26034757,0.0,0.0,0.0,0.0,0.12355154,0.123782136,0.19834699,0.20990893,0.0,0.0,0.0,0.0,0.13754015,0.97303647,0.15973113,0.015628861,0.0,0.0,0.0,0.0,0.0,0.063370466,0.0,0.0,0.0,0.0,0.0,0.0,0.003055568,0.005468009,0.24655403,0.0,0.0,0.0,0.0,0.0,0.0,0.003992387,0.062256265,0.0,0.0,0.0
Distric heating|Total,2.4785898,2.4785898,2.4785898,2.4325366,2.456523,2.4785898,2.4785898,2.4785898,2.4739945,2.4468493,2.4075673,2.4325366,2.456523,2.4785898,2.4785898,2.4785898,2.4739945,2.4571846,2.385847,2.4325366,2.456523,2.4785898,2.4785898,2.4785898,2.4785898,2.4785898,2.4785898,2.4785898,2.4785898,2.4785898,2.4785898,2.4785898,2.5352435,2.4881098,2.4785898,2.4866786,2.515008,2.5441766,2.5492601,2.5454597,2.5090742,2.4881098,2.4785898,2.4785898,2.4785898,2.5441766,2.5492601,2.5454597,2.4785898,2.4785898,2.4785898,2.4785898,1.922171,2.4785898,2.4785898,2.4785898,2.47859,2.47859,2.417471,1.630286,1.6586156,2.3300786,2.4785898,2.4785898,2.4785898,2.4785898,2.3708627,1.5993215,1.3795867,1.5339315,1.7004597,2.3282707,1.7105858,1.6565201,1.6124096,1.4453158,1.67372,1.7392769,1.7512743,1.6659425,1.5850072,1.7583404,1.4403657,1.3082538,1.6289991,1.6251817,1.696205,1.6034658,1.5228719,1.5537164,1.4342381,1.3197372,1.5366579,1.6828427,1.5645272,1.7583404,1.5228719,1.5537164,1.4665506,1.4789406,1.5954646,1.5630465,1.6266625,1.5413305,1.5850072,1.4915811,1.4916978,1.3468378,1.5184895,1.7401719,1.5645272,1.6202486,1.5228719,1.5537164,1.511992,1.3197372,1.5366579,1.6828427,1.5952544,1.6647971,1.5532722,1.5061386,1.4267272,1.4529071,1.2232674,1.5622053,1.5051537,1.5634885,1.4824573,2.0248356,1.621624,1.7593598,1.2854028,1.7680968,2.4475236,2.1009812,2.2270021,2.4881098,2.2999544,1.5793207,1.6370153,2.4026623,2.32356,2.2808127,1.6140766,1.6717186,1.9273808,1.4895971,1.5308956,1.549024,1.5672889,1.5285757,1.8062302,1.4961238,1.8371029,1.554584,1.4709016,1.5622053,1.5672889,1.5634885,2.081451,2.47859,2.4086983,2.0087702,1.9301678,2.0029926,2.4528847,2.5454597,2.4785898,2.4468493,2.391587,2.4325366,2.456523,2.4785898,2.4785898,2.4785898,2.477765,2.4534137,2.385847,2.4325366,2.456523,2.4785898,2.4785898,2.4785898,2.4739945,2.4468493,2.4785898,2.4325366,2.456523,2.4785898,2.4785898,2.4785898
Distric heating|Geothermal,0.10355885,0.10355885,0.10355885,0.10355885,0.10355885,0.10355885,0.10355885,0.10355885,0.10355885,0.10355885,0.10355885,0.10355885,0.10355885,0.10355885,0.10355885,0.10355885,0.10355885,0.10355885,0.10355885,0.10355885,0.10355885,0.10355885,0.10355885,0.10355885,0.10355885,0.10355885,0.10355885,0.10355885,0.10355885,0.10355885,0.10355885,0.10355885,0.10355885,0.10355885,0.10355885,0.10355885,0.10355885,0.10355885,0.10355885,0.10355885,0.10355885,0.10355885,0.10355885,0.10355885,0.10355885,0.10355885,0.10355885,0.10355885,0.10355885,0.10355885,0.10355885,0.10355885,0.10355885,0.10355885,0.10355885,0.10355885,0.10355885,0.10355885,0.10355885,0.10355885,0.10355885,0.10355885,0.10355885,0.10355885,0.10355885,0.10355885,0.10355885,0.07967462,0.10355885,0.07528502,0.10355885,0.10355885,0.10355885,0.08078401,0.098692104,0.10355885,0.04142354,0.10355885,0.10259231,0.040457,0.10355885,0.10355885,0.044315074,0.10355885,0.04142354,0.10355885,0.04142354,0.10355885,0.04142354,0.10355885,0.046099193,0.10355885,0.04142354,0.10355885,0.04142354,0.10355885,0.04142354,0.10355885,0.08874676,0.026611445,0.08874676,0.04142354,0.10355885,0.04142354,0.10355885,0.04142354,0.10355885,0.08539045,0.023255136,0.08539045,0.04142354,0.10355885,0.04142354,0.10355885,0.06125875,0.10355885,0.04142354,0.10355885,0.07215085,0.010015538,0.10355885,0.10355885,0.10355885,0.04142354,0.04142354,0.10355885,0.04142354,0.10355885,0.032743927,0.09487924,0.06742623,0.0417205,0.10355885,0.08380767,0.021672359,0.08380767,0.10355885,0.10355885,0.10355885,0.04142354,0.10355885,0.10355885,0.04142354,0.10355885,0.10355885,0.10355885,0.10355885,0.07811359,0.10355885,0.09037747,0.10355885,0.06864592,0.10355885,0.08607658,0.10355885,0.10355885,0.04142354,0.10355885,0.10355885,0.10355885,0.09329434,0.10355885,0.10355885,0.10355885,0.10355885,0.10355885,0.10355885,0.10355885,0.10355885,0.10355885,0.10355885,0.10355885,0.10355885,0.10355885,0.10355885,0.10355885,0.10355885,0.10355885,0.10355885,0.10355885,0.10355885,0.10355885,0.10355885,0.10355885,0.10355885,0.10355885,0.10355885,0.10355885,0.10355885,0.10355885,0.10355885,0.10355885
Distric heating|CHP|Total,2.375031,2.375031,2.375031,2.3289778,2.3529642,2.375031,2.375031,2.375031,2.3704357,2.3432906,2.3040085,2.3289778,2.3529642,2.375031,2.375031,2.375031,2.3704357,2.3536258,2.2822886,2.3289778,2.3529642,2.375031,2.375031,2.375031,2.375031,2.375031,2.375031,2.375031,2.375031,2.375031,2.375031,2.375031,2.4316845,2.384551,2.375031,2.3831198,2.4114494,2.4406178,2.4457014,2.441901,2.4055154,2.384551,2.375031,2.375031,2.375031,2.4406178,2.4457014,2.441901,2.375031,2.375031,2.375031,2.375031,1.8186121,2.375031,2.375031,2.375031,2.375031,2.375031,2.3139124,1.5267271,1.5550567,2.2265196,2.375031,2.375031,2.375031,2.375031,2.267304,1.5196469,1.2760279,1.4586465,1.5969009,2.224712,1.6070269,1.5757362,1.5137175,1.341757,1.6322964,1.6357181,1.6486821,1.6254855,1.4814483,1.6547815,1.3960507,1.204695,1.5875756,1.5216229,1.6547815,1.4999069,1.4814483,1.4501575,1.3881389,1.2161784,1.4952344,1.579284,1.5231036,1.6547815,1.4814483,1.4501575,1.3778038,1.4523292,1.5067178,1.5216229,1.5231036,1.4999069,1.4814483,1.4501575,1.3881389,1.2614473,1.4952344,1.6547815,1.5231036,1.5166898,1.4814483,1.4501575,1.4507332,1.2161784,1.4952344,1.579284,1.5231036,1.6547815,1.4497133,1.4025798,1.3231683,1.4114835,1.1818439,1.4586465,1.4637301,1.4599297,1.4497133,1.9299562,1.5541978,1.7176392,1.1818439,1.6842891,2.425851,2.0171735,2.1234434,2.384551,2.1963956,1.5378972,1.5334566,2.2991035,2.2821364,2.1772537,1.5105177,1.5681597,1.823822,1.4114835,1.4273367,1.4586465,1.4637301,1.4599297,1.7026713,1.4100473,1.7335441,1.451025,1.429478,1.4586465,1.4637301,1.4599297,1.9881566,2.375031,2.3051395,1.9052114,1.8266089,1.8994336,2.349326,2.441901,2.375031,2.3432906,2.2880282,2.3289778,2.3529642,2.375031,2.375031,2.375031,2.3742065,2.349855,2.2822886,2.3289778,2.3529642,2.375031,2.375031,2.375031,2.3704357,2.3432906,2.375031,2.3289778,2.3529642,2.375031,2.375031,2.375031
Distric heating|CHP|Gas,0.9819713,0.9819713,0.9819713,0.9819713,0.9819713,0.9819713,0.9819713,0.9819713,0.9819713,0.9819713,0.9819713,0.9819713,0.9819713,0.9819713,0.9819713,0.9819713,0.9819713,0.9819713,0.9819713,0.9819713,0.9819713,0.9819713,0.9819713,0.9819713,0.9819713,0.9819713,0.9819713,0.9819713,0.9819713,0.9819713,0.9819713,0.9819713,0.9819713,0.9819713,0.9819713,0.9819713,0.9819713,0.9819713,0.9819713,0.9819713,0.9819713,0.9819713,0.9819713,0.9819713,0.9819713,0.9819713,0.9819713,0.9819713,0.9819713,0.9819713,0.9819713,0.9819713,0.24549283,0.9819713,0.9819713,0.9819713,0.96982473,0.9724513,0.7364785,0.0,0.0,0.7364785,0.9819713,0.9819713,0.9819713,0.9819713,0.7364785,0.0,0.0,0.0,0.106252365,0.57916486,0.0,0.0,0.0,0.0,0.0,0.0,0.0,0.0,0.0,0.0,0.0,0.0,0.0,0.0,0.0,0.0,0.0,0.0,0.0,0.0,0.0,0.0,0.0,0.0,0.0,0.0,0.0,0.0,0.0,0.0,0.0,0.0,0.0,0.0,0.0,0.0,0.0,0.0,0.0,0.0,0.0,0.0,0.0,0.0,0.0,0.0,0.0,0.0,0.0,0.0,0.0,0.0,0.0,0.0,0.0,0.0,0.0,0.31484082,0.2310294,0.30615568,0.0,0.2256426,0.9621211,0.5572438,0.67373,0.9819713,0.87322724,0.13674873,0.103978455,0.84045696,0.8184064,0.7173241,0.013848708,0.0,0.5006536,0.0,0.24549283,0.0,0.0,0.0,0.047889844,0.0,0.4000407,0.29751077,0.0,0.0,0.0,0.0,0.53844315,0.9724513,0.9819713,0.5040629,0.39713088,0.4407871,0.8855958,0.9819713,0.9819713,0.9819713,0.9819713,0.9819713,0.9819713,0.9819713,0.9819713,0.9819713,0.9819713,0.9819713,0.9819713,0.9819713,0.9819713,0.9819713,0.9819713,0.9819713,0.9819713,0.9819713,0.9819713,0.9819713,0.9819713,0.9819713,0.9819713,0.9819713
Distric heating|CHP|Oil,0.0,0.0,0.0,0.0,0.0,0.0,0.0,0.0,0.0,0.0,0.0,0.0,0.0,0.0,0.0,0.0,0.0,0.0,0.0,0.0,0.0,0.0,0.0,0.0,0.0,0.0,0.0,0.0,0.0,0.0,0.0,0.0,0.0,0.0,0.0,0.0,0.0,0.0,0.0,0.0,0.0,0.0,0.0,0.0,0.0,0.0,0.0,0.0,0.0,0.0,0.0,0.0,0.0,0.0,0.0,0.0,0.0,0.0,0.0,0.0,0.0,0.0,0.0,0.0,0.0,0.0,0.0,0.0,0.0,0.0,0.0,0.0,0.0,0.0,0.0,0.0,0.0,0.0,0.0,0.0,0.0,0.0,0.0,0.0,0.0,0.0,0.0,0.0,0.0,0.0,0.0,0.0,0.0,0.0,0.0,0.0,0.0,0.0,0.0,0.0,0.0,0.0,0.0,0.0,0.0,0.0,0.0,0.0,0.0,0.0,0.0,0.0,0.0,0.0,0.0,0.0,0.0,0.0,0.0,0.0,0.0,0.0,0.0,0.0,0.0,0.0,0.0,0.0,0.0,0.0,0.0,0.0,0.0,0.0,0.0,0.0,0.0,0.0,0.0,0.0,0.0,0.0,0.0,0.0,0.0,0.0,0.0,0.0,0.0,0.0,0.0,0.0,0.0,0.0,0.0,0.0,0.0,0.0,0.0,0.0,0.0,0.0,0.0,0.0,0.0,0.0,0.0,0.0,0.0,0.0,0.0,0.0,0.0,0.0,0.0,0.0,0.0,0.0,0.0,0.0,0.0,0.0,0.0,0.0,0.0,0.0,0.0,0.0,0.0,0.0,0.0,0.0
Distric heating|CHP|Wood,0.4230671,0.4230671,0.4230671,0.4230671,0.4230671,0.4230671,0.4230671,0.4230671,0.4230671,0.4230671,0.4230671,0.4230671,0.4230671,0.4230671,0.4230671,0.4230671,0.4230671,0.4230671,0.4230671,0.4230671,0.4230671,0.4230671,0.4230671,0.4230671,0.4230671,0.4230671,0.4230671,0.4230671,0.4230671,0.4230671,0.4230671,0.4230671,0.4230671,0.4230671,0.4230671,0.4230671,0.4230671,0.4230671,0.4230671,0.4230671,0.4230671,0.4230671,0.4230671,0.4230671,0.4230671,0.4230671,0.4230671,0.4230671,0.4230671,0.4230671,0.4230671,0.4230671,0.4230671,0.4230671,0.4230671,0.4230671,0.4230671,0.4230671,0.4230671,0.4230671,0.4230671,0.4230671,0.4230671,0.4230671,0.4230671,0.4230671,0.4230671,0.4230671,0.4230671,0.4230671,0.4230671,0.4230671,0.4230671,0.4230671,0.4230671,0.4230671,0.4230671,0.4230671,0.4230671,0.4230671,0.4230671,0.4230671,0.4230671,0.4230671,0.4230671,0.4230671,0.4230671,0.4230671,0.4230671,0.4230671,0.4230671,0.4230671,0.4230671,0.4230671,0.4230671,0.4230671,0.4230671,0.4230671,0.4230671,0.4230671,0.4230671,0.4230671,0.4230671,0.4230671,0.4230671,0.4230671,0.4230671,0.4230671,0.4230671,0.4230671,0.4230671,0.4230671,0.4230671,0.4230671,0.4230671,0.4230671,0.4230671,0.4230671,0.4230671,0.4230671,0.4230671,0.4230671,0.4230671,0.4230671,0.4230671,0.4230671,0.4230671,0.4230671,0.4230671,0.4230671,0.4230671,0.4230671,0.4230671,0.4230671,0.4230671,0.4230671,0.4230671,0.4230671,0.4230671,0.4230671,0.4230671,0.4230671,0.4230671,0.4230671,0.4230671,0.4230671,0.4230671,0.4230671,0.4230671,0.4230671,0.4230671,0.4230671,0.4230671,0.4230671,0.4230671,0.4230671,0.4230671,0.4230671,0.4230671,0.4230671,0.4230671,0.4230671,0.4230671,0.4230671,0.4230671,0.4230671,0.4230671,0.4230671,0.4230671,0.4230671,0.4230671,0.4230671,0.4230671,0.4230671,0.4230671,0.4230671,0.4230671,0.4230671,0.4230671,0.4230671,0.4230671,0.4230671,0.4230671,0.4230671,0.4230671,0.4230671,0.4230671,0.4230671,0.4230671,0.4230671,0.4230671,0.4230671
Distric heating|CHP|Waste,0.96999264,0.96999264,0.96999264,0.9239395,0.9479258,0.96999264,0.96999264,0.96999264,0.9653973,0.9382523,0.8989701,0.9239395,0.9479258,0.96999264,0.96999264,0.96999264,0.9653973,0.9485874,0.8772501,0.9239395,0.9479258,0.96999264,0.96999264,0.96999264,0.96999264,0.96999264,0.96999264,0.96999264,0.96999264,0.96999264,0.96999264,0.96999264,1.0266463,0.9795127,0.96999264,0.9780814,1.006411,1.0355794,1.040663,1.0368626,1.0004771,0.9795127,0.96999264,0.96999264,0.96999264,1.0355794,1.040663,1.0368626,0.96999264,0.96999264,0.96999264,0.96999264,1.1500522,0.96999264,0.96999264,0.96999264,0.9821392,0.9795127,1.1543666,1.10366,1.1319896,1.066974,0.96999264,0.96999264,0.96999264,0.96999264,1.1077583,1.0965798,0.85296077,1.0355794,1.0675814,1.2224798,1.1839598,1.1526691,1.0906504,0.91868997,1.2092294,1.212651,1.225615,1.2024184,1.0583812,1.2317144,0.97298354,0.7816279,1.1645085,1.0985558,1.2317144,1.0768398,1.0583812,1.0270904,0.9650718,0.7931113,1.0721673,1.1562169,1.1000365,1.2317144,1.0583812,1.0270904,0.9547367,1.0292621,1.0836507,1.0985558,1.1000365,1.0768398,1.0583812,1.0270904,0.9650718,0.8383802,1.0721673,1.2317144,1.1000365,1.0936227,1.0583812,1.0270904,1.0276661,0.7931113,1.0721673,1.1562169,1.1000365,1.2317144,1.0266463,0.9795127,0.90010124,0.9884165,0.7587768,1.0355794,1.040663,1.0368626,1.0266463,1.1920483,0.90010124,0.9884165,0.7587768,1.0355794,1.040663,1.0368626,1.0266463,0.9795127,0.90010124,0.9780814,1.006411,1.0355794,1.040663,1.0368626,1.073602,1.1450926,0.90010124,0.9884165,0.7587768,1.0355794,1.040663,1.0368626,1.2317144,0.9869802,0.91043633,0.73044723,1.006411,1.0355794,1.040663,1.0368626,1.0266463,0.9795127,0.90010124,0.9780814,1.006411,1.0355794,1.040663,1.0368626,0.96999264,0.9382523,0.8829898,0.9239395,0.9479258,0.96999264,0.96999264,0.96999264,0.96916807,0.9448166,0.8772501,0.9239395,0.9479258,0.96999264,0.96999264,0.96999264,0.9653973,0.9382523,0.96999264,0.9239395,0.9479258,0.96999264,0.96999264,0.96999264
Distric heating|Solar thermal,0.0,0.0,0.0,0.0,0.0,0.0,0.0,0.0,0.0,0.0,0.0,0.0,0.0,0.0,0.0,0.0,0.0,0.0,0.0,0.0,0.0,0.0,0.0,0.0,0.0,0.0,0.0,0.0,0.0,0.0,0.0,0.0,0.0,0.0,0.0,0.0,0.0,0.0,0.0,0.0,0.0,0.0,0.0,0.0,0.0,0.0,0.0,0.0,0.0,0.0,0.0,0.0,0.0,0.0,0.0,0.0,0.0,0.0,0.0,0.0,0.0,0.0,0.0,0.0,0.0,0.0,0.0,0.0,0.0,0.0,0.0,0.0,0.0,0.0,0.0,0.0,0.0,0.0,0.0,0.0,0.0,0.0,0.0,0.0,0.0,0.0,0.0,0.0,0.0,0.0,0.0,0.0,0.0,0.0,0.0,0.0,0.0,0.0,0.0,0.0,0.0,0.0,0.0,0.0,0.0,0.0,0.0,0.0,0.0,0.0,0.0,0.0,0.0,0.0,0.0,0.0,0.0,0.0,0.0,0.0,0.0,0.0,0.0,0.0,0.0,0.0,0.0,0.0,0.0,0.0,0.0,0.0,0.0,0.0,0.0,0.0,0.0,0.0,0.0,0.0,0.0,0.0,0.0,0.0,0.0,0.0,0.0,0.0,0.0,0.0,0.0,0.0,0.0,0.0,0.0,0.0,0.0,0.0,0.0,0.0,0.0,0.0,0.0,0.0,0.0,0.0,0.0,0.0,0.0,0.0,0.0,0.0,0.0,0.0,0.0,0.0,0.0,0.0,0.0,0.0,0.0,0.0,0.0,0.0,0.0,0.0,0.0,0.0,0.0,0.0,0.0,0.0
Industrial heating|Total,2.5994763,2.6156986,2.6521542,2.6739867,2.6337485,2.596173,2.5929284,2.5942264,2.604439,2.6499763,2.7288544,2.6739867,2.6337485,2.596173,2.5929284,2.5942264,2.604439,2.638815,2.7523105,2.6739867,2.6337485,2.596173,2.5929284,2.5942264,2.1397228,2.4700637,2.638498,2.3881989,2.1940885,1.9942298,2.0990093,1.9854372,1.994256,2.4597826,2.638498,2.3794634,2.154759,1.9233999,2.0226896,1.9975059,2.1068013,2.4597826,2.638498,2.3881989,2.1940885,1.9233999,2.0226896,1.9132216,2.0554385,2.4700637,2.638498,2.3881989,1.999635,1.9942298,2.0990093,2.0697215,1.7014053,2.1781068,2.2955556,3.1486146,2.9710066,1.8950362,1.7813957,1.7807369,1.7145228,2.096716,2.3382435,3.148615,3.2384367,1.8950362,1.6556253,1.6201181,1.4543822,1.6505556,2.3056216,2.9976878,2.0090845,1.7276926,1.1932306,1.3386588,1.7425401,1.7697513,2.5227015,2.240938,1.4547856,1.423883,1.2699347,1.5961301,1.4543822,1.6505556,2.3200316,2.7850723,2.2014627,1.1402428,1.4121389,1.428875,1.7425401,1.9907329,2.564629,1.9735081,1.5421071,1.423883,1.4121389,1.5961301,1.4543822,1.6505556,2.3056216,2.9976878,2.3707564,1.2280037,1.1932307,1.3205343,1.5981586,1.6505556,2.072025,2.8316894,2.346065,1.284845,1.1932307,1.3677158,1.994256,2.368111,2.7139766,2.368302,2.4817815,1.9233999,1.8830781,2.144505,1.994256,2.138585,2.7139766,2.347919,2.5538125,1.9233999,1.8830781,2.144505,2.0538487,2.368111,2.7139766,2.3794634,2.154759,1.9233999,1.8830781,2.144505,2.0278308,2.1892946,2.7139766,2.368302,2.4221888,1.9233999,1.8830781,2.144505,1.772795,2.4517183,2.7028153,2.6468933,2.154759,1.9233999,2.0226896,1.9975059,1.994256,2.368111,2.7139766,2.3794634,2.154759,2.007684,1.8830781,2.1691964,2.5994763,2.6499763,2.746112,2.6739867,2.6337485,2.596173,2.5929284,2.5942264,2.6003668,2.6428874,2.7523105,2.6739867,2.6337485,2.596173,2.5929284,2.5942264,2.604439,2.6499763,2.6521542,2.6739867,2.6337485,2.596173,2.5929284,2.5942264
Industrial heating|Geothermal,1.3145494,1.3145494,1.3145494,1.3145494,1.3145494,1.3145494,1.3145494,1.3145494,1.3145494,1.3145494,1.3145494,1.3145494,1.3145494,1.3145494,1.3145494,1.3145494,1.3145494,1.3145494,1.3145494,1.3145494,1.3145494,1.3145494,1.3145494,1.3145494,0.94163376,1.2497343,1.3145494,1.1646345,1.0345507,0.9006144,1.0168831,0.8947221,0.94163376,1.2497343,1.3145494,1.1646345,1.0345507,0.9006144,1.0168831,0.8947221,0.94163376,1.2497343,1.3145494,1.1646345,1.0345507,0.9006144,1.0168831,0.8947221,0.94163376,1.2497343,1.3145494,1.1646345,1.0345507,0.9006144,1.0168831,0.8947221,0.94163376,1.2497343,1.3145494,1.1646345,1.0345507,0.9006144,1.0168831,0.8947221,0.94163376,1.1580623,1.3145494,1.1646345,1.0345507,0.9006144,0.8772717,1.1260054,0.7959128,0.93959415,1.2718288,0.9296226,0.67988,0.61143875,0.60463995,0.71115446,0.7959128,0.93959415,1.2718288,0.9296226,0.67988,0.61143875,0.60463995,0.71115446,0.7959128,0.93959415,1.2718288,0.9296226,0.67988,0.61143875,0.60463995,0.71115446,0.7959128,0.93959415,1.2718288,0.9296226,0.67988,0.61143875,0.60463995,0.71115446,0.7959128,0.93959415,1.2718288,0.9296226,0.67988,0.61143875,0.60463995,0.71115446,0.7959128,0.93959415,1.2718288,0.9296226,0.67988,0.61143875,0.60463995,0.71115446,0.94163376,1.1580623,1.3145494,1.1646345,1.0345507,0.9006144,0.8772717,1.1260054,0.94163376,1.1580623,1.3145494,1.1646345,1.0345507,0.9006144,0.8772717,1.1260054,0.94163376,1.1580623,1.3145494,1.1646345,1.0345507,0.9006144,0.8772717,1.1260054,0.94163376,1.1580623,1.3145494,1.1646345,1.0345507,0.9006144,0.8772717,1.1260054,0.94163376,1.2497343,1.3145494,1.1646345,1.0345507,0.9006144,1.0168831,0.8947221,0.94163376,1.1580623,1.3145494,1.1646345,1.0345507,0.9006144,0.8772717,1.1260054,1.3145494,1.3145494,1.3145494,1.3145494,1.3145494,1.3145494,1.3145494,1.3145494,1.3145494,1.3145494,1.3145494,1.3145494,1.3145494,1.3145494,1.3145494,1.3145494,1.3145494,1.3145494,1.3145494,1.3145494,1.3145494,1.3145494,1.3145494,1.3145494
Industrial heating|Solar thermal,0.0,0.0,0.0,0.0,0.0,0.0,0.0,0.0,0.0,0.0,0.0,0.0,0.0,0.0,0.0,0.0,0.0,0.0,0.0,0.0,0.0,0.0,0.0,0.0,0.0,0.0,0.0,0.0,0.0,0.0,0.0,0.0,0.0,0.0,0.0,0.0,0.0,0.0,0.0,0.0,0.0,0.0,0.0,0.0,0.0,0.0,0.0,0.0,0.0,0.0,0.0,0.0,0.0,0.0,0.0,0.0,0.0,0.0,0.0,0.0,0.0,0.0,0.0,0.0,0.0,0.0,0.0,0.0,0.0,0.0,0.0,0.0,0.0,0.0,0.0,0.0,0.0,0.0,0.0,0.0,0.0,0.0,0.0,0.0,0.0,0.0,0.0,0.0,0.0,0.0,0.0,0.0,0.0,0.0,0.0,0.0,0.0,0.0,0.0,0.0,0.0,0.0,0.0,0.0,0.0,0.0,0.0,0.0,0.0,0.0,0.0,0.0,0.0,0.0,0.0,0.0,0.0,0.0,0.0,0.0,0.0,0.0,0.0,0.0,0.0,0.0,0.0,0.0,0.0,0.0,0.0,0.0,0.0,0.0,0.0,0.0,0.0,0.0,0.0,0.0,0.0,0.0,0.0,0.0,0.0,0.0,0.0,0.0,0.0,0.0,0.0,0.0,0.0,0.0,0.0,0.0,0.0,0.0,0.0,0.0,0.0,0.0,0.0,0.0,0.0,0.0,0.0,0.0,0.0,0.0,0.0,0.0,0.0,0.0,0.0,0.0,0.0,0.0,0.0,0.0,0.0,0.0,0.0,0.0,0.0,0.0,0.0,0.0,0.0,0.0,0.0,0.0
Industrial heating|Electric heater,0.0,0.0,0.0,0.0,0.0,0.0,0.0,0.0,0.0,0.0,0.0,0.0,0.0,0.0,0.0,0.0,0.0,0.0,0.0,0.0,0.0,0.0,0.0,0.0,0.0,0.0,0.0,0.0,0.0,0.0,0.0,0.0,0.0,0.0,0.0,0.0,0.0,0.0,0.0,0.0,0.0,0.0,0.0,0.0,0.0,0.0,0.0,0.0,0.0,0.0,0.0,0.0,0.0,0.0,0.0,0.0,0.0,0.0,0.3316053,1.3264211,1.3264211,0.3316053,0.0,0.0,0.0,0.0,0.3239591,1.3187749,1.2925167,0.29770094,0.0,0.0,0.13561735,0.13561735,0.34823292,1.2413357,0.8487431,0.6483952,0.13561735,0.13561735,0.0,0.0,0.0,0.25490364,0.0,0.0,0.0,0.0,0.0,0.0,0.0,0.8931028,0.8931028,0.0,0.0,0.0,0.0,0.0,0.0,0.0,0.0,0.0,0.0,0.0,0.0,0.0,0.2126156,1.1546061,1.0623963,0.1692935,0.0,0.0,0.0,0.0,0.04661706,0.93971986,1.037705,0.14460213,0.0,0.0,0.0,0.0,0.0,0.0,0.36907253,0.0,0.0,0.0,0.0,0.0,0.0,0.0,0.46148658,0.0,0.0,0.0,0.0,0.0,0.0,0.0,0.0,0.0,0.0,0.0,0.0,0.0,0.0,0.0,0.0,0.0,0.0,0.0,0.0,0.0,0.0,0.0,0.0,0.0,0.0,0.0,0.0,0.0,0.0,0.0,0.0,0.0,0.0,0.0,0.0,0.0,0.0,0.0,0.0,0.0,0.0,0.0,0.0,0.0,0.0,0.0,0.0,0.0,0.0,0.0,0.0,0.0,0.0,0.0,0.0,0.0,0.0,0.0
Industrial heating|CHP|Total,0.28264368,0.28264368,0.28264368,0.33237827,0.30647454,0.28264368,0.28264368,0.28264368,0.28760636,0.31692132,0.3593437,0.33237827,0.30647454,0.28264368,0.28264368,0.28264368,0.28760636,0.30576006,0.38280007,0.33237827,0.30647454,0.28264368,0.28264368,0.28264368,0.28264368,0.28264368,0.28264368,0.28264368,0.28264368,0.28264368,0.28264368,0.28264368,0.22146116,0.2723626,0.28264368,0.2739083,0.24331412,0.2118139,0.20632398,0.2104281,0.24972226,0.2723626,0.28264368,0.28264368,0.28264368,0.2118139,0.20632398,0.2104281,0.28264368,0.28264368,0.28264368,0.28264368,0.0881902,0.28264368,0.28264368,0.28264368,0.26952606,0.2723626,0.08353087,0.13829096,0.10769678,0.17790955,0.28264368,0.28264368,0.28264368,0.28264368,0.13386506,0.14593713,0.40903106,0.2118139,0.17725366,0.009972753,0.05157198,0.085364126,0.15234053,0.33804744,0.02428243,0.020587275,0.006586854,0.031637814,0.18718931,0.0,0.27941367,0.48606622,0.0725783,0.14380318,0.0,0.16725515,0.18718931,0.22098146,0.28795788,0.4736648,0.1723012,0.08153268,0.1422042,0.0,0.18718931,0.22098146,0.29911914,0.21863627,0.15989977,0.14380318,0.1422042,0.16725515,0.18718931,0.22098146,0.28795788,0.42477712,0.1723012,0.0,0.1422042,0.14913067,0.18718931,0.22098146,0.22035988,0.4736648,0.1723012,0.08153268,0.1422042,0.0,0.22146116,0.2723626,0.35812214,0.26274702,0.51074404,0.2118139,0.20632398,0.2104281,0.22146116,0.04283695,0.35812214,0.26274702,0.51074404,0.2118139,0.20632398,0.2104281,0.22146116,0.2723626,0.35812214,0.2739083,0.24331412,0.2118139,0.20632398,0.2104281,0.1707518,0.093546316,0.35812214,0.26274702,0.51074404,0.2118139,0.20632398,0.2104281,0.0,0.2642981,0.34696087,0.5413382,0.24331412,0.2118139,0.20632398,0.2104281,0.22146116,0.2723626,0.35812214,0.2739083,0.24331412,0.2118139,0.20632398,0.2104281,0.28264368,0.31692132,0.3766015,0.33237827,0.30647454,0.28264368,0.28264368,0.28264368,0.28353414,0.30983227,0.38280007,0.33237827,0.30647454,0.28264368,0.28264368,0.28264368,0.28760636,0.31692132,0.28264368,0.33237827,0.30647454,0.28264368,0.28264368,0.28264368
Industrial heating|CHP|Gas,0.0,0.0,0.0,0.0,0.0,0.0,0.0,0.0,0.0,0.0,0.0,0.0,0.0,0.0,0.0,0.0,0.0,0.0,0.0,0.0,0.0,0.0,0.0,0.0,0.0,0.0,0.0,0.0,0.0,0.0,0.0,0.0,0.0,0.0,0.0,0.0,0.0,0.0,0.0,0.0,0.0,0.0,0.0,0.0,0.0,0.0,0.0,0.0,0.0,0.0,0.0,0.0,0.0,0.0,0.0,0.0,0.0,0.0,0.0,0.0,0.0,0.0,0.0,0.0,0.0,0.0,0.0,0.0,0.0,0.0,0.0,0.0,0.0,0.0,0.0,0.0,0.0,0.0,0.0,0.0,0.0,0.0,0.0,0.0,0.0,0.0,0.0,0.0,0.0,0.0,0.0,0.0,0.0,0.0,0.0,0.0,0.0,0.0,0.0,0.0,0.0,0.0,0.0,0.0,0.0,0.0,0.0,0.0,0.0,0.0,0.0,0.0,0.0,0.0,0.0,0.0,0.0,0.0,0.0,0.0,0.0,0.0,0.0,0.0,0.0,0.0,0.0,0.0,0.0,0.0,0.0,0.0,0.0,0.0,0.0,0.0,0.0,0.0,0.0,0.0,0.0,0.0,0.0,0.0,0.0,0.0,0.0,0.0,0.0,0.0,0.0,0.0,0.0,0.0,0.0,0.0,0.0,0.0,0.0,0.0,0.0,0.0,0.0,0.0,0.0,0.0,0.0,0.0,0.0,0.0,0.0,0.0,0.0,0.0,0.0,0.0,0.0,0.0,0.0,0.0,0.0,0.0,0.0,0.0,0.0,0.0,0.0,0.0,0.0,0.0,0.0,0.0
Industrial heating|CHP|Hydrogen,0.0,0.0,0.0,0.0,0.0,0.0,0.0,0.0,0.0,0.0,0.0,0.0,0.0,0.0,0.0,0.0,0.0,0.0,0.0,0.0,0.0,0.0,0.0,0.0,0.0,0.0,0.0,0.0,0.0,0.0,0.0,0.0,0.0,0.0,0.0,0.0,0.0,0.0,0.0,0.0,0.0,0.0,0.0,0.0,0.0,0.0,0.0,0.0,0.0,0.0,0.0,0.0,0.0,0.0,0.0,0.0,0.0,0.0,0.0,0.0,0.0,0.0,0.0,0.0,0.0,0.0,0.0,0.0,0.0,0.0,0.0,0.0,0.0,0.0,0.0,0.0,0.0,0.0,0.0,0.0,0.0,0.0,0.0,0.0,0.0,0.0,0.0,0.0,0.0,0.0,0.0,0.0,0.0,0.0,0.0,0.0,0.0,0.0,0.0,0.0,0.0,0.0,0.0,0.0,0.0,0.0,0.0,0.0,0.0,0.0,0.0,0.0,0.0,0.0,0.0,0.0,0.0,0.0,0.0,0.0,0.0,0.0,0.0,0.0,0.0,0.0,0.0,0.0,0.0,0.0,0.0,0.0,0.0,0.0,0.0,0.0,0.0,0.0,0.0,0.0,0.0,0.0,0.0,0.0,0.0,0.0,0.0,0.0,0.0,0.0,0.0,0.0,0.0,0.0,0.0,0.0,0.0,0.0,0.0,0.0,0.0,0.0,0.0,0.0,0.0,0.0,0.0,0.0,0.0,0.0,0.0,0.0,0.0,0.0,0.0,0.0,0.0,0.0,0.0,0.0,0.0,0.0,0.0,0.0,0.0,0.0,0.0,0.0,0.0,0.0,0.0,0.0
Industrial heating|CHP|Wood,0.0,0.0,0.0,0.0,0.0,0.0,0.0,0.0,0.0,0.0,0.0,0.0,0.0,0.0,0.0,0.0,0.0,0.0,0.0,0.0,0.0,0.0,0.0,0.0,0.0,0.0,0.0,0.0,0.0,0.0,0.0,0.0,0.0,0.0,0.0,0.0,0.0,0.0,0.0,0.0,0.0,0.0,0.0,0.0,0.0,0.0,0.0,0.0,0.0,0.0,0.0,0.0,0.0,0.0,0.0,0.0,0.0,0.0,0.0,0.0,0.0,0.0,0.0,0.0,0.0,0.0,0.0,0.0,0.0,0.0,0.0,0.0,0.0,0.0,0.0,0.0,0.0,0.0,0.0,0.0,0.0,0.0,0.0,0.0,0.0,0.0,0.0,0.0,0.0,0.0,0.0,0.0,0.0,0.0,0.0,0.0,0.0,0.0,0.0,0.0,0.0,0.0,0.0,0.0,0.0,0.0,0.0,0.0,0.0,0.0,0.0,0.0,0.0,0.0,0.0,0.0,0.0,0.0,0.0,0.0,0.0,0.0,0.0,0.0,0.0,0.0,0.0,0.0,0.0,0.0,0.0,0.0,0.0,0.0,0.0,0.0,0.0,0.0,0.0,0.0,0.0,0.0,0.0,0.0,0.0,0.0,0.0,0.0,0.0,0.0,0.0,0.0,0.0,0.0,0.0,0.0,0.0,0.0,0.0,0.0,0.0,0.0,0.0,0.0,0.0,0.0,0.0,0.0,0.0,0.0,0.0,0.0,0.0,0.0,0.0,0.0,0.0,0.0,0.0,0.0,0.0,0.0,0.0,0.0,0.0,0.0,0.0,0.0,0.0,0.0,0.0,0.0
Industrial heating|CHP|Waste,0.28264368,0.28264368,0.28264368,0.33237827,0.30647454,0.28264368,0.28264368,0.28264368,0.28760636,0.31692132,0.3593437,0.33237827,0.30647454,0.28264368,0.28264368,0.28264368,0.28760636,0.30576006,0.38280007,0.33237827,0.30647454,0.28264368,0.28264368,0.28264368,0.28264368,0.28264368,0.28264368,0.28264368,0.28264368,0.28264368,0.28264368,0.28264368,0.22146116,0.2723626,0.28264368,0.2739083,0.24331412,0.2118139,0.20632398,0.2104281,0.24972226,0.2723626,0.28264368,0.28264368,0.28264368,0.2118139,0.20632398,0.2104281,0.28264368,0.28264368,0.28264368,0.28264368,0.0881902,0.28264368,0.28264368,0.28264368,0.26952606,0.2723626,0.08353087,0.13829096,0.10769678,0.17790955,0.28264368,0.28264368,0.28264368,0.28264368,0.13386506,0.14593713,0.40903106,0.2118139,0.17725366,0.009972753,0.05157198,0.085364126,0.15234053,0.33804744,0.02428243,0.020587275,0.006586854,0.031637814,0.18718931,0.0,0.27941367,0.48606622,0.0725783,0.14380318,0.0,0.16725515,0.18718931,0.22098146,0.28795788,0.4736648,0.1723012,0.08153268,0.1422042,0.0,0.18718931,0.22098146,0.29911914,0.21863627,0.15989977,0.14380318,0.1422042,0.16725515,0.18718931,0.22098146,0.28795788,0.42477712,0.1723012,0.0,0.1422042,0.14913067,0.18718931,0.22098146,0.22035988,0.4736648,0.1723012,0.08153268,0.1422042,0.0,0.22146116,0.2723626,0.35812214,0.26274702,0.51074404,0.2118139,0.20632398,0.2104281,0.22146116,0.04283695,0.35812214,0.26274702,0.51074404,0.2118139,0.20632398,0.2104281,0.22146116,0.2723626,0.35812214,0.2739083,0.24331412,0.2118139,0.20632398,0.2104281,0.1707518,0.093546316,0.35812214,0.26274702,0.51074404,0.2118139,0.20632398,0.2104281,0.0,0.2642981,0.34696087,0.5413382,0.24331412,0.2118139,0.20632398,0.2104281,0.22146116,0.2723626,0.35812214,0.2739083,0.24331412,0.2118139,0.20632398,0.2104281,0.28264368,0.31692132,0.3766015,0.33237827,0.30647454,0.28264368,0.28264368,0.28264368,0.28353414,0.30983227,0.38280007,0.33237827,0.30647454,0.28264368,0.28264368,0.28264368,0.28760636,0.31692132,0.28264368,0.33237827,0.30647454,0.28264368,0.28264368,0.28264368
Industrial heating|CHP|Oil,0.0,0.0,0.0,0.0,0.0,0.0,0.0,0.0,0.0,0.0,0.0,0.0,0.0,0.0,0.0,0.0,0.0,0.0,0.0,0.0,0.0,0.0,0.0,0.0,0.0,0.0,0.0,0.0,0.0,0.0,0.0,0.0,0.0,0.0,0.0,0.0,0.0,0.0,0.0,0.0,0.0,0.0,0.0,0.0,0.0,0.0,0.0,0.0,0.0,0.0,0.0,0.0,0.0,0.0,0.0,0.0,0.0,0.0,0.0,0.0,0.0,0.0,0.0,0.0,0.0,0.0,0.0,0.0,0.0,0.0,0.0,0.0,0.0,0.0,0.0,0.0,0.0,0.0,0.0,0.0,0.0,0.0,0.0,0.0,0.0,0.0,0.0,0.0,0.0,0.0,0.0,0.0,0.0,0.0,0.0,0.0,0.0,0.0,0.0,0.0,0.0,0.0,0.0,0.0,0.0,0.0,0.0,0.0,0.0,0.0,0.0,0.0,0.0,0.0,0.0,0.0,0.0,0.0,0.0,0.0,0.0,0.0,0.0,0.0,0.0,0.0,0.0,0.0,0.0,0.0,0.0,0.0,0.0,0.0,0.0,0.0,0.0,0.0,0.0,0.0,0.0,0.0,0.0,0.0,0.0,0.0,0.0,0.0,0.0,0.0,0.0,0.0,0.0,0.0,0.0,0.0,0.0,0.0,0.0,0.0,0.0,0.0,0.0,0.0,0.0,0.0,0.0,0.0,0.0,0.0,0.0,0.0,0.0,0.0,0.0,0.0,0.0,0.0,0.0,0.0,0.0,0.0,0.0,0.0,0.0,0.0,0.0,0.0,0.0,0.0,0.0,0.0
Industrial heating|Burner|Total,1.0022833,1.0185055,1.054961,1.0270588,1.0127244,0.9989799,0.99573547,0.99703324,1.0022833,1.0185055,1.054961,1.0270588,1.0127244,0.9989799,0.99573547,0.99703324,1.0022833,1.0185055,1.054961,1.0270588,1.0127244,0.9989799,0.99573547,0.99703324,0.9154452,0.9376859,1.041305,0.94092065,0.8768942,0.81097156,0.79948246,0.8080714,0.831161,0.9376859,1.041305,0.94092065,0.8768942,0.81097156,0.79948246,0.89235556,0.9154452,0.9376859,1.041305,0.94092065,0.8768942,0.81097156,0.79948246,0.8080714,0.831161,0.9376859,1.041305,0.94092065,0.8768942,0.81097156,0.79948246,0.89235556,0.49024534,0.6560099,0.56587,0.5192682,0.5023382,0.4849068,0.4818688,0.6033711,0.49024534,0.6560099,0.56587,0.5192682,0.5023382,0.4849068,0.60109997,0.48413992,0.4712802,0.4899799,0.5332193,0.48868212,0.45617884,0.4472714,0.44638658,0.46024913,0.75943804,0.83015716,0.97145885,0.5703456,0.7023274,0.668641,0.66529465,0.7177205,0.4712802,0.4899799,0.76024485,0.48868212,0.45617884,0.4472714,0.66529465,0.7177205,0.75943804,0.83015716,0.99368113,0.8252492,0.7023274,0.668641,0.66529465,0.7177205,0.4712802,0.4899799,0.5332193,0.48868212,0.45617884,0.4472714,0.44638658,0.46024913,0.6150565,0.4899799,0.5332193,0.48868212,0.45617884,0.4472714,0.44638658,0.6565614,0.831161,0.9376859,1.041305,0.94092065,0.56741446,0.81097156,0.79948246,0.8080714,0.831161,0.9376859,1.041305,0.9205374,0.54703116,0.81097156,0.79948246,0.8080714,0.8907538,0.9376859,1.041305,0.94092065,0.8768942,0.81097156,0.79948246,0.8080714,0.9154452,0.9376859,1.041305,0.94092065,0.8768942,0.81097156,0.79948246,0.8080714,0.831161,0.9376859,1.041305,0.94092065,0.8768942,0.81097156,0.79948246,0.89235556,0.831161,0.9376859,1.041305,0.94092065,0.8768942,0.8952557,0.79948246,0.8327628,1.0022833,1.0185055,1.054961,1.0270588,1.0127244,0.9989799,0.99573547,0.99703324,1.0022833,1.0185055,1.054961,1.0270588,1.0127244,0.9989799,0.99573547,0.99703324,1.0022833,1.0185055,1.054961,1.0270588,1.0127244,0.9989799,0.99573547,0.99703324
Industrial heating|Burner|Gas,0.4754349,0.4754349,0.4754349,0.4754349,0.4754349,0.4754349,0.4754349,0.4754349,0.4754349,0.4754349,0.4754349,0.4754349,0.4754349,0.4754349,0.4754349,0.4754349,0.4754349,0.4754349,0.4754349,0.4754349,0.4754349,0.4754349,0.4754349,0.4754349,0.42519987,0.41927302,0.4754349,0.42165244,0.37455598,0.32606477,0.31761363,0.3239315,0.3409157,0.41927302,0.4754349,0.42165244,0.37455598,0.32606477,0.31761363,0.40821564,0.42519987,0.41927302,0.4754349,0.42165244,0.37455598,0.32606477,0.31761363,0.3239315,0.3409157,0.41927302,0.4754349,0.42165244,0.37455598,0.32606477,0.31761363,0.40821564,0.0,0.13759702,0.0,0.0,0.0,0.0,0.0,0.11923117,0.0,0.13759702,0.0,0.0,0.0,0.0,0.11923117,0.0,0.0,0.0,0.0,0.0,0.0,0.0,0.0,0.0,0.28815788,0.34017727,0.43823963,0.08166345,0.24614854,0.22136958,0.2189081,0.25747138,0.0,0.0,0.22702558,0.0,0.0,0.0,0.2189081,0.25747138,0.28815788,0.34017727,0.46046185,0.3365671,0.24614854,0.22136958,0.2189081,0.25747138,0.0,0.0,0.0,0.0,0.0,0.0,0.0,0.0,0.14377631,0.0,0.0,0.0,0.0,0.0,0.0,0.19631226,0.3409157,0.41927302,0.4754349,0.42165244,0.06507626,0.32606477,0.31761363,0.3239315,0.3409157,0.41927302,0.4754349,0.40126917,0.044692993,0.32606477,0.31761363,0.3239315,0.4005085,0.41927302,0.4754349,0.42165244,0.37455598,0.32606477,0.31761363,0.3239315,0.42519987,0.41927302,0.4754349,0.42165244,0.37455598,0.32606477,0.31761363,0.3239315,0.3409157,0.41927302,0.4754349,0.42165244,0.37455598,0.32606477,0.31761363,0.40821564,0.3409157,0.41927302,0.4754349,0.42165244,0.37455598,0.41034892,0.31761363,0.34862286,0.4754349,0.4754349,0.4754349,0.4754349,0.4754349,0.4754349,0.4754349,0.4754349,0.4754349,0.4754349,0.4754349,0.4754349,0.4754349,0.4754349,0.4754349,0.4754349,0.4754349,0.4754349,0.4754349,0.4754349,0.4754349,0.4754349,0.4754349,0.4754349
Industrial heating|Burner|Hydrogen,0.0,0.0,0.0,0.0,0.0,0.0,0.0,0.0,0.0,0.0,0.0,0.0,0.0,0.0,0.0,0.0,0.0,0.0,0.0,0.0,0.0,0.0,0.0,0.0,0.0,0.0,0.0,0.0,0.0,0.0,0.0,0.0,0.0,0.0,0.0,0.0,0.0,0.0,0.0,0.0,0.0,0.0,0.0,0.0,0.0,0.0,0.0,0.0,0.0,0.0,0.0,0.0,0.0,0.0,0.0,0.0,0.0,0.0,0.0,0.0,0.0,0.0,0.0,0.0,0.0,0.0,0.0,0.0,0.0,0.0,0.0,0.0,0.0,0.0,0.0,0.0,0.0,0.0,0.0,0.0,0.0,0.0,0.0,0.0,0.0,0.0,0.0,0.0,0.0,0.0,0.0,0.0,0.0,0.0,0.0,0.0,0.0,0.0,0.0,0.0,0.0,0.0,0.0,0.0,0.0,0.0,0.0,0.0,0.0,0.0,0.0,0.0,0.0,0.0,0.0,0.0,0.0,0.0,0.0,0.0,0.0,0.0,0.0,0.0,0.0,0.0,0.0,0.0,0.0,0.0,0.0,0.0,0.0,0.0,0.0,0.0,0.0,0.0,0.0,0.0,0.0,0.0,0.0,0.0,0.0,0.0,0.0,0.0,0.0,0.0,0.0,0.0,0.0,0.0,0.0,0.0,0.0,0.0,0.0,0.0,0.0,0.0,0.0,0.0,0.0,0.0,0.0,0.0,0.0,0.0,0.0,0.0,0.0,0.0,0.0,0.0,0.0,0.0,0.0,0.0,0.0,0.0,0.0,0.0,0.0,0.0,0.0,0.0,0.0,0.0,0.0,0.0
Industrial heating|Burner|Wood,0.0,0.0,0.0,0.0,0.0,0.0,0.0,0.0,0.0,0.0,0.0,0.0,0.0,0.0,0.0,0.0,0.0,0.0,0.0,0.0,0.0,0.0,0.0,0.0,0.0,0.0,0.0,0.0,0.0,0.0,0.0,0.0,0.0,0.0,0.0,0.0,0.0,0.0,0.0,0.0,0.0,0.0,0.0,0.0,0.0,0.0,0.0,0.0,0.0,0.0,0.0,0.0,0.0,0.0,0.0,0.0,0.0,0.0,0.0,0.0,0.0,0.0,0.0,0.0,0.0,0.0,0.0,0.0,0.0,0.0,0.0,0.0,0.0,0.0,0.0,0.0,0.0,0.0,0.0,0.0,0.0,0.0,0.0,0.0,0.0,0.0,0.0,0.0,0.0,0.0,0.0,0.0,0.0,0.0,0.0,0.0,0.0,0.0,0.0,0.0,0.0,0.0,0.0,0.0,0.0,0.0,0.0,0.0,0.0,0.0,0.0,0.0,0.0,0.0,0.0,0.0,0.0,0.0,0.0,0.0,0.0,0.0,0.0,0.0,0.0,0.0,0.0,0.0,0.0,0.0,0.0,0.0,0.0,0.0,0.0,0.0,0.0,0.0,0.0,0.0,0.0,0.0,0.0,0.0,0.0,0.0,0.0,0.0,0.0,0.0,0.0,0.0,0.0,0.0,0.0,0.0,0.0,0.0,0.0,0.0,0.0,0.0,0.0,0.0,0.0,0.0,0.0,0.0,0.0,0.0,0.0,0.0,0.0,0.0,0.0,0.0,0.0,0.0,0.0,0.0,0.0,0.0,0.0,0.0,0.0,0.0,0.0,0.0,0.0,0.0,0.0,0.0
Industrial heating|Burner|Waste,0.5268484,0.54307055,0.5795261,0.551624,0.53728956,0.52354497,0.5203005,0.52159834,0.5268484,0.54307055,0.5795261,0.551624,0.53728956,0.52354497,0.5203005,0.52159834,0.5268484,0.54307055,0.5795261,0.551624,0.53728956,0.52354497,0.5203005,0.52159834,0.49024534,0.5184129,0.56587,0.5192682,0.5023382,0.4849068,0.4818688,0.48413992,0.49024534,0.5184129,0.56587,0.5192682,0.5023382,0.4849068,0.4818688,0.48413992,0.49024534,0.5184129,0.56587,0.5192682,0.5023382,0.4849068,0.4818688,0.48413992,0.49024534,0.5184129,0.56587,0.5192682,0.5023382,0.4849068,0.4818688,0.48413992,0.49024534,0.5184129,0.56587,0.5192682,0.5023382,0.4849068,0.4818688,0.48413992,0.49024534,0.5184129,0.56587,0.5192682,0.5023382,0.4849068,0.4818688,0.48413992,0.4712802,0.4899799,0.5332193,0.48868212,0.45617884,0.4472714,0.44638658,0.46024913,0.4712802,0.4899799,0.5332193,0.48868212,0.45617884,0.4472714,0.44638658,0.46024913,0.4712802,0.4899799,0.5332193,0.48868212,0.45617884,0.4472714,0.44638658,0.46024913,0.4712802,0.4899799,0.5332193,0.48868212,0.45617884,0.4472714,0.44638658,0.46024913,0.4712802,0.4899799,0.5332193,0.48868212,0.45617884,0.4472714,0.44638658,0.46024913,0.4712802,0.4899799,0.5332193,0.48868212,0.45617884,0.4472714,0.44638658,0.46024913,0.49024534,0.5184129,0.56587,0.5192682,0.5023382,0.4849068,0.4818688,0.48413992,0.49024534,0.5184129,0.56587,0.5192682,0.5023382,0.4849068,0.4818688,0.48413992,0.49024534,0.5184129,0.56587,0.5192682,0.5023382,0.4849068,0.4818688,0.48413992,0.49024534,0.5184129,0.56587,0.5192682,0.5023382,0.4849068,0.4818688,0.48413992,0.49024534,0.5184129,0.56587,0.5192682,0.5023382,0.4849068,0.4818688,0.48413992,0.49024534,0.5184129,0.56587,0.5192682,0.5023382,0.4849068,0.4818688,0.48413992,0.5268484,0.54307055,0.5795261,0.551624,0.53728956,0.52354497,0.5203005,0.52159834,0.5268484,0.54307055,0.5795261,0.551624,0.53728956,0.52354497,0.5203005,0.52159834,0.5268484,0.54307055,0.5795261,0.551624,0.53728956,0.52354497,0.5203005,0.52159834
Industrial heating|Burner|Oil,0.0,0.0,0.0,0.0,0.0,0.0,0.0,0.0,0.0,0.0,0.0,0.0,0.0,0.0,0.0,0.0,0.0,0.0,0.0,0.0,0.0,0.0,0.0,0.0,0.0,0.0,0.0,0.0,0.0,0.0,0.0,0.0,0.0,0.0,0.0,0.0,0.0,0.0,0.0,0.0,0.0,0.0,0.0,0.0,0.0,0.0,0.0,0.0,0.0,0.0,0.0,0.0,0.0,0.0,0.0,0.0,0.0,0.0,0.0,0.0,0.0,0.0,0.0,0.0,0.0,0.0,0.0,0.0,0.0,0.0,0.0,0.0,0.0,0.0,0.0,0.0,0.0,0.0,0.0,0.0,0.0,0.0,0.0,0.0,0.0,0.0,0.0,0.0,0.0,0.0,0.0,0.0,0.0,0.0,0.0,0.0,0.0,0.0,0.0,0.0,0.0,0.0,0.0,0.0,0.0,0.0,0.0,0.0,0.0,0.0,0.0,0.0,0.0,0.0,0.0,0.0,0.0,0.0,0.0,0.0,0.0,0.0,0.0,0.0,0.0,0.0,0.0,0.0,0.0,0.0,0.0,0.0,0.0,0.0,0.0,0.0,0.0,0.0,0.0,0.0,0.0,0.0,0.0,0.0,0.0,0.0,0.0,0.0,0.0,0.0,0.0,0.0,0.0,0.0,0.0,0.0,0.0,0.0,0.0,0.0,0.0,0.0,0.0,0.0,0.0,0.0,0.0,0.0,0.0,0.0,0.0,0.0,0.0,0.0,0.0,0.0,0.0,0.0,0.0,0.0,0.0,0.0,0.0,0.0,0.0,0.0,0.0,0.0,0.0,0.0,0.0,0.0
Industrial heating|Burner|Coal,0.0,0.0,0.0,0.0,0.0,0.0,0.0,0.0,0.0,0.0,0.0,0.0,0.0,0.0,0.0,0.0,0.0,0.0,0.0,0.0,0.0,0.0,0.0,0.0,0.0,0.0,0.0,0.0,0.0,0.0,0.0,0.0,0.0,0.0,0.0,0.0,0.0,0.0,0.0,0.0,0.0,0.0,0.0,0.0,0.0,0.0,0.0,0.0,0.0,0.0,0.0,0.0,0.0,0.0,0.0,0.0,0.0,0.0,0.0,0.0,0.0,0.0,0.0,0.0,0.0,0.0,0.0,0.0,0.0,0.0,0.0,0.0,0.0,0.0,0.0,0.0,0.0,0.0,0.0,0.0,0.0,0.0,0.0,0.0,0.0,0.0,0.0,0.0,0.0,0.0,0.0,0.0,0.0,0.0,0.0,0.0,0.0,0.0,0.0,0.0,0.0,0.0,0.0,0.0,0.0,0.0,0.0,0.0,0.0,0.0,0.0,0.0,0.0,0.0,0.0,0.0,0.0,0.0,0.0,0.0,0.0,0.0,0.0,0.0,0.0,0.0,0.0,0.0,0.0,0.0,0.0,0.0,0.0,0.0,0.0,0.0,0.0,0.0,0.0,0.0,0.0,0.0,0.0,0.0,0.0,0.0,0.0,0.0,0.0,0.0,0.0,0.0,0.0,0.0,0.0,0.0,0.0,0.0,0.0,0.0,0.0,0.0,0.0,0.0,0.0,0.0,0.0,0.0,0.0,0.0,0.0,0.0,0.0,0.0,0.0,0.0,0.0,0.0,0.0,0.0,0.0,0.0,0.0,0.0,0.0,0.0,0.0,0.0,0.0,0.0,0.0,0.0
Electricity|Total,5.3165174,7.5882645,7.563371,8.2195,10.946546,10.754959,10.788236,8.317596,6.504257,9.150494,6.734741,8.570286,12.549447,8.864745,7.2008624,5.3979435,6.8293657,9.075867,6.663277,7.6057706,11.651604,10.438597,7.0238447,5.267328,6.3842783,4.961276,8.138005,10.645441,12.448481,7.2744737,7.1579494,8.499773,8.974434,6.3055954,7.7658095,8.674276,9.851804,11.628933,6.809422,4.9606333,4.4279037,4.647657,7.5634418,14.06329,12.739159,9.890087,6.2677712,6.1636233,4.9493914,4.928401,7.5488667,10.464775,13.589508,10.796356,6.5225706,6.159243,4.754018,6.294631,9.488083,15.286184,15.046112,6.718423,6.6374245,5.48642,6.308344,6.235133,8.682126,14.439353,15.454029,6.1902146,6.4902806,5.0748725,4.154191,4.32439,7.709778,15.45403,15.454029,12.76042,5.973054,4.155583,4.424439,4.847826,10.30633,15.454029,11.464628,6.365446,6.8576384,5.472653,4.7825613,4.516921,11.568323,15.454029,15.454029,7.8573885,5.6679454,6.0914135,6.146586,4.908792,8.578931,12.593683,11.773341,9.495784,9.07525,6.2203484,4.7232194,4.4791584,10.093341,15.454029,15.454029,8.445559,5.969526,7.659194,4.2047186,4.416452,9.630125,15.454029,15.454029,6.48876,4.9184465,6.867565,6.369552,4.8913736,9.00484,12.491548,15.454029,9.467609,5.965759,5.2989116,5.3005657,3.8523269,8.565391,12.2191925,15.454029,8.460044,5.056526,4.3264203,7.284215,5.37863,5.9684906,12.516323,12.315711,6.040082,6.083853,5.5220294,7.801891,5.1927805,7.2370014,8.214368,13.678524,6.83751,6.5637345,7.9938593,5.569988,7.806798,6.0313253,12.779845,10.30692,6.0925684,6.650038,7.664995,5.426837,4.5425134,9.221903,13.320246,11.217871,9.399507,6.7415233,4.9114203,7.067629,9.585244,7.4549847,12.538107,8.192093,9.456826,7.047249,5.8219185,6.971071,9.627847,7.7245884,7.879731,9.998467,10.761962,8.178647,5.5815544,6.554582,9.182801,6.860817,10.709751,12.0471945,9.683321,7.258503,5.494421
Electricity|Thermal,1.5133961,1.5133961,1.5133961,1.509923,1.511732,1.5133961,1.5133961,1.5133961,1.5130496,1.5110024,1.50804,1.509923,1.511732,1.5133961,1.5133961,1.5133961,1.5130496,1.5117818,1.5064019,1.509923,1.511732,1.5133961,1.5133961,1.5133961,1.5133961,1.5133961,1.5133961,1.5133961,1.5133961,1.5133961,1.5133961,1.5133961,1.5176686,1.5141141,1.5133961,1.5140061,1.5161426,1.5183424,1.5187258,1.5184392,1.5156951,1.5141141,1.5133961,1.5133961,1.5133961,1.5183424,1.5187258,1.5184392,1.512463,1.512463,1.512463,1.512463,0.54269934,1.512463,1.512463,1.512463,1.497161,1.5004699,1.1985866,0.21141975,0.21355622,1.1919959,1.512463,1.512463,1.512463,1.512463,1.1950716,0.2108858,0.19251332,0.20628546,0.35056657,0.9936788,0.21747553,0.21511574,0.21043864,0.19747028,0.21938123,0.21963927,0.22061695,0.2188676,0.20800506,0.22107694,0.20156482,0.18713376,0.21600862,0.2110348,0.22107694,0.2093971,0.20800506,0.20564526,0.20096815,0.18799978,0.20904472,0.21538332,0.21114647,0.22107694,0.20800506,0.20564526,0.20018873,0.20580903,0.20991075,0.2110348,0.21114647,0.2093971,0.20800506,0.20564526,0.20096815,0.19141373,0.20904472,0.22107694,0.21114647,0.21066278,0.20800506,0.20564526,0.20568867,0.18799978,0.20904472,0.21538332,0.21114647,0.22107694,0.20561177,0.2020572,0.1960684,0.20272867,0.18541044,0.20628546,0.20666884,0.20638224,0.2065449,0.63939273,0.50547093,0.6122062,0.18541044,0.5082623,1.4922218,0.95134485,1.1061062,1.5141141,1.3629307,0.3854687,0.34385043,1.329393,1.3003346,1.4150035,1.6861694,1.6939205,1.5901376,1.6821048,0.5141245,1.6856616,1.6860449,1.6857584,1.692293,1.6819963,1.6080605,1.6119568,1.6834618,1.6856616,1.6860449,1.6857584,1.593242,1.5157363,1.5081253,0.8759049,1.6157943,1.6105554,1.5351473,1.5184392,1.5133961,1.5110024,1.5068347,1.509923,1.511732,1.5133961,1.5133961,1.5133961,1.513334,1.5114975,1.5064019,1.509923,1.511732,1.5133961,1.5133961,1.5133961,1.5130496,1.5110024,1.5133961,1.509923,1.511732,1.5133961,1.5133961,1.5133961
Electricity|Thermal|Hydrogen,0.0,0.0,0.0,0.0,0.0,0.0,0.0,0.0,0.0,0.0,0.0,0.0,0.0,0.0,0.0,0.0,0.0,0.0,0.0,0.0,0.0,0.0,0.0,0.0,0.0,0.0,0.0,0.0,0.0,0.0,0.0,0.0,0.0,0.0,0.0,0.0,0.0,0.0,0.0,0.0,0.0,0.0,0.0,0.0,0.0,0.0,0.0,0.0,0.0,0.0,0.0,0.0,0.0,0.0,0.0,0.0,0.0,0.0,0.0,0.0,0.0,0.0,0.0,0.0,0.0,0.0,0.0,0.0,0.0,0.0,0.0,0.0,0.0,0.0,0.0,0.0,0.0,0.0,0.0,0.0,0.0,0.0,0.0,0.0,0.0,0.0,0.0,0.0,0.0,0.0,0.0,0.0,0.0,0.0,0.0,0.0,0.0,0.0,0.0,0.0,0.0,0.0,0.0,0.0,0.0,0.0,0.0,0.0,0.0,0.0,0.0,0.0,0.0,0.0,0.0,0.0,0.0,0.0,0.0,0.0,0.0,0.0,0.0,0.0,0.0,0.0,0.0,0.0,0.0,0.0,0.0,0.0,0.0,0.0,0.0,0.0,0.0,0.0,0.0,0.0,0.0,0.0,0.0,0.0,0.0,0.0,0.0,0.0,0.0,0.0,0.0,0.0,0.0,0.0,0.0,0.0,0.0,0.0,0.0,0.0,0.0,0.0,0.0,0.0,0.0,0.0,0.0,0.0,0.0,0.0,0.0,0.0,0.0,0.0,0.0,0.0,0.0,0.0,0.0,0.0,0.0,0.0,0.0,0.0,0.0,0.0,0.0,0.0,0.0,0.0,0.0,0.0
Electricity|Thermal|Gas,1.3120569,1.3120569,1.3120569,1.3120569,1.3120569,1.3120569,1.3120569,1.3120569,1.3120569,1.3120569,1.3120569,1.3120569,1.3120569,1.3120569,1.3120569,1.3120569,1.3120569,1.3120569,1.3120569,1.3120569,1.3120569,1.3120569,1.3120569,1.3120569,1.3120569,1.3120569,1.3120569,1.3120569,1.3120569,1.3120569,1.3120569,1.3120569,1.3120569,1.3120569,1.3120569,1.3120569,1.3120569,1.3120569,1.3120569,1.3120569,1.3120569,1.3120569,1.3120569,1.3120569,1.3120569,1.3120569,1.3120569,1.3120569,1.3111237,1.3111237,1.3111237,1.3111237,0.32778093,1.3111237,1.3111237,1.3111237,1.2949057,1.2984127,0.9833428,0.0,0.0,0.9833428,1.3111237,1.3111237,1.3111237,1.3111237,0.9833428,0.0,0.0,0.0,0.14186768,0.7732983,0.0,0.0,0.0,0.0,0.0,0.0,0.0,0.0,0.0,0.0,0.0,0.0,0.0,0.0,0.0,0.0,0.0,0.0,0.0,0.0,0.0,0.0,0.0,0.0,0.0,0.0,0.0,0.0,0.0,0.0,0.0,0.0,0.0,0.0,0.0,0.0,0.0,0.0,0.0,0.0,0.0,0.0,0.0,0.0,0.0,0.0,0.0,0.0,0.0,0.0,0.0,0.0,0.0,0.0,0.0,0.0,0.000933,0.42130718,0.30940256,0.40947753,0.0,0.30197686,1.285553,0.7449626,0.90049446,1.3120569,1.1668622,0.18351942,0.1397647,1.1231076,1.0936657,1.2086213,1.4770164,1.4793761,1.3940692,1.4793761,0.32871407,1.4793761,1.4793761,1.4793761,1.4712161,1.4793761,1.4112127,1.4286829,1.4793761,1.4793761,1.4793761,1.4793761,1.3876302,1.3136791,1.3120569,0.6739556,1.4117086,1.4042699,1.3284785,1.3120569,1.3120569,1.3120569,1.3120569,1.3120569,1.3120569,1.3120569,1.3120569,1.3120569,1.3120569,1.3120569,1.3120569,1.3120569,1.3120569,1.3120569,1.3120569,1.3120569,1.3120569,1.3120569,1.3120569,1.3120569,1.3120569,1.3120569,1.3120569,1.3120569
Electricity|Thermal|Wood,0.0,0.0,0.0,0.0,0.0,0.0,0.0,0.0,0.0,0.0,0.0,0.0,0.0,0.0,0.0,0.0,0.0,0.0,0.0,0.0,0.0,0.0,0.0,0.0,0.0,0.0,0.0,0.0,0.0,0.0,0.0,0.0,0.0,0.0,0.0,0.0,0.0,0.0,0.0,0.0,0.0,0.0,0.0,0.0,0.0,0.0,0.0,0.0,0.0,0.0,0.0,0.0,0.0,0.0,0.0,0.0,0.0,0.0,0.0,0.0,0.0,0.0,0.0,0.0,0.0,0.0,0.0,0.0,0.0,0.0,0.0,0.0,0.0,0.0,0.0,0.0,0.0,0.0,0.0,0.0,0.0,0.0,0.0,0.0,0.0,0.0,0.0,0.0,0.0,0.0,0.0,0.0,0.0,0.0,0.0,0.0,0.0,0.0,0.0,0.0,0.0,0.0,0.0,0.0,0.0,0.0,0.0,0.0,0.0,0.0,0.0,0.0,0.0,0.0,0.0,0.0,0.0,0.0,0.0,0.0,0.0,0.0,0.0,0.0,0.0,0.0,0.0,0.0,0.0,0.0,0.0,0.0,0.0,0.0,0.0,0.0,0.0,0.0,0.0,0.0,0.0,0.0,0.0,0.0,0.0,0.0,0.0,0.0,0.0,0.0,0.0,0.0,0.0,0.0,0.0,0.0,0.0,0.0,0.0,0.0,0.0,0.0,0.0,0.0,0.0,0.0,0.0,0.0,0.0,0.0,0.0,0.0,0.0,0.0,0.0,0.0,0.0,0.0,0.0,0.0,0.0,0.0,0.0,0.0,0.0,0.0,0.0,0.0,0.0,0.0,0.0,0.0
Electricity|Thermal|Waste,0.20133926,0.20133926,0.20133926,0.19786616,0.19967508,0.20133926,0.20133926,0.20133926,0.2009927,0.19894555,0.1959831,0.19786616,0.19967508,0.20133926,0.20133926,0.20133926,0.2009927,0.19972499,0.19434509,0.19786616,0.19967508,0.20133926,0.20133926,0.20133926,0.20133926,0.20133926,0.20133926,0.20133926,0.20133926,0.20133926,0.20133926,0.20133926,0.20561177,0.2020572,0.20133926,0.20194925,0.20408572,0.20628546,0.20666884,0.20638224,0.20363824,0.2020572,0.20133926,0.20133926,0.20133926,0.20628546,0.20666884,0.20638224,0.20133926,0.20133926,0.20133926,0.20133926,0.2149184,0.20133926,0.20133926,0.20133926,0.2022553,0.2020572,0.21524377,0.21141975,0.21355622,0.20865309,0.20133926,0.20133926,0.20133926,0.20133926,0.21172881,0.2108858,0.19251332,0.20628546,0.20869888,0.22038051,0.21747553,0.21511574,0.21043864,0.19747028,0.21938123,0.21963927,0.22061695,0.2188676,0.20800506,0.22107694,0.20156482,0.18713376,0.21600862,0.2110348,0.22107694,0.2093971,0.20800506,0.20564526,0.20096815,0.18799978,0.20904472,0.21538332,0.21114647,0.22107694,0.20800506,0.20564526,0.20018873,0.20580903,0.20991075,0.2110348,0.21114647,0.2093971,0.20800506,0.20564526,0.20096815,0.19141373,0.20904472,0.22107694,0.21114647,0.21066278,0.20800506,0.20564526,0.20568867,0.18799978,0.20904472,0.21538332,0.21114647,0.22107694,0.20561177,0.2020572,0.1960684,0.20272867,0.18541044,0.20628546,0.20666884,0.20638224,0.20561177,0.21808553,0.1960684,0.20272867,0.18541044,0.20628546,0.20666884,0.20638224,0.20561177,0.2020572,0.1960684,0.20194925,0.20408572,0.20628546,0.20666884,0.20638224,0.20915292,0.21454437,0.1960684,0.20272867,0.18541044,0.20628546,0.20666884,0.20638224,0.22107694,0.20262036,0.19684783,0.18327399,0.20408572,0.20628546,0.20666884,0.20638224,0.20561177,0.2020572,0.1960684,0.20194925,0.20408572,0.20628546,0.20666884,0.20638224,0.20133926,0.19894555,0.19477795,0.19786616,0.19967508,0.20133926,0.20133926,0.20133926,0.20127708,0.19944061,0.19434509,0.19786616,0.19967508,0.20133926,0.20133926,0.20133926,0.2009927,0.19894555,0.20133926,0.19786616,0.19967508,0.20133926,0.20133926,0.20133926
Electricity|Thermal|Biogas,0.0,0.0,0.0,0.0,0.0,0.0,0.0,0.0,0.0,0.0,0.0,0.0,0.0,0.0,0.0,0.0,0.0,0.0,0.0,0.0,0.0,0.0,0.0,0.0,0.0,0.0,0.0,0.0,0.0,0.0,0.0,0.0,0.0,0.0,0.0,0.0,0.0,0.0,0.0,0.0,0.0,0.0,0.0,0.0,0.0,0.0,0.0,0.0,0.0,0.0,0.0,0.0,0.0,0.0,0.0,0.0,0.0,0.0,0.0,0.0,0.0,0.0,0.0,0.0,0.0,0.0,0.0,0.0,0.0,0.0,0.0,0.0,0.0,0.0,0.0,0.0,0.0,0.0,0.0,0.0,0.0,0.0,0.0,0.0,0.0,0.0,0.0,0.0,0.0,0.0,0.0,0.0,0.0,0.0,0.0,0.0,0.0,0.0,0.0,0.0,0.0,0.0,0.0,0.0,0.0,0.0,0.0,0.0,0.0,0.0,0.0,0.0,0.0,0.0,0.0,0.0,0.0,0.0,0.0,0.0,0.0,0.0,0.0,0.0,0.0,0.0,0.0,0.0,0.0,0.0,0.0,0.0,0.0,0.0,0.0,0.0,0.0,0.0,0.0,0.0,0.0,0.0,0.0,0.0,0.0,0.0,0.0,0.0,0.0,0.0,0.0,0.0,0.0,0.0,0.0,0.0,0.0,0.0,0.0,0.0,0.0,0.0,0.0,0.0,0.0,0.0,0.0,0.0,0.0,0.0,0.0,0.0,0.0,0.0,0.0,0.0,0.0,0.0,0.0,0.0,0.0,0.0,0.0,0.0,0.0,0.0,0.0,0.0,0.0,0.0,0.0,0.0
Electricity|Thermal|Geothermal,0.0,0.0,0.0,0.0,0.0,0.0,0.0,0.0,0.0,0.0,0.0,0.0,0.0,0.0,0.0,0.0,0.0,0.0,0.0,0.0,0.0,0.0,0.0,0.0,0.0,0.0,0.0,0.0,0.0,0.0,0.0,0.0,0.0,0.0,0.0,0.0,0.0,0.0,0.0,0.0,0.0,0.0,0.0,0.0,0.0,0.0,0.0,0.0,0.0,0.0,0.0,0.0,0.0,0.0,0.0,0.0,0.0,0.0,0.0,0.0,0.0,0.0,0.0,0.0,0.0,0.0,0.0,0.0,0.0,0.0,0.0,0.0,0.0,0.0,0.0,0.0,0.0,0.0,0.0,0.0,0.0,0.0,0.0,0.0,0.0,0.0,0.0,0.0,0.0,0.0,0.0,0.0,0.0,0.0,0.0,0.0,0.0,0.0,0.0,0.0,0.0,0.0,0.0,0.0,0.0,0.0,0.0,0.0,0.0,0.0,0.0,0.0,0.0,0.0,0.0,0.0,0.0,0.0,0.0,0.0,0.0,0.0,0.0,0.0,0.0,0.0,0.0,0.0,0.0,0.0,0.0,0.0,0.0,0.0,0.0,0.0,0.0,0.0,0.0,0.0,0.0,0.0,0.0,0.0,0.0,0.0,0.0,0.0,0.0,0.0,0.0,0.0,0.0,0.0,0.0,0.0,0.0,0.0,0.0,0.0,0.0,0.0,0.0,0.0,0.0,0.0,0.0,0.0,0.0,0.0,0.0,0.0,0.0,0.0,0.0,0.0,0.0,0.0,0.0,0.0,0.0,0.0,0.0,0.0,0.0,0.0,0.0,0.0,0.0,0.0,0.0,0.0
Electricity|Hydro|Total,2.8179522,5.2419524,5.1196585,4.545834,5.9428973,8.366898,8.576491,6.1524906,4.823358,7.2473583,4.823358,4.820217,4.9689236,2.5449233,4.5255933,2.7473621,4.6669726,7.090973,4.7167373,4.063674,5.4292717,7.8532715,5.4292717,3.668678,4.0399055,2.6286998,5.0527,2.6286998,2.265463,2.9354687,5.359469,6.7122364,6.3046136,3.8806138,2.5272279,2.5272279,4.951228,7.375228,5.1784334,3.2621706,2.5272279,2.5272279,2.5272279,2.5272279,2.5272279,2.5272279,4.5872927,4.3888645,2.8182023,2.8182023,4.7472706,2.8182023,2.8182023,2.8182023,4.5081472,4.3433704,2.8182023,4.1042476,2.8182023,2.8182023,2.8182023,3.2523203,3.9884393,2.8182023,3.9367154,3.9367154,3.9367154,3.9367154,3.9367154,5.1190224,5.9019375,3.9367154,3.9367154,3.9367154,3.9367154,3.9367154,3.9367154,3.9367154,3.9367154,3.9367154,3.6361868,3.767671,3.6361868,3.6361868,3.6361868,4.9563475,6.010206,4.9116526,4.362834,3.6361868,3.6361868,3.6361868,3.6361868,3.6361868,4.3404303,5.364682,5.4595942,4.214082,5.3990536,2.9750538,2.9750538,5.3990536,7.823054,5.3990536,4.1215835,3.4776993,2.9750538,2.3182712,2.9750538,3.9863567,4.296628,6.7206283,3.0560555,3.0560555,3.0560555,3.0560555,3.0560555,4.1800795,4.2673054,6.476896,5.5415635,4.256548,5.480056,3.0560555,2.654183,3.0560555,5.232121,4.6506023,4.4336853,2.5870087,5.0110087,2.5870087,2.4624937,2.5792453,3.2416167,3.2884026,5.997943,3.573943,2.5792453,2.5792453,2.5792453,3.1084502,3.309905,2.5792453,5.2912893,2.8672895,5.0841665,2.6601665,2.6601665,2.6601665,4.6506157,6.085655,3.210011,5.6340113,3.210011,2.6601665,5.0841665,3.7629814,4.641904,5.658796,3.5813515,2.554611,4.978611,2.554611,2.554611,4.978611,4.285084,2.704362,5.394726,7.8187256,5.394726,7.8187256,5.395667,7.819667,5.395667,4.057935,5.3310156,7.755016,5.3310156,2.9070158,5.0537863,7.4777865,5.0537863,2.6297865,4.563011,6.9870114,4.563011,6.9870114,9.411012,7.5496716,5.1256714,3.2583737
Electricity|Hydro|Dams,1.0810289,3.505029,3.382735,2.8089108,4.205974,6.6299744,6.8395677,4.4155674,3.0864348,5.510435,3.0864348,3.083294,3.232,0.808,2.7886698,1.0104387,3.2095096,5.6335096,3.2592742,2.6062107,3.9718084,6.3958087,3.9718084,2.211215,2.5824428,1.1712369,3.595237,1.1712369,0.808,1.4780058,3.902006,5.254773,4.585386,2.1613858,0.808,0.808,3.232,5.656,3.4592056,1.5429426,0.808,0.808,0.808,0.808,0.808,0.808,2.8680646,2.6696365,0.808,0.808,2.7370682,0.808,0.808,0.808,2.497945,2.3331683,0.808,2.0940454,0.808,0.808,0.808,1.242118,1.9782372,0.808,0.808,0.808,0.808,0.808,0.808,1.9903069,2.7732224,0.808,0.808,0.808,0.808,0.808,0.808,0.808,0.808,0.808,0.808,0.9394843,0.808,0.808,0.808,2.1281607,3.1820197,2.0834656,1.5346471,0.808,0.808,0.808,0.808,0.808,1.5122437,2.5364957,3.2925406,2.0470278,3.232,0.808,0.808,3.232,5.656,3.232,1.9545296,1.3106456,0.808,0.808,0.808,1.8193032,2.1295745,4.5535746,0.808,0.808,0.808,0.808,0.808,1.9320238,2.0192502,4.2288404,3.293508,2.0084925,3.232,0.808,0.808,0.808,2.9840655,2.402547,2.6624403,0.81576353,3.2397635,0.81576353,0.808,0.808,1.4703716,1.5171574,4.2266974,1.8026977,0.808,0.808,0.808,1.3372049,1.5386597,0.808,3.4391232,1.0151231,3.232,0.808,0.808,0.808,2.7984495,4.233489,1.3578446,3.7818446,1.3578446,0.808,3.232,1.9108151,2.7897375,3.8066294,1.8347406,0.808,3.232,0.808,0.808,3.232,2.538473,0.957751,3.6481147,6.0721145,3.6481147,6.0721145,3.649056,6.0730557,3.649056,2.3113244,3.5092294,5.9332294,3.5092294,1.0852293,3.232,5.656,3.232,0.808,2.741225,5.165225,2.741225,5.165225,7.5892253,5.7278852,3.303885,1.4365875
Electricity|Hydro|RoR,1.7369233,1.7369233,1.7369233,1.7369233,1.7369233,1.7369233,1.7369233,1.7369233,1.7369233,1.7369233,1.7369233,1.7369233,1.7369233,1.7369233,1.7369233,1.7369233,1.457463,1.457463,1.457463,1.457463,1.457463,1.457463,1.457463,1.457463,1.457463,1.457463,1.457463,1.457463,1.457463,1.457463,1.457463,1.457463,1.7192279,1.7192279,1.7192279,1.7192279,1.7192279,1.7192279,1.7192279,1.7192279,1.7192279,1.7192279,1.7192279,1.7192279,1.7192279,1.7192279,1.7192279,1.7192279,2.0102022,2.0102022,2.0102022,2.0102022,2.0102022,2.0102022,2.0102022,2.0102022,2.0102022,2.0102022,2.0102022,2.0102022,2.0102022,2.0102022,2.0102022,2.0102022,3.1287153,3.1287153,3.1287153,3.1287153,3.1287153,3.1287153,3.1287153,3.1287153,3.1287153,3.1287153,3.1287153,3.1287153,3.1287153,3.1287153,3.1287153,3.1287153,2.8281868,2.8281868,2.8281868,2.8281868,2.8281868,2.8281868,2.8281868,2.8281868,2.8281868,2.8281868,2.8281868,2.8281868,2.8281868,2.8281868,2.8281868,2.8281868,2.1670537,2.1670537,2.1670537,2.1670537,2.1670537,2.1670537,2.1670537,2.1670537,2.1670537,2.1670537,2.1670537,1.5102712,2.1670537,2.1670537,2.1670537,2.1670537,2.2480555,2.2480555,2.2480555,2.2480555,2.2480555,2.2480555,2.2480555,2.2480555,2.2480555,2.2480555,2.2480555,2.2480555,1.8461828,2.2480555,2.2480555,2.2480555,1.7712452,1.7712452,1.7712452,1.7712452,1.6544937,1.7712452,1.7712452,1.7712452,1.7712452,1.7712452,1.7712452,1.7712452,1.7712452,1.7712452,1.7712452,1.7712452,1.8521664,1.8521664,1.8521664,1.8521664,1.8521664,1.8521664,1.8521664,1.8521664,1.8521664,1.8521664,1.8521664,1.8521664,1.8521664,1.8521664,1.8521664,1.8521664,1.7466109,1.7466109,1.7466109,1.7466109,1.7466109,1.7466109,1.7466109,1.7466109,1.7466109,1.7466109,1.7466109,1.7466109,1.7466109,1.7466109,1.7466109,1.7466109,1.8217864,1.8217864,1.8217864,1.8217864,1.8217864,1.8217864,1.8217864,1.8217864,1.8217864,1.8217864,1.8217864,1.8217864,1.8217864,1.8217864,1.8217864,1.8217864
Electricity|Nuclear,0.0,0.0,0.0,0.0,0.0,0.0,0.0,0.0,0.0,0.0,0.0,0.0,0.0,0.0,0.0,0.0,0.0,0.0,0.0,0.0,0.0,0.0,0.0,0.0,0.0,0.0,0.0,0.0,0.0,0.0,0.0,0.0,0.0,0.0,0.0,0.0,0.0,0.0,0.0,0.0,0.0,0.0,0.0,0.0,0.0,0.0,0.0,0.0,0.0,0.0,0.0,0.0,0.0,0.0,0.0,0.0,0.0,0.0,0.0,0.0,0.0,0.0,0.0,0.0,0.0,0.0,0.0,0.0,0.0,0.0,0.0,0.0,0.0,0.0,0.0,0.0,0.0,0.0,0.0,0.0,0.0,0.0,0.0,0.0,0.0,0.0,0.0,0.0,0.0,0.0,0.0,0.0,0.0,0.0,0.0,0.0,0.0,0.0,0.0,0.0,0.0,0.0,0.0,0.0,0.0,0.0,0.0,0.0,0.0,0.0,0.0,0.0,0.0,0.0,0.0,0.0,0.0,0.0,0.0,0.0,0.0,0.0,0.0,0.0,0.0,0.0,0.0,0.0,0.0,0.0,0.0,0.0,0.0,0.0,0.0,0.0,0.0,0.0,0.0,0.0,0.0,0.0,0.0,0.0,0.0,0.0,0.0,0.0,0.0,0.0,0.0,0.0,0.0,0.0,0.0,0.0,0.0,0.0,0.0,0.0,0.0,0.0,0.0,0.0,0.0,0.0,0.0,0.0,0.0,0.0,0.0,0.0,0.0,0.0,0.0,0.0,0.0,0.0,0.0,0.0,0.0,0.0,0.0,0.0,0.0,0.0,0.0,0.0,0.0,0.0,0.0,0.0
Electricity|Solar,0.0,0.0,0.12858628,1.4318107,2.6254575,0.30161014,0.0,0.0,0.0,0.0,0.051251054,1.6777118,5.13788,3.6731749,0.0,0.0,0.0,0.0,0.063602485,1.7144371,4.4768867,0.97037697,0.0,0.0,0.0,0.0,0.8750426,6.1326833,8.373734,2.4648037,0.0,0.0,0.0,0.0,3.1440792,4.229973,3.1952622,2.5890777,0.000476,0.0,0.0,0.0,3.248725,9.869978,8.505768,5.647383,0.04123784,0.0,0.0,0.0,1.1154176,5.7886176,9.7574415,5.973403,0.1208356,0.0,0.0,0.19126953,5.172001,12.256562,12.005318,1.4901016,0.09113475,0.0,0.0,0.14662516,2.9208097,10.291752,11.3248005,0.5342383,0.0805952,0.0,0.0,0.17255872,3.5626237,11.319844,11.297933,8.604065,0.99540794,0.0,0.0,0.21769796,5.806634,11.608967,7.2511625,0.78329337,0.1841916,0.0,0.0,0.5621193,7.5938888,11.629843,11.608798,3.6002417,0.5526562,0.0,0.0,0.13115357,2.3987322,8.647479,8.15711,3.6466274,0.743987,0.0,0.0,0.469277,6.710052,12.9443445,12.269931,3.3266017,0.47848982,0.0,0.0,0.32378232,5.900874,12.209974,12.188929,1.9110968,0.3464537,0.0,0.0,0.010081475,3.2521434,9.166568,12.614436,6.078563,0.32486674,0.0,0.0,0.0,2.841218,8.874033,12.806125,5.214125,0.16887295,0.0,0.0,0.0,1.7298204,9.067836,8.76863,0.41218334,0.00856572,0.0,0.0,0.0,0.119106665,3.5981927,10.259055,2.246212,0.0,0.0,0.0,0.0,0.9083227,8.453141,3.3948925,0.34642968,0.0,0.0,0.0,0.0,1.829842,8.717109,6.0625334,1.9704062,0.0,0.0,0.0,0.0,0.32155642,3.158694,1.2232767,0.068931065,0.0,0.0,0.0,0.0,0.44746792,3.0687675,2.5145512,0.21896546,0.0,0.0,0.0,0.0,0.15439996,1.9618036,0.90921295,0.35331178,0.0,0.0
Electricity|Wind,0.98492485,0.83267194,0.80148643,0.7316878,0.86621505,0.57281137,0.6981052,0.651465,0.16760516,0.3918883,0.3518479,0.5621901,0.9306677,1.1330066,1.1616293,1.1369413,0.64909947,0.47286803,0.3762916,0.31749257,0.23346922,0.10130747,0.080932416,0.08500901,0.8307322,0.8189361,0.6966228,0.3704172,0.29564306,0.36056086,0.2848405,0.273896,1.1519071,0.9106237,0.58086205,0.40282488,0.18892643,0.14603949,0.111542284,0.17977972,0.3847365,0.6060706,0.27384868,0.15268663,0.19276646,0.19689034,0.120271064,0.25607574,0.61872613,0.5977361,0.17371611,0.3454925,0.47116485,0.49228892,0.38112515,0.30340984,0.43865466,0.4986443,0.29929385,0.0,0.009036277,0.7840052,1.0453876,1.155755,0.8591658,0.63932985,0.62952864,0.0,0.0,0.33066857,0.15718111,0.14447825,0.0,0.0,0.0,0.0,0.0,0.0,0.82031363,0.0,0.580247,0.64138,0.66194427,0.021741673,0.36127052,0.41477078,0.44216356,0.35160342,0.21172217,0.11296949,0.13727918,0.0,0.0,0.4055768,0.563712,0.50565416,0.47898683,0.35791147,0.58095664,0.7653412,0.43126634,0.23906761,0.29706237,0.6118977,0.39363086,0.32653677,0.20726712,0.0,0.0,0.9115227,0.98326105,0.72790295,0.94065803,0.83096874,0.4675062,0.0,0.0,0.18220046,0.09354066,0.16959222,0.6223769,0.42268738,0.07657198,0.06619522,0.0,0.12670529,0.20210238,0.44192696,0.6603357,0.62592524,0.20769292,0.14594486,0.0,0.15841118,0.15381418,0.08667275,0.18016611,0.29057294,0.29649463,0.48377305,0.62398547,1.1900551,1.4650472,1.5277807,0.8241876,0.6313265,0.4433463,0.27365944,0.24517857,0.24522588,0.22682998,0.22220144,0.6674401,0.49054632,0.30468723,0.054580502,0.14415497,0.2972516,0.32184514,0.32019714,0.25199914,0.4719218,0.90508056,1.1726211,0.9846882,0.8396897,0.92104787,0.6883751,0.15926278,0.25527146,0.23162411,0.050519682,0.06117242,0.054588377,0.13794152,0.2503433,0.12647662,0.36108917,0.43945894,0.39378068,0.91815406,1.5515702,1.6112206,1.4381274,0.47827718,0.6845429,0.6297653,0.25076908,0.21499446,0.26669693,0.61919135,0.722407
Electricity|Imports,0.000244,0.000244,0.000244,0.000244,0.000244,0.000244,0.000244,0.000244,0.000244,0.000244,0.000244,0.000244,0.000244,0.000244,0.000244,0.000244,0.000244,0.000244,0.000244,0.000244,0.000244,0.000244,0.000244,0.000244,0.000244,0.000244,0.000244,0.000244,0.000244,0.000244,0.000244,0.000244,0.000244,0.000244,0.000244,0.000244,0.000244,0.000244,0.000244,0.000244,0.000244,0.000244,0.000244,0.0,0.0,0.000244,0.000244,0.000244,0.0,0.0,0.0,0.0,0.0,0.0,0.0,0.0,0.0,0.0,0.0,0.0,0.0,0.0,0.0,0.0,0.0,0.0,0.0,0.0,0.0,0.0,0.0,0.0,0.0,0.0,0.0,0.0,0.0,0.0,0.0,0.0,0.0,0.0,0.0,0.0,0.0,0.0,0.0,0.0,0.0,0.0,0.0,0.0,0.0,0.0,0.0,0.0,0.0,0.0,0.0,0.0,0.0,0.0,0.0,0.0,0.0,0.0,0.0,0.0,0.0,0.0,0.0,0.0,0.0,0.0,0.0,0.0,0.0,0.0,0.0,0.0,0.0,0.0,0.0,0.0,0.0,0.0,0.0,0.0,0.0,0.0,0.0,0.0,0.0,0.0,0.0,0.0,0.0,0.0,0.0,0.0,0.0,0.0,0.0,0.0,0.000244,0.000244,0.000244,0.000244,0.0,0.000244,0.000244,0.000244,0.000244,0.000244,0.000244,0.0,0.000244,0.000244,0.000244,0.000244,0.000244,0.000244,0.000244,0.0,0.000244,0.000244,0.000244,0.000244,0.000244,0.000244,0.000244,0.000244,0.000244,0.000244,0.000244,0.000244,0.000244,0.000244,0.000244,0.000244,0.000244,0.000244,0.000244,0.000244,0.000244,0.000244,0.000244,0.000244,0.000244,0.000244,0.000244,0.000244
CO2|Total,20.0,,,,,,,,,,,,,,,,,,,,,,,,,,,,,,,,,,,,,,,,,,,,,,,,,,,,,,,,,,,,,,,,,,,,,,,,,,,,,,,,,,,,,,,,,,,,,,,,,,,,,,,,,,,,,,,,,,,,,,,,,,,,,,,,,,,,,,,,,,,,,,,,,,,,,,,,,,,,,,,,,,,,,,,,,,,,,,,,,,,,,,,,,,,,,,,
Costs|System cost,22860.74436,,,,,,,,,,,,,,,,,,,,,,,,,,,,,,,,,,,,,,,,,,,,,,,,,,,,,,,,,,,,,,,,,,,,,,,,,,,,,,,,,,,,,,,,,,,,,,,,,,,,,,,,,,,,,,,,,,,,,,,,,,,,,,,,,,,,,,,,,,,,,,,,,,,,,,,,,,,,,,,,,,,,,,,,,,,,,,,,,,,,,,,,,,,,,,,
